task_id,job_id,app_name,node_name,ucb_reward,ucb_arm,user_id,task_type,offloaded,edge_id,arrival_time,finish_time,inter_arrival_ms,latency_ms,waiting_ms,proc_ms,tx_delay_ms,transit_ms,channel_rate_mbps,cycles_total,split_ratio,cycles_local,cycles_edge,local_ratio,edge_ratio,finish_time_edge
50000001,,,,0,,5,Light,0,-1,0.002,0.302,,300.0,0.0,300.0,0.0,0.0,,300000000.0,0.0,300000000.0,0.0,1.0,0.0,
1,,,,0,,0,Light,0,-1,0.005,0.305,,300.0,0.0,300.0,0.0,0.0,,300000000.0,0.0,300000000.0,0.0,1.0,0.0,
20000001,,,,0,,2,Light,0,-1,0.014,0.314,,300.0,0.0,300.0,0.0,0.0,,300000000.0,0.0,300000000.0,0.0,1.0,0.0,
10000001,,,,0,,1,Light,0,-1,0.017,0.317,,300.0,0.0,300.0,0.0,0.0,,300000000.0,0.0,300000000.0,0.0,1.0,0.0,
40000001,,,,0,,4,Light,0,-1,0.037,0.337,,300.0,0.0,300.0,0.0,0.0,,300000000.0,0.0,300000000.0,0.0,1.0,0.0,
30000001,,,,0,,3,Light,0,-1,0.045,0.345,,300.0,0.0,300.0,0.0,0.0,,300000000.0,0.0,300000000.0,0.0,1.0,0.0,
50000002,,,,0,,5,Light,0,-1,0.011,0.602,9.0,591.0,291.0,300.0,0.0,0.0,,300000000.0,0.0,300000000.0,0.0,1.0,0.0,
2,,,,0,,0,Light,0,-1,0.008,0.605,3.0,597.0,297.0,300.0,0.0,0.0,,300000000.0,0.0,300000000.0,0.0,1.0,0.0,
20000002,,,,0,,2,Light,0,-1,0.099,0.614,85.0,515.0,215.0,300.0,0.0,0.0,,300000000.0,0.0,300000000.0,0.0,1.0,0.0,
10000002,,,,0,,1,Light,0,-1,0.019,0.617,2.0,598.0,298.0,300.0,0.0,0.0,,300000000.0,0.0,300000000.0,0.0,1.0,0.0,
40000002,,,,0,,4,Light,0,-1,0.042,0.637,5.0,595.0,295.0,300.0,0.0,0.0,,300000000.0,0.0,300000000.0,0.0,1.0,0.0,
30000002,,,,0,,3,Light,0,-1,0.088,0.645,43.0,557.0,257.0,300.0,0.0,0.0,,300000000.0,0.0,300000000.0,0.0,1.0,0.0,
50000003,,,,0,,5,Light,0,-1,0.025,0.902,14.0,877.0,577.0,300.0,0.0,0.0,,300000000.0,0.0,300000000.0,0.0,1.0,0.0,
3,,,,0,,0,Light,0,-1,0.028,0.905,20.0,877.0,577.0,300.0,0.0,0.0,,300000000.0,0.0,300000000.0,0.0,1.0,0.0,
20000003,,,,0,,2,Light,0,-1,0.114,0.914,15.0,800.0,500.0,300.0,0.0,0.0,,300000000.0,0.0,300000000.0,0.0,1.0,0.0,
10000003,,,,0,,1,Light,0,-1,0.022,0.917,3.0,895.0,595.0,300.0,0.0,0.0,,300000000.0,0.0,300000000.0,0.0,1.0,0.0,
40000003,,,,0,,4,Light,0,-1,0.062,0.937,20.0,875.0,575.0,300.0,0.0,0.0,,300000000.0,0.0,300000000.0,0.0,1.0,0.0,
30000003,,,,0,,3,Light,0,-1,0.094,0.945,6.0,851.0,551.0,300.0,0.0,0.0,,300000000.0,0.0,300000000.0,0.0,1.0,0.0,
50000004,,,,0,,5,Light,0,-1,0.031,1.202,6.0,1171.0,871.0,300.0,0.0,0.0,,300000000.0,0.0,300000000.0,0.0,1.0,0.0,
4,,,,0,,0,Light,0,-1,0.039,1.205,11.0,1166.0,866.0,300.0,0.0,0.0,,300000000.0,0.0,300000000.0,0.0,1.0,0.0,
20000004,,,,0,,2,Light,0,-1,0.117,1.214,3.0,1097.0,797.0,300.0,0.0,0.0,,300000000.0,0.0,300000000.0,0.0,1.0,0.0,
10000004,,,,0,,1,Light,0,-1,0.057,1.217,35.0,1160.0,860.0,300.0,0.0,0.0,,300000000.0,0.0,300000000.0,0.0,1.0,0.0,
40000004,,,,0,,4,Light,0,-1,0.065,1.237,3.0,1172.0,872.0,300.0,0.0,0.0,,300000000.0,0.0,300000000.0,0.0,1.0,0.0,
30000004,,,,0,,3,Light,0,-1,0.111,1.245,17.0,1134.0,834.0,300.0,0.0,0.0,,300000000.0,0.0,300000000.0,0.0,1.0,0.0,
50000005,,,,0,,5,Light,0,-1,0.034,1.502,3.0,1468.0,1168.0,300.0,0.0,0.0,,300000000.0,0.0,300000000.0,0.0,1.0,0.0,
5,,,,0,,0,Light,0,-1,0.048,1.505,9.0,1457.0,1157.0,300.0,0.0,0.0,,300000000.0,0.0,300000000.0,0.0,1.0,0.0,
20000005,,,,0,,2,Light,0,-1,0.125,1.514,8.0,1389.0,1089.0,300.0,0.0,0.0,,300000000.0,0.0,300000000.0,0.0,1.0,0.0,
10000005,,,,0,,1,Light,0,-1,0.059,1.517,2.0,1458.0,1158.0,300.0,0.0,0.0,,300000000.0,0.0,300000000.0,0.0,1.0,0.0,
40000005,,,,0,,4,Light,0,-1,0.071,1.537,6.0,1466.0,1166.0,300.0,0.0,0.0,,300000000.0,0.0,300000000.0,0.0,1.0,0.0,
30000005,,,,0,,3,Light,0,-1,0.134,1.545,23.0,1411.0,1111.0,300.0,0.0,0.0,,300000000.0,0.0,300000000.0,0.0,1.0,0.0,
50000006,,,,0,,5,Light,0,-1,0.077,1.802,43.0,1725.0,1425.0,300.0,0.0,0.0,,300000000.0,0.0,300000000.0,0.0,1.0,0.0,
6,,,,0,,0,Light,0,-1,0.051,1.805,3.0,1754.0,1454.0,300.0,0.0,0.0,,300000000.0,0.0,300000000.0,0.0,1.0,0.0,
20000006,,,,0,,2,Light,0,-1,0.139,1.814,14.0,1675.0,1375.0,300.0,0.0,0.0,,300000000.0,0.0,300000000.0,0.0,1.0,0.0,
10000006,,,,0,,1,Light,0,-1,0.074,1.817,15.0,1743.0,1443.0,300.0,0.0,0.0,,300000000.0,0.0,300000000.0,0.0,1.0,0.0,
40000006,,,,0,,4,Light,0,-1,0.085,1.837,14.0,1752.0,1452.0,300.0,0.0,0.0,,300000000.0,0.0,300000000.0,0.0,1.0,0.0,
30000006,,,,0,,3,Light,0,-1,0.157,1.845,23.0,1688.0,1388.0,300.0,0.0,0.0,,300000000.0,0.0,300000000.0,0.0,1.0,0.0,
50000007,,,,0,,5,Light,0,-1,0.079,2.102,2.0,2023.0,1723.0,300.0,0.0,0.0,,300000000.0,0.0,300000000.0,0.0,1.0,0.0,
7,,,,0,,0,Light,0,-1,0.054,2.105,3.0,2051.0,1751.0,300.0,0.0,0.0,,300000000.0,0.0,300000000.0,0.0,1.0,0.0,
20000007,,,,0,,2,Light,0,-1,0.142,2.114,3.0,1972.0,1672.0,300.0,0.0,0.0,,300000000.0,0.0,300000000.0,0.0,1.0,0.0,
10000007,,,,0,,1,Light,0,-1,0.091,2.117,17.0,2026.0,1726.0,300.0,0.0,0.0,,300000000.0,0.0,300000000.0,0.0,1.0,0.0,
40000007,,,,0,,4,Light,0,-1,0.097,2.137,12.0,2040.0,1740.0,300.0,0.0,0.0,,300000000.0,0.0,300000000.0,0.0,1.0,0.0,
30000007,,,,0,,3,Light,0,-1,0.165,2.145,8.0,1980.0,1680.0,300.0,0.0,0.0,,300000000.0,0.0,300000000.0,0.0,1.0,0.0,
50000008,,,,0,,5,Light,0,-1,0.082,2.402,3.0,2320.0,2020.0,300.0,0.0,0.0,,300000000.0,0.0,300000000.0,0.0,1.0,0.0,
8,,,,0,,0,Light,0,-1,0.068,2.405,14.0,2337.0,2037.0,300.0,0.0,0.0,,300000000.0,0.0,300000000.0,0.0,1.0,0.0,
20000008,,,,0,,2,Light,0,-1,0.148,2.414,6.0,2266.0,1966.0,300.0,0.0,0.0,,300000000.0,0.0,300000000.0,0.0,1.0,0.0,
10000008,,,,0,,1,Light,0,-1,0.105,2.417,14.0,2312.0,2012.0,300.0,0.0,0.0,,300000000.0,0.0,300000000.0,0.0,1.0,0.0,
40000008,,,,0,,4,Light,0,-1,0.145,2.437,48.0,2292.0,1992.0,300.0,0.0,0.0,,300000000.0,0.0,300000000.0,0.0,1.0,0.0,
30000008,,,,0,,3,Light,0,-1,0.217,2.445,52.0,2228.0,1928.0,300.0,0.0,0.0,,300000000.0,0.0,300000000.0,0.0,1.0,0.0,
50000009,,,,0,,5,Light,0,-1,0.108,2.702,26.0,2594.0,2294.0,300.0,0.0,0.0,,300000000.0,0.0,300000000.0,0.0,1.0,0.0,
9,,,,0,,0,Light,0,-1,0.102,2.705,34.0,2603.0,2303.0,300.0,0.0,0.0,,300000000.0,0.0,300000000.0,0.0,1.0,0.0,
20000009,,,,0,,2,Light,0,-1,0.174,2.714,26.0,2540.0,2240.0,300.0,0.0,0.0,,300000000.0,0.0,300000000.0,0.0,1.0,0.0,
10000009,,,,0,,1,Light,0,-1,0.119,2.717,14.0,2598.0,2298.0,300.0,0.0,0.0,,300000000.0,0.0,300000000.0,0.0,1.0,0.0,
40000009,,,,0,,4,Light,0,-1,0.159,2.737,14.0,2578.0,2278.0,300.0,0.0,0.0,,300000000.0,0.0,300000000.0,0.0,1.0,0.0,
30000009,,,,0,,3,Light,0,-1,0.222,2.745,5.0,2523.0,2223.0,300.0,0.0,0.0,,300000000.0,0.0,300000000.0,0.0,1.0,0.0,
50000010,,,,0,,5,Light,0,-1,0.154,3.002,46.0,2848.0,2548.0,300.0,0.0,0.0,,300000000.0,0.0,300000000.0,0.0,1.0,0.0,
10,,,,0,,0,Light,0,-1,0.128,3.005,26.0,2877.0,2577.0,300.0,0.0,0.0,,300000000.0,0.0,300000000.0,0.0,1.0,0.0,
20000010,,,,0,,2,Light,0,-1,0.182,3.014,8.0,2832.0,2532.0,300.0,0.0,0.0,,300000000.0,0.0,300000000.0,0.0,1.0,0.0,
10000010,,,,0,,1,Light,0,-1,0.122,3.017,3.0,2895.0,2595.0,300.0,0.0,0.0,,300000000.0,0.0,300000000.0,0.0,1.0,0.0,
40000010,,,,0,,4,Light,0,-1,0.171,3.037,12.0,2866.0,2566.0,300.0,0.0,0.0,,300000000.0,0.0,300000000.0,0.0,1.0,0.0,
30000010,,,,0,,3,Light,0,-1,0.279,3.045,57.0,2766.0,2466.0,300.0,0.0,0.0,,300000000.0,0.0,300000000.0,0.0,1.0,0.0,
50000011,,,,0,,5,Light,0,-1,0.177,3.302,23.0,3125.0,2825.0,300.0,0.0,0.0,,300000000.0,0.0,300000000.0,0.0,1.0,0.0,
11,,,,0,,0,Light,0,-1,0.131,3.305,3.0,3174.0,2874.0,300.0,0.0,0.0,,300000000.0,0.0,300000000.0,0.0,1.0,0.0,
20000011,,,,0,,2,Light,0,-1,0.205,3.314,23.0,3109.0,2809.0,300.0,0.0,0.0,,300000000.0,0.0,300000000.0,0.0,1.0,0.0,
10000011,,,,0,,1,Light,0,-1,0.188,3.317,66.0,3129.0,2829.0,300.0,0.0,0.0,,300000000.0,0.0,300000000.0,0.0,1.0,0.0,
40000011,,,,0,,4,Light,0,-1,0.179,3.337,8.0,3158.0,2858.0,300.0,0.0,0.0,,300000000.0,0.0,300000000.0,0.0,1.0,0.0,
30000011,,,,0,,3,Light,0,-1,0.282,3.345,3.0,3063.0,2763.0,300.0,0.0,0.0,,300000000.0,0.0,300000000.0,0.0,1.0,0.0,
50000012,,,,0,,5,Light,0,-1,0.191,3.602,14.0,3411.0,3111.0,300.0,0.0,0.0,,300000000.0,0.0,300000000.0,0.0,1.0,0.0,
12,,,,0,,0,Light,0,-1,0.137,3.605,6.0,3468.0,3168.0,300.0,0.0,0.0,,300000000.0,0.0,300000000.0,0.0,1.0,0.0,
20000012,,,,0,,2,Light,0,-1,0.219,3.614,14.0,3395.0,3095.0,300.0,0.0,0.0,,300000000.0,0.0,300000000.0,0.0,1.0,0.0,
10000012,,,,0,,1,Light,0,-1,0.202,3.617,14.0,3415.0,3115.0,300.0,0.0,0.0,,300000000.0,0.0,300000000.0,0.0,1.0,0.0,
40000012,,,,0,,4,Light,0,-1,0.185,3.637,6.0,3452.0,3152.0,300.0,0.0,0.0,,300000000.0,0.0,300000000.0,0.0,1.0,0.0,
30000012,,,,0,,3,Light,0,-1,0.317,3.645,35.0,3328.0,3028.0,300.0,0.0,0.0,,300000000.0,0.0,300000000.0,0.0,1.0,0.0,
50000013,,,,0,,5,Light,0,-1,0.199,3.902,8.0,3703.0,3403.0,300.0,0.0,0.0,,300000000.0,0.0,300000000.0,0.0,1.0,0.0,
13,,,,0,,0,Light,0,-1,0.151,3.905,14.0,3754.0,3454.0,300.0,0.0,0.0,,300000000.0,0.0,300000000.0,0.0,1.0,0.0,
20000013,,,,0,,2,Light,0,-1,0.228,3.914,9.0,3686.0,3386.0,300.0,0.0,0.0,,300000000.0,0.0,300000000.0,0.0,1.0,0.0,
10000013,,,,0,,1,Light,0,-1,0.211,3.917,9.0,3706.0,3406.0,300.0,0.0,0.0,,300000000.0,0.0,300000000.0,0.0,1.0,0.0,
40000013,,,,0,,4,Light,0,-1,0.259,3.937,74.0,3678.0,3378.0,300.0,0.0,0.0,,300000000.0,0.0,300000000.0,0.0,1.0,0.0,
30000013,,,,0,,3,Light,0,-1,0.342,3.945,25.0,3603.0,3303.0,300.0,0.0,0.0,,300000000.0,0.0,300000000.0,0.0,1.0,0.0,
50000014,,,,0,,5,Light,0,-1,0.225,4.202,26.0,3977.0,3677.0,300.0,0.0,0.0,,300000000.0,0.0,300000000.0,0.0,1.0,0.0,
14,,,,0,,0,Light,0,-1,0.162,4.205,11.0,4043.0,3743.0,300.0,0.0,0.0,,300000000.0,0.0,300000000.0,0.0,1.0,0.0,
20000014,,,,0,,2,Light,0,-1,0.234,4.214,6.0,3980.0,3680.0,300.0,0.0,0.0,,300000000.0,0.0,300000000.0,0.0,1.0,0.0,
10000014,,,,0,,1,Light,0,-1,0.231,4.217,20.0,3986.0,3686.0,300.0,0.0,0.0,,300000000.0,0.0,300000000.0,0.0,1.0,0.0,
40000014,,,,0,,4,Light,0,-1,0.268,4.237,9.0,3969.0,3669.0,300.0,0.0,0.0,,300000000.0,0.0,300000000.0,0.0,1.0,0.0,
30000014,,,,0,,3,Light,0,-1,0.345,4.245,3.0,3900.0,3600.0,300.0,0.0,0.0,,300000000.0,0.0,300000000.0,0.0,1.0,0.0,
50000015,,,,0,,5,Light,0,-1,0.242,4.502,17.0,4260.0,3960.0,300.0,0.0,0.0,,300000000.0,0.0,300000000.0,0.0,1.0,0.0,
15,,,,0,,0,Light,0,-1,0.168,4.505,6.0,4337.0,4037.0,300.0,0.0,0.0,,300000000.0,0.0,300000000.0,0.0,1.0,0.0,
20000015,,,,0,,2,Light,0,-1,0.237,4.514,3.0,4277.0,3977.0,300.0,0.0,0.0,,300000000.0,0.0,300000000.0,0.0,1.0,0.0,
10000015,,,,0,,1,Light,0,-1,0.239,4.517,8.0,4278.0,3978.0,300.0,0.0,0.0,,300000000.0,0.0,300000000.0,0.0,1.0,0.0,
40000015,,,,0,,4,Light,0,-1,0.294,4.537,26.0,4243.0,3943.0,300.0,0.0,0.0,,300000000.0,0.0,300000000.0,0.0,1.0,0.0,
30000015,,,,0,,3,Light,0,-1,0.351,4.545,6.0,4194.0,3894.0,300.0,0.0,0.0,,300000000.0,0.0,300000000.0,0.0,1.0,0.0,
50000016,,,,0,,5,Light,0,-1,0.248,4.802,6.0,4554.0,4254.0,300.0,0.0,0.0,,300000000.0,0.0,300000000.0,0.0,1.0,0.0,
16,,,,0,,0,Light,0,-1,0.194,4.805,26.0,4611.0,4311.0,300.0,0.0,0.0,,300000000.0,0.0,300000000.0,0.0,1.0,0.0,
20000016,,,,0,,2,Light,0,-1,0.245,4.814,8.0,4569.0,4269.0,300.0,0.0,0.0,,300000000.0,0.0,300000000.0,0.0,1.0,0.0,
10000016,,,,0,,1,Light,0,-1,0.265,4.817,26.0,4552.0,4252.0,300.0,0.0,0.0,,300000000.0,0.0,300000000.0,0.0,1.0,0.0,
40000016,,,,0,,4,Light,0,-1,0.328,4.837,34.0,4509.0,4209.0,300.0,0.0,0.0,,300000000.0,0.0,300000000.0,0.0,1.0,0.0,
30000016,,,,0,,3,Light,0,-1,0.382,4.845,31.0,4463.0,4163.0,300.0,0.0,0.0,,300000000.0,0.0,300000000.0,0.0,1.0,0.0,
50000017,,,,0,,5,Light,0,-1,0.251,5.102,3.0,4851.0,4551.0,300.0,0.0,0.0,,300000000.0,0.0,300000000.0,0.0,1.0,0.0,
17,,,,0,,0,Light,0,-1,0.197,5.105,3.0,4908.0,4608.0,300.0,0.0,0.0,,300000000.0,0.0,300000000.0,0.0,1.0,0.0,
20000017,,,,0,,2,Light,0,-1,0.285,5.114,40.0,4829.0,4529.0,300.0,0.0,0.0,,300000000.0,0.0,300000000.0,0.0,1.0,0.0,
10000017,,,,0,,1,Light,0,-1,0.274,5.117,9.0,4843.0,4543.0,300.0,0.0,0.0,,300000000.0,0.0,300000000.0,0.0,1.0,0.0,
40000017,,,,0,,4,Light,0,-1,0.368,5.137,40.0,4769.0,4469.0,300.0,0.0,0.0,,300000000.0,0.0,300000000.0,0.0,1.0,0.0,
30000017,,,,0,,3,Light,0,-1,0.388,5.145,6.0,4757.0,4457.0,300.0,0.0,0.0,,300000000.0,0.0,300000000.0,0.0,1.0,0.0,
50000018,,,,0,,5,Light,0,-1,0.254,5.402,3.0,5148.0,4848.0,300.0,0.0,0.0,,300000000.0,0.0,300000000.0,0.0,1.0,0.0,
18,,,,0,,0,Light,0,-1,0.208,5.405,11.0,5197.0,4897.0,300.0,0.0,0.0,,300000000.0,0.0,300000000.0,0.0,1.0,0.0,
20000018,,,,0,,2,Light,0,-1,0.302,5.414,17.0,5112.0,4812.0,300.0,0.0,0.0,,300000000.0,0.0,300000000.0,0.0,1.0,0.0,
10000018,,,,0,,1,Light,0,-1,0.277,5.417,3.0,5140.0,4840.0,300.0,0.0,0.0,,300000000.0,0.0,300000000.0,0.0,1.0,0.0,
40000018,,,,0,,4,Light,0,-1,0.371,5.437,3.0,5066.0,4766.0,300.0,0.0,0.0,,300000000.0,0.0,300000000.0,0.0,1.0,0.0,
30000018,,,,0,,3,Light,0,-1,0.402,5.445,14.0,5043.0,4743.0,300.0,0.0,0.0,,300000000.0,0.0,300000000.0,0.0,1.0,0.0,
50000019,,,,0,,5,Light,0,-1,0.262,5.702,8.0,5440.0,5140.0,300.0,0.0,0.0,,300000000.0,0.0,300000000.0,0.0,1.0,0.0,
19,,,,0,,0,Light,0,-1,0.214,5.705,6.0,5491.0,5191.0,300.0,0.0,0.0,,300000000.0,0.0,300000000.0,0.0,1.0,0.0,
20000019,,,,0,,2,Light,0,-1,0.314,5.714,12.0,5400.0,5100.0,300.0,0.0,0.0,,300000000.0,0.0,300000000.0,0.0,1.0,0.0,
10000019,,,,0,,1,Light,0,-1,0.297,5.717,20.0,5420.0,5120.0,300.0,0.0,0.0,,300000000.0,0.0,300000000.0,0.0,1.0,0.0,
40000019,,,,0,,4,Light,0,-1,0.379,5.737,8.0,5358.0,5058.0,300.0,0.0,0.0,,300000000.0,0.0,300000000.0,0.0,1.0,0.0,
30000019,,,,0,,3,Light,0,-1,0.425,5.745,23.0,5320.0,5020.0,300.0,0.0,0.0,,300000000.0,0.0,300000000.0,0.0,1.0,0.0,
50000020,,,,0,,5,Light,0,-1,0.271,6.002,9.0,5731.0,5431.0,300.0,0.0,0.0,,300000000.0,0.0,300000000.0,0.0,1.0,0.0,
20,,,,0,,0,Light,0,-1,0.257,6.005,43.0,5748.0,5448.0,300.0,0.0,0.0,,300000000.0,0.0,300000000.0,0.0,1.0,0.0,
20000020,,,,0,,2,Light,0,-1,0.319,6.014,5.0,5695.0,5395.0,300.0,0.0,0.0,,300000000.0,0.0,300000000.0,0.0,1.0,0.0,
10000020,,,,0,,1,Light,0,-1,0.308,6.017,11.0,5709.0,5409.0,300.0,0.0,0.0,,300000000.0,0.0,300000000.0,0.0,1.0,0.0,
40000020,,,,0,,4,Light,0,-1,0.385,6.037,6.0,5652.0,5352.0,300.0,0.0,0.0,,300000000.0,0.0,300000000.0,0.0,1.0,0.0,
30000020,,,,0,,3,Light,0,-1,0.434,6.045,9.0,5611.0,5311.0,300.0,0.0,0.0,,300000000.0,0.0,300000000.0,0.0,1.0,0.0,
50000021,,,,0,,5,Light,0,-1,0.288,6.302,17.0,6014.0,5714.0,300.0,0.0,0.0,,300000000.0,0.0,300000000.0,0.0,1.0,0.0,
21,,,,0,,0,Light,0,-1,0.305,6.305,48.0,6000.0,5700.0,300.0,0.0,0.0,,300000000.0,0.0,300000000.0,0.0,1.0,0.0,
20000021,,,,0,,2,Light,0,-1,0.334,6.314,15.0,5980.0,5680.0,300.0,0.0,0.0,,300000000.0,0.0,300000000.0,0.0,1.0,0.0,
10000021,,,,0,,1,Light,0,-1,0.325,6.317,17.0,5992.0,5692.0,300.0,0.0,0.0,,300000000.0,0.0,300000000.0,0.0,1.0,0.0,
40000021,,,,0,,4,Light,0,-1,0.399,6.337,14.0,5938.0,5638.0,300.0,0.0,0.0,,300000000.0,0.0,300000000.0,0.0,1.0,0.0,
30000021,,,,0,,3,Light,0,-1,0.437,6.345,3.0,5908.0,5608.0,300.0,0.0,0.0,,300000000.0,0.0,300000000.0,0.0,1.0,0.0,
50000022,,,,0,,5,Light,0,-1,0.291,6.602,3.0,6311.0,6011.0,300.0,0.0,0.0,,300000000.0,0.0,300000000.0,0.0,1.0,0.0,
22,,,,0,,0,Light,0,-1,0.311,6.605,6.0,6294.0,5994.0,300.0,0.0,0.0,,300000000.0,0.0,300000000.0,0.0,1.0,0.0,
20000022,,,,0,,2,Light,0,-1,0.357,6.614,23.0,6257.0,5957.0,300.0,0.0,0.0,,300000000.0,0.0,300000000.0,0.0,1.0,0.0,
10000022,,,,0,,1,Light,0,-1,0.337,6.617,12.0,6280.0,5980.0,300.0,0.0,0.0,,300000000.0,0.0,300000000.0,0.0,1.0,0.0,
40000022,,,,0,,4,Light,0,-1,0.428,6.637,29.0,6209.0,5909.0,300.0,0.0,0.0,,300000000.0,0.0,300000000.0,0.0,1.0,0.0,
30000022,,,,0,,3,Light,0,-1,0.442,6.645,5.0,6203.0,5903.0,300.0,0.0,0.0,,300000000.0,0.0,300000000.0,0.0,1.0,0.0,
50000023,,,,0,,5,Light,0,-1,0.299,6.902,8.0,6603.0,6303.0,300.0,0.0,0.0,,300000000.0,0.0,300000000.0,0.0,1.0,0.0,
23,,,,0,,0,Light,0,-1,0.322,6.905,11.0,6583.0,6283.0,300.0,0.0,0.0,,300000000.0,0.0,300000000.0,0.0,1.0,0.0,
20000023,,,,0,,2,Light,0,-1,0.374,6.914,17.0,6540.0,6240.0,300.0,0.0,0.0,,300000000.0,0.0,300000000.0,0.0,1.0,0.0,
10000023,,,,0,,1,Light,0,-1,0.354,6.917,17.0,6563.0,6263.0,300.0,0.0,0.0,,300000000.0,0.0,300000000.0,0.0,1.0,0.0,
40000023,,,,0,,4,Light,0,-1,0.439,6.937,11.0,6498.0,6198.0,300.0,0.0,0.0,,300000000.0,0.0,300000000.0,0.0,1.0,0.0,
30000023,,,,0,,3,Light,0,-1,0.485,6.945,43.0,6460.0,6160.0,300.0,0.0,0.0,,300000000.0,0.0,300000000.0,0.0,1.0,0.0,
50000024,,,,0,,5,Light,0,-1,0.331,7.202,32.0,6871.0,6571.0,300.0,0.0,0.0,,300000000.0,0.0,300000000.0,0.0,1.0,0.0,
24,,,,0,,0,Light,0,-1,0.405,7.205,83.0,6800.0,6500.0,300.0,0.0,0.0,,300000000.0,0.0,300000000.0,0.0,1.0,0.0,
20000024,,,,0,,2,Light,0,-1,0.391,7.214,17.0,6823.0,6523.0,300.0,0.0,0.0,,300000000.0,0.0,300000000.0,0.0,1.0,0.0,
10000024,,,,0,,1,Light,0,-1,0.359,7.217,5.0,6858.0,6558.0,300.0,0.0,0.0,,300000000.0,0.0,300000000.0,0.0,1.0,0.0,
40000024,,,,0,,4,Light,0,-1,0.445,7.237,6.0,6792.0,6492.0,300.0,0.0,0.0,,300000000.0,0.0,300000000.0,0.0,1.0,0.0,
30000024,,,,0,,3,Light,0,-1,0.491,7.245,6.0,6754.0,6454.0,300.0,0.0,0.0,,300000000.0,0.0,300000000.0,0.0,1.0,0.0,
50000025,,,,0,,5,Light,0,-1,0.339,7.502,8.0,7163.0,6863.0,300.0,0.0,0.0,,300000000.0,0.0,300000000.0,0.0,1.0,0.0,
25,,,,0,,0,Light,0,-1,0.408,7.505,3.0,7097.0,6797.0,300.0,0.0,0.0,,300000000.0,0.0,300000000.0,0.0,1.0,0.0,
20000025,,,,0,,2,Light,0,-1,0.448,7.514,57.0,7066.0,6766.0,300.0,0.0,0.0,,300000000.0,0.0,300000000.0,0.0,1.0,0.0,
10000025,,,,0,,1,Light,0,-1,0.362,7.517,3.0,7155.0,6855.0,300.0,0.0,0.0,,300000000.0,0.0,300000000.0,0.0,1.0,0.0,
40000025,,,,0,,4,Light,0,-1,0.451,7.537,6.0,7086.0,6786.0,300.0,0.0,0.0,,300000000.0,0.0,300000000.0,0.0,1.0,0.0,
30000025,,,,0,,3,Light,0,-1,0.557,7.545,66.0,6988.0,6688.0,300.0,0.0,0.0,,300000000.0,0.0,300000000.0,0.0,1.0,0.0,
50000026,,,,0,,5,Light,0,-1,0.348,7.802,9.0,7454.0,7154.0,300.0,0.0,0.0,,300000000.0,0.0,300000000.0,0.0,1.0,0.0,
26,,,,0,,0,Light,0,-1,0.411,7.805,3.0,7394.0,7094.0,300.0,0.0,0.0,,300000000.0,0.0,300000000.0,0.0,1.0,0.0,
20000026,,,,0,,2,Light,0,-1,0.471,7.814,23.0,7343.0,7043.0,300.0,0.0,0.0,,300000000.0,0.0,300000000.0,0.0,1.0,0.0,
10000026,,,,0,,1,Light,0,-1,0.394,7.817,32.0,7423.0,7123.0,300.0,0.0,0.0,,300000000.0,0.0,300000000.0,0.0,1.0,0.0,
40000026,,,,0,,4,Light,0,-1,0.468,7.837,17.0,7369.0,7069.0,300.0,0.0,0.0,,300000000.0,0.0,300000000.0,0.0,1.0,0.0,
30000026,,,,0,,3,Light,0,-1,0.591,7.845,34.0,7254.0,6954.0,300.0,0.0,0.0,,300000000.0,0.0,300000000.0,0.0,1.0,0.0,
50000027,,,,0,,5,Light,0,-1,0.365,8.102,17.0,7737.0,7437.0,300.0,0.0,0.0,,300000000.0,0.0,300000000.0,0.0,1.0,0.0,
27,,,,0,,0,Light,0,-1,0.431,8.105,20.0,7674.0,7374.0,300.0,0.0,0.0,,300000000.0,0.0,300000000.0,0.0,1.0,0.0,
20000027,,,,0,,2,Light,0,-1,0.477,8.114,6.0,7637.0,7337.0,300.0,0.0,0.0,,300000000.0,0.0,300000000.0,0.0,1.0,0.0,
10000027,,,,0,,1,Light,0,-1,0.397,8.117,3.0,7720.0,7420.0,300.0,0.0,0.0,,300000000.0,0.0,300000000.0,0.0,1.0,0.0,
40000027,,,,0,,4,Light,0,-1,0.505,8.137,37.0,7632.0,7332.0,300.0,0.0,0.0,,300000000.0,0.0,300000000.0,0.0,1.0,0.0,
30000027,,,,0,,3,Light,0,-1,0.608,8.145,17.0,7537.0,7237.0,300.0,0.0,0.0,,300000000.0,0.0,300000000.0,0.0,1.0,0.0,
50000028,,,,0,,5,Light,0,-1,0.377,8.402,12.0,8025.0,7725.0,300.0,0.0,0.0,,300000000.0,0.0,300000000.0,0.0,1.0,0.0,
28,,,,0,,0,Light,0,-1,0.454,8.405,23.0,7951.0,7651.0,300.0,0.0,0.0,,300000000.0,0.0,300000000.0,0.0,1.0,0.0,
20000028,,,,0,,2,Light,0,-1,0.482,8.414,5.0,7932.0,7632.0,300.0,0.0,0.0,,300000000.0,0.0,300000000.0,0.0,1.0,0.0,
10000028,,,,0,,1,Light,0,-1,0.414,8.417,17.0,8003.0,7703.0,300.0,0.0,0.0,,300000000.0,0.0,300000000.0,0.0,1.0,0.0,
40000028,,,,0,,4,Light,0,-1,0.511,8.437,6.0,7926.0,7626.0,300.0,0.0,0.0,,300000000.0,0.0,300000000.0,0.0,1.0,0.0,
30000028,,,,0,,3,Light,0,-1,0.625,8.445,17.0,7820.0,7520.0,300.0,0.0,0.0,,300000000.0,0.0,300000000.0,0.0,1.0,0.0,
50000029,,,,0,,5,Light,0,-1,0.417,8.702,40.0,8285.0,7985.0,300.0,0.0,0.0,,300000000.0,0.0,300000000.0,0.0,1.0,0.0,
29,,,,0,,0,Light,0,-1,0.462,8.705,8.0,8243.0,7943.0,300.0,0.0,0.0,,300000000.0,0.0,300000000.0,0.0,1.0,0.0,
20000029,,,,0,,2,Light,0,-1,0.502,8.714,20.0,8212.0,7912.0,300.0,0.0,0.0,,300000000.0,0.0,300000000.0,0.0,1.0,0.0,
10000029,,,,0,,1,Light,0,-1,0.419,8.717,5.0,8298.0,7998.0,300.0,0.0,0.0,,300000000.0,0.0,300000000.0,0.0,1.0,0.0,
40000029,,,,0,,4,Light,0,-1,0.525,8.737,14.0,8212.0,7912.0,300.0,0.0,0.0,,300000000.0,0.0,300000000.0,0.0,1.0,0.0,
30000029,,,,0,,3,Light,0,-1,0.648,8.745,23.0,8097.0,7797.0,300.0,0.0,0.0,,300000000.0,0.0,300000000.0,0.0,1.0,0.0,
50000030,,,,0,,5,Light,0,-1,0.422,9.002,5.0,8580.0,8280.0,300.0,0.0,0.0,,300000000.0,0.0,300000000.0,0.0,1.0,0.0,
30,,,,0,,0,Light,0,-1,0.479,9.005,17.0,8526.0,8226.0,300.0,0.0,0.0,,300000000.0,0.0,300000000.0,0.0,1.0,0.0,
20000030,,,,0,,2,Light,0,-1,0.519,9.014,17.0,8495.0,8195.0,300.0,0.0,0.0,,300000000.0,0.0,300000000.0,0.0,1.0,0.0,
10000030,,,,0,,1,Light,0,-1,0.488,9.017,69.0,8529.0,8229.0,300.0,0.0,0.0,,300000000.0,0.0,300000000.0,0.0,1.0,0.0,
40000030,,,,0,,4,Light,0,-1,0.528,9.037,3.0,8509.0,8209.0,300.0,0.0,0.0,,300000000.0,0.0,300000000.0,0.0,1.0,0.0,
30000030,,,,0,,3,Light,0,-1,0.659,9.045,11.0,8386.0,8086.0,300.0,0.0,0.0,,300000000.0,0.0,300000000.0,0.0,1.0,0.0,
50000031,,,,0,,5,Light,0,-1,0.457,9.302,35.0,8845.0,8545.0,300.0,0.0,0.0,,300000000.0,0.0,300000000.0,0.0,1.0,0.0,
31,,,,0,,0,Light,0,-1,0.494,9.305,15.0,8811.0,8511.0,300.0,0.0,0.0,,300000000.0,0.0,300000000.0,0.0,1.0,0.0,
20000031,,,,0,,2,Light,0,-1,0.537,9.314,18.0,8777.0,8477.0,300.0,0.0,0.0,,300000000.0,0.0,300000000.0,0.0,1.0,0.0,
10000031,,,,0,,1,Light,0,-1,0.508,9.317,20.0,8809.0,8509.0,300.0,0.0,0.0,,300000000.0,0.0,300000000.0,0.0,1.0,0.0,
40000031,,,,0,,4,Light,0,-1,0.542,9.337,14.0,8795.0,8495.0,300.0,0.0,0.0,,300000000.0,0.0,300000000.0,0.0,1.0,0.0,
30000031,,,,0,,3,Light,0,-1,0.665,9.345,6.0,8680.0,8380.0,300.0,0.0,0.0,,300000000.0,0.0,300000000.0,0.0,1.0,0.0,
50000032,,,,0,,5,Light,0,-1,0.459,9.602,2.0,9143.0,8843.0,300.0,0.0,0.0,,300000000.0,0.0,300000000.0,0.0,1.0,0.0,
32,,,,0,,0,Light,0,-1,0.514,9.605,20.0,9091.0,8791.0,300.0,0.0,0.0,,300000000.0,0.0,300000000.0,0.0,1.0,0.0,
20000032,,,,0,,2,Light,0,-1,0.554,9.614,17.0,9060.0,8760.0,300.0,0.0,0.0,,300000000.0,0.0,300000000.0,0.0,1.0,0.0,
10000032,,,,0,,1,Light,0,-1,0.531,9.617,23.0,9086.0,8786.0,300.0,0.0,0.0,,300000000.0,0.0,300000000.0,0.0,1.0,0.0,
40000032,,,,0,,4,Light,0,-1,0.545,9.637,3.0,9092.0,8792.0,300.0,0.0,0.0,,300000000.0,0.0,300000000.0,0.0,1.0,0.0,
30000032,,,,0,,3,Light,0,-1,0.739,9.645,74.0,8906.0,8606.0,300.0,0.0,0.0,,300000000.0,0.0,300000000.0,0.0,1.0,0.0,
50000033,,,,0,,5,Light,0,-1,0.465,9.902,6.0,9437.0,9137.0,300.0,0.0,0.0,,300000000.0,0.0,300000000.0,0.0,1.0,0.0,
33,,,,0,,0,Light,0,-1,0.548,9.905,34.0,9357.0,9057.0,300.0,0.0,0.0,,300000000.0,0.0,300000000.0,0.0,1.0,0.0,
20000033,,,,0,,2,Light,0,-1,0.565,9.914,11.0,9349.0,9049.0,300.0,0.0,0.0,,300000000.0,0.0,300000000.0,0.0,1.0,0.0,
10000033,,,,0,,1,Light,0,-1,0.534,9.917,3.0,9383.0,9083.0,300.0,0.0,0.0,,300000000.0,0.0,300000000.0,0.0,1.0,0.0,
40000033,,,,0,,4,Light,0,-1,0.551,9.937,6.0,9386.0,9086.0,300.0,0.0,0.0,,300000000.0,0.0,300000000.0,0.0,1.0,0.0,
30000033,,,,0,,3,Light,0,-1,0.759,9.945,20.0,9186.0,8886.0,300.0,0.0,0.0,,300000000.0,0.0,300000000.0,0.0,1.0,0.0,
50000034,,,,0,,5,Light,0,-1,0.474,10.202,9.0,9728.0,9428.0,300.0,0.0,0.0,,300000000.0,0.0,300000000.0,0.0,1.0,0.0,
34,,,,0,,0,Light,0,-1,0.559,10.205,11.0,9646.0,9346.0,300.0,0.0,0.0,,300000000.0,0.0,300000000.0,0.0,1.0,0.0,
20000034,,,,0,,2,Light,0,-1,0.568,10.214,3.0,9646.0,9346.0,300.0,0.0,0.0,,300000000.0,0.0,300000000.0,0.0,1.0,0.0,
10000034,,,,0,,1,Light,0,-1,0.539,10.217,5.0,9678.0,9378.0,300.0,0.0,0.0,,300000000.0,0.0,300000000.0,0.0,1.0,0.0,
40000034,,,,0,,4,Light,0,-1,0.579,10.237,28.0,9658.0,9358.0,300.0,0.0,0.0,,300000000.0,0.0,300000000.0,0.0,1.0,0.0,
30000034,,,,0,,3,Light,0,-1,0.765,10.245,6.0,9480.0,9180.0,300.0,0.0,0.0,,300000000.0,0.0,300000000.0,0.0,1.0,0.0,
50000035,,,,0,,5,Light,0,-1,0.497,10.502,23.0,10005.0,9705.0,300.0,0.0,0.0,,300000000.0,0.0,300000000.0,0.0,1.0,0.0,
35,,,,0,,0,Light,0,-1,0.562,10.505,3.0,9943.0,9643.0,300.0,0.0,0.0,,300000000.0,0.0,300000000.0,0.0,1.0,0.0,
20000035,,,,0,,2,Light,0,-1,0.617,10.514,49.0,9897.0,9597.0,300.0,0.0,0.0,,300000000.0,0.0,300000000.0,0.0,1.0,0.0,
10000035,,,,0,,1,Light,0,-1,0.571,10.517,32.0,9946.0,9646.0,300.0,0.0,0.0,,300000000.0,0.0,300000000.0,0.0,1.0,0.0,
40000035,,,,0,,4,Light,0,-1,0.597,10.537,18.0,9940.0,9640.0,300.0,0.0,0.0,,300000000.0,0.0,300000000.0,0.0,1.0,0.0,
30000035,,,,0,,3,Light,0,-1,0.768,10.545,3.0,9777.0,9477.0,300.0,0.0,0.0,,300000000.0,0.0,300000000.0,0.0,1.0,0.0,
50000036,,,,0,,5,Light,0,-1,0.499,10.802,2.0,10303.0,10003.0,300.0,0.0,0.0,,300000000.0,0.0,300000000.0,0.0,1.0,0.0,
36,,,,0,,0,Light,0,-1,0.574,10.805,12.0,10231.0,9931.0,300.0,0.0,0.0,,300000000.0,0.0,300000000.0,0.0,1.0,0.0,
20000036,,,,0,,2,Light,0,-1,0.645,10.814,28.0,10169.0,9869.0,300.0,0.0,0.0,,300000000.0,0.0,300000000.0,0.0,1.0,0.0,
10000036,,,,0,,1,Light,0,-1,0.577,10.817,6.0,10240.0,9940.0,300.0,0.0,0.0,,300000000.0,0.0,300000000.0,0.0,1.0,0.0,
40000036,,,,0,,4,Light,0,-1,0.611,10.837,14.0,10226.0,9926.0,300.0,0.0,0.0,,300000000.0,0.0,300000000.0,0.0,1.0,0.0,
30000036,,,,0,,3,Light,0,-1,0.782,10.845,14.0,10063.0,9763.0,300.0,0.0,0.0,,300000000.0,0.0,300000000.0,0.0,1.0,0.0,
50000037,,,,0,,5,Light,0,-1,0.517,11.102,18.0,10585.0,10285.0,300.0,0.0,0.0,,300000000.0,0.0,300000000.0,0.0,1.0,0.0,
37,,,,0,,0,Light,0,-1,0.582,11.105,8.0,10523.0,10223.0,300.0,0.0,0.0,,300000000.0,0.0,300000000.0,0.0,1.0,0.0,
20000037,,,,0,,2,Light,0,-1,0.657,11.114,12.0,10457.0,10157.0,300.0,0.0,0.0,,300000000.0,0.0,300000000.0,0.0,1.0,0.0,
10000037,,,,0,,1,Light,0,-1,0.599,11.117,22.0,10518.0,10218.0,300.0,0.0,0.0,,300000000.0,0.0,300000000.0,0.0,1.0,0.0,
40000037,,,,0,,4,Light,0,-1,0.619,11.137,8.0,10518.0,10218.0,300.0,0.0,0.0,,300000000.0,0.0,300000000.0,0.0,1.0,0.0,
30000037,,,,0,,3,Light,0,-1,0.788,11.145,6.0,10357.0,10057.0,300.0,0.0,0.0,,300000000.0,0.0,300000000.0,0.0,1.0,0.0,
50000038,,,,0,,5,Light,0,-1,0.522,11.402,5.0,10880.0,10580.0,300.0,0.0,0.0,,300000000.0,0.0,300000000.0,0.0,1.0,0.0,
38,,,,0,,0,Light,0,-1,0.585,11.405,3.0,10820.0,10520.0,300.0,0.0,0.0,,300000000.0,0.0,300000000.0,0.0,1.0,0.0,
20000038,,,,0,,2,Light,0,-1,0.679,11.414,22.0,10735.0,10435.0,300.0,0.0,0.0,,300000000.0,0.0,300000000.0,0.0,1.0,0.0,
10000038,,,,0,,1,Light,0,-1,0.602,11.417,3.0,10815.0,10515.0,300.0,0.0,0.0,,300000000.0,0.0,300000000.0,0.0,1.0,0.0,
40000038,,,,0,,4,Light,0,-1,0.622,11.437,3.0,10815.0,10515.0,300.0,0.0,0.0,,300000000.0,0.0,300000000.0,0.0,1.0,0.0,
30000038,,,,0,,3,Light,0,-1,0.791,11.445,3.0,10654.0,10354.0,300.0,0.0,0.0,,300000000.0,0.0,300000000.0,0.0,1.0,0.0,
50000039,,,,0,,5,Light,0,-1,0.588,11.702,66.0,11114.0,10814.0,300.0,0.0,0.0,,300000000.0,0.0,300000000.0,0.0,1.0,0.0,
39,,,,0,,0,Light,0,-1,0.594,11.705,9.0,11111.0,10811.0,300.0,0.0,0.0,,300000000.0,0.0,300000000.0,0.0,1.0,0.0,
20000039,,,,0,,2,Light,0,-1,0.722,11.714,43.0,10992.0,10692.0,300.0,0.0,0.0,,300000000.0,0.0,300000000.0,0.0,1.0,0.0,
10000039,,,,0,,1,Light,0,-1,0.614,11.717,12.0,11103.0,10803.0,300.0,0.0,0.0,,300000000.0,0.0,300000000.0,0.0,1.0,0.0,
40000039,,,,0,,4,Light,0,-1,0.631,11.737,9.0,11106.0,10806.0,300.0,0.0,0.0,,300000000.0,0.0,300000000.0,0.0,1.0,0.0,
30000039,,,,0,,3,Light,0,-1,0.794,11.745,3.0,10951.0,10651.0,300.0,0.0,0.0,,300000000.0,0.0,300000000.0,0.0,1.0,0.0,
50000040,,,,0,,5,Light,0,-1,0.605,12.002,17.0,11397.0,11097.0,300.0,0.0,0.0,,300000000.0,0.0,300000000.0,0.0,1.0,0.0,
40,,,,0,,0,Light,0,-1,0.668,12.005,74.0,11337.0,11037.0,300.0,0.0,0.0,,300000000.0,0.0,300000000.0,0.0,1.0,0.0,
20000040,,,,0,,2,Light,0,-1,0.734,12.014,12.0,11280.0,10980.0,300.0,0.0,0.0,,300000000.0,0.0,300000000.0,0.0,1.0,0.0,
10000040,,,,0,,1,Light,0,-1,0.628,12.017,14.0,11389.0,11089.0,300.0,0.0,0.0,,300000000.0,0.0,300000000.0,0.0,1.0,0.0,
40000040,,,,0,,4,Light,0,-1,0.662,12.037,31.0,11375.0,11075.0,300.0,0.0,0.0,,300000000.0,0.0,300000000.0,0.0,1.0,0.0,
30000040,,,,0,,3,Light,0,-1,0.817,12.045,23.0,11228.0,10928.0,300.0,0.0,0.0,,300000000.0,0.0,300000000.0,0.0,1.0,0.0,
50000041,,,,0,,5,Light,0,-1,0.634,12.302,29.0,11668.0,11368.0,300.0,0.0,0.0,,300000000.0,0.0,300000000.0,0.0,1.0,0.0,
41,,,,0,,0,Light,0,-1,0.677,12.305,9.0,11628.0,11328.0,300.0,0.0,0.0,,300000000.0,0.0,300000000.0,0.0,1.0,0.0,
20000041,,,,0,,2,Light,0,-1,0.785,12.314,51.0,11529.0,11229.0,300.0,0.0,0.0,,300000000.0,0.0,300000000.0,0.0,1.0,0.0,
10000041,,,,0,,1,Light,0,-1,0.639,12.317,11.0,11678.0,11378.0,300.0,0.0,0.0,,300000000.0,0.0,300000000.0,0.0,1.0,0.0,
40000041,,,,0,,4,Light,0,-1,0.685,12.337,23.0,11652.0,11352.0,300.0,0.0,0.0,,300000000.0,0.0,300000000.0,0.0,1.0,0.0,
30000041,,,,0,,3,Light,0,-1,0.839,12.345,22.0,11506.0,11206.0,300.0,0.0,0.0,,300000000.0,0.0,300000000.0,0.0,1.0,0.0,
50000042,,,,0,,5,Light,0,-1,0.637,12.602,3.0,11965.0,11665.0,300.0,0.0,0.0,,300000000.0,0.0,300000000.0,0.0,1.0,0.0,
42,,,,0,,0,Light,0,-1,0.682,12.605,5.0,11923.0,11623.0,300.0,0.0,0.0,,300000000.0,0.0,300000000.0,0.0,1.0,0.0,
20000042,,,,0,,2,Light,0,-1,0.822,12.614,37.0,11792.0,11492.0,300.0,0.0,0.0,,300000000.0,0.0,300000000.0,0.0,1.0,0.0,
10000042,,,,0,,1,Light,0,-1,0.671,12.617,32.0,11946.0,11646.0,300.0,0.0,0.0,,300000000.0,0.0,300000000.0,0.0,1.0,0.0,
40000042,,,,0,,4,Light,0,-1,0.688,12.637,3.0,11949.0,11649.0,300.0,0.0,0.0,,300000000.0,0.0,300000000.0,0.0,1.0,0.0,
30000042,,,,0,,3,Light,0,-1,0.845,12.645,6.0,11800.0,11500.0,300.0,0.0,0.0,,300000000.0,0.0,300000000.0,0.0,1.0,0.0,
50000043,,,,0,,5,Light,0,-1,0.642,12.902,5.0,12260.0,11960.0,300.0,0.0,0.0,,300000000.0,0.0,300000000.0,0.0,1.0,0.0,
43,,,,0,,0,Light,0,-1,0.699,12.905,17.0,12206.0,11906.0,300.0,0.0,0.0,,300000000.0,0.0,300000000.0,0.0,1.0,0.0,
20000043,,,,0,,2,Light,0,-1,0.851,12.914,29.0,12063.0,11763.0,300.0,0.0,0.0,,300000000.0,0.0,300000000.0,0.0,1.0,0.0,
10000043,,,,0,,1,Light,0,-1,0.674,12.917,3.0,12243.0,11943.0,300.0,0.0,0.0,,300000000.0,0.0,300000000.0,0.0,1.0,0.0,
40000043,,,,0,,4,Light,0,-1,0.694,12.937,6.0,12243.0,11943.0,300.0,0.0,0.0,,300000000.0,0.0,300000000.0,0.0,1.0,0.0,
30000043,,,,0,,3,Light,0,-1,0.854,12.945,9.0,12091.0,11791.0,300.0,0.0,0.0,,300000000.0,0.0,300000000.0,0.0,1.0,0.0,
50000044,,,,0,,5,Light,0,-1,0.651,13.202,9.0,12551.0,12251.0,300.0,0.0,0.0,,300000000.0,0.0,300000000.0,0.0,1.0,0.0,
44,,,,0,,0,Light,0,-1,0.702,13.205,3.0,12503.0,12203.0,300.0,0.0,0.0,,300000000.0,0.0,300000000.0,0.0,1.0,0.0,
20000044,,,,0,,2,Light,0,-1,0.919,13.214,68.0,12295.0,11995.0,300.0,0.0,0.0,,300000000.0,0.0,300000000.0,0.0,1.0,0.0,
10000044,,,,0,,1,Light,0,-1,0.691,13.217,17.0,12526.0,12226.0,300.0,0.0,0.0,,300000000.0,0.0,300000000.0,0.0,1.0,0.0,
40000044,,,,0,,4,Light,0,-1,0.728,13.237,34.0,12509.0,12209.0,300.0,0.0,0.0,,300000000.0,0.0,300000000.0,0.0,1.0,0.0,
30000044,,,,0,,3,Light,0,-1,0.862,13.245,8.0,12383.0,12083.0,300.0,0.0,0.0,,300000000.0,0.0,300000000.0,0.0,1.0,0.0,
50000045,,,,0,,5,Light,0,-1,0.654,13.502,3.0,12848.0,12548.0,300.0,0.0,0.0,,300000000.0,0.0,300000000.0,0.0,1.0,0.0,
45,,,,0,,0,Light,0,-1,0.711,13.505,9.0,12794.0,12494.0,300.0,0.0,0.0,,300000000.0,0.0,300000000.0,0.0,1.0,0.0,
20000045,,,,0,,2,Light,0,-1,0.925,13.514,6.0,12589.0,12289.0,300.0,0.0,0.0,,300000000.0,0.0,300000000.0,0.0,1.0,0.0,
10000045,,,,0,,1,Light,0,-1,0.697,13.517,6.0,12820.0,12520.0,300.0,0.0,0.0,,300000000.0,0.0,300000000.0,0.0,1.0,0.0,
40000045,,,,0,,4,Light,0,-1,0.745,13.537,17.0,12792.0,12492.0,300.0,0.0,0.0,,300000000.0,0.0,300000000.0,0.0,1.0,0.0,
30000045,,,,0,,3,Light,0,-1,0.891,13.545,29.0,12654.0,12354.0,300.0,0.0,0.0,,300000000.0,0.0,300000000.0,0.0,1.0,0.0,
50000046,,,,0,,5,Light,0,-1,0.705,13.802,51.0,13097.0,12797.0,300.0,0.0,0.0,,300000000.0,0.0,300000000.0,0.0,1.0,0.0,
46,,,,0,,0,Light,0,-1,0.717,13.805,6.0,13088.0,12788.0,300.0,0.0,0.0,,300000000.0,0.0,300000000.0,0.0,1.0,0.0,
20000046,,,,0,,2,Light,0,-1,0.954,13.814,29.0,12860.0,12560.0,300.0,0.0,0.0,,300000000.0,0.0,300000000.0,0.0,1.0,0.0,
10000046,,,,0,,1,Light,0,-1,0.714,13.817,17.0,13103.0,12803.0,300.0,0.0,0.0,,300000000.0,0.0,300000000.0,0.0,1.0,0.0,
40000046,,,,0,,4,Light,0,-1,0.754,13.837,9.0,13083.0,12783.0,300.0,0.0,0.0,,300000000.0,0.0,300000000.0,0.0,1.0,0.0,
30000046,,,,0,,3,Light,0,-1,0.894,13.845,3.0,12951.0,12651.0,300.0,0.0,0.0,,300000000.0,0.0,300000000.0,0.0,1.0,0.0,
50000047,,,,0,,5,Light,0,-1,0.708,14.102,3.0,13394.0,13094.0,300.0,0.0,0.0,,300000000.0,0.0,300000000.0,0.0,1.0,0.0,
47,,,,0,,0,Light,0,-1,0.719,14.105,2.0,13386.0,13086.0,300.0,0.0,0.0,,300000000.0,0.0,300000000.0,0.0,1.0,0.0,
20000047,,,,0,,2,Light,0,-1,0.977,14.114,23.0,13137.0,12837.0,300.0,0.0,0.0,,300000000.0,0.0,300000000.0,0.0,1.0,0.0,
10000047,,,,0,,1,Light,0,-1,0.731,14.117,17.0,13386.0,13086.0,300.0,0.0,0.0,,300000000.0,0.0,300000000.0,0.0,1.0,0.0,
40000047,,,,0,,4,Light,0,-1,0.757,14.137,3.0,13380.0,13080.0,300.0,0.0,0.0,,300000000.0,0.0,300000000.0,0.0,1.0,0.0,
30000047,,,,0,,3,Light,0,-1,0.897,14.145,3.0,13248.0,12948.0,300.0,0.0,0.0,,300000000.0,0.0,300000000.0,0.0,1.0,0.0,
50000048,,,,0,,5,Light,0,-1,0.737,14.402,29.0,13665.0,13365.0,300.0,0.0,0.0,,300000000.0,0.0,300000000.0,0.0,1.0,0.0,
48,,,,0,,0,Light,0,-1,0.725,14.405,6.0,13680.0,13380.0,300.0,0.0,0.0,,300000000.0,0.0,300000000.0,0.0,1.0,0.0,
20000048,,,,0,,2,Light,0,-1,1.065,14.414,88.0,13349.0,13049.0,300.0,0.0,0.0,,300000000.0,0.0,300000000.0,0.0,1.0,0.0,
10000048,,,,0,,1,Light,0,-1,0.742,14.417,11.0,13675.0,13375.0,300.0,0.0,0.0,,300000000.0,0.0,300000000.0,0.0,1.0,0.0,
40000048,,,,0,,4,Light,0,-1,0.837,14.437,80.0,13600.0,13300.0,300.0,0.0,0.0,,300000000.0,0.0,300000000.0,0.0,1.0,0.0,
30000048,,,,0,,3,Light,0,-1,0.902,14.445,5.0,13543.0,13243.0,300.0,0.0,0.0,,300000000.0,0.0,300000000.0,0.0,1.0,0.0,
50000049,,,,0,,5,Light,0,-1,0.751,14.702,14.0,13951.0,13651.0,300.0,0.0,0.0,,300000000.0,0.0,300000000.0,0.0,1.0,0.0,
49,,,,0,,0,Light,0,-1,0.774,14.705,49.0,13931.0,13631.0,300.0,0.0,0.0,,300000000.0,0.0,300000000.0,0.0,1.0,0.0,
20000049,,,,0,,2,Light,0,-1,1.068,14.714,3.0,13646.0,13346.0,300.0,0.0,0.0,,300000000.0,0.0,300000000.0,0.0,1.0,0.0,
10000049,,,,0,,1,Light,0,-1,0.748,14.717,6.0,13969.0,13669.0,300.0,0.0,0.0,,300000000.0,0.0,300000000.0,0.0,1.0,0.0,
40000049,,,,0,,4,Light,0,-1,0.865,14.737,28.0,13872.0,13572.0,300.0,0.0,0.0,,300000000.0,0.0,300000000.0,0.0,1.0,0.0,
30000049,,,,0,,3,Light,0,-1,0.911,14.745,9.0,13834.0,13534.0,300.0,0.0,0.0,,300000000.0,0.0,300000000.0,0.0,1.0,0.0,
50000050,,,,0,,5,Light,0,-1,0.779,15.002,28.0,14223.0,13923.0,300.0,0.0,0.0,,300000000.0,0.0,300000000.0,0.0,1.0,0.0,
50,,,,0,,0,Light,0,-1,0.777,15.005,3.0,14228.0,13928.0,300.0,0.0,0.0,,300000000.0,0.0,300000000.0,0.0,1.0,0.0,
20000050,,,,0,,2,Light,0,-1,1.079,15.014,11.0,13935.0,13635.0,300.0,0.0,0.0,,300000000.0,0.0,300000000.0,0.0,1.0,0.0,
10000050,,,,0,,1,Light,0,-1,0.762,15.017,14.0,14255.0,13955.0,300.0,0.0,0.0,,300000000.0,0.0,300000000.0,0.0,1.0,0.0,
40000050,,,,0,,4,Light,0,-1,0.877,15.037,12.0,14160.0,13860.0,300.0,0.0,0.0,,300000000.0,0.0,300000000.0,0.0,1.0,0.0,
30000050,,,,0,,3,Light,0,-1,0.917,15.045,6.0,14128.0,13828.0,300.0,0.0,0.0,,300000000.0,0.0,300000000.0,0.0,1.0,0.0,
50000051,,,,0,,5,Light,0,-1,0.797,15.302,18.0,14505.0,14205.0,300.0,0.0,0.0,,300000000.0,0.0,300000000.0,0.0,1.0,0.0,
51,,,,0,,0,Light,0,-1,0.799,15.305,22.0,14506.0,14206.0,300.0,0.0,0.0,,300000000.0,0.0,300000000.0,0.0,1.0,0.0,
20000051,,,,0,,2,Light,0,-1,1.085,15.314,6.0,14229.0,13929.0,300.0,0.0,0.0,,300000000.0,0.0,300000000.0,0.0,1.0,0.0,
10000051,,,,0,,1,Light,0,-1,0.771,15.317,9.0,14546.0,14246.0,300.0,0.0,0.0,,300000000.0,0.0,300000000.0,0.0,1.0,0.0,
40000051,,,,0,,4,Light,0,-1,0.937,15.337,60.0,14400.0,14100.0,300.0,0.0,0.0,,300000000.0,0.0,300000000.0,0.0,1.0,0.0,
30000051,,,,0,,3,Light,0,-1,0.922,15.345,5.0,14423.0,14123.0,300.0,0.0,0.0,,300000000.0,0.0,300000000.0,0.0,1.0,0.0,
50000052,,,,0,,5,Light,0,-1,0.802,15.602,5.0,14800.0,14500.0,300.0,0.0,0.0,,300000000.0,0.0,300000000.0,0.0,1.0,0.0,
52,,,,0,,0,Light,0,-1,0.811,15.605,12.0,14794.0,14494.0,300.0,0.0,0.0,,300000000.0,0.0,300000000.0,0.0,1.0,0.0,
20000052,,,,0,,2,Light,0,-1,1.099,15.614,14.0,14515.0,14215.0,300.0,0.0,0.0,,300000000.0,0.0,300000000.0,0.0,1.0,0.0,
10000052,,,,0,,1,Light,0,-1,0.828,15.617,57.0,14789.0,14489.0,300.0,0.0,0.0,,300000000.0,0.0,300000000.0,0.0,1.0,0.0,
40000052,,,,0,,4,Light,0,-1,0.962,15.637,25.0,14675.0,14375.0,300.0,0.0,0.0,,300000000.0,0.0,300000000.0,0.0,1.0,0.0,
30000052,,,,0,,3,Light,0,-1,0.928,15.645,6.0,14717.0,14417.0,300.0,0.0,0.0,,300000000.0,0.0,300000000.0,0.0,1.0,0.0,
50000053,,,,0,,5,Light,0,-1,0.805,15.902,3.0,15097.0,14797.0,300.0,0.0,0.0,,300000000.0,0.0,300000000.0,0.0,1.0,0.0,
53,,,,0,,0,Light,0,-1,0.814,15.905,3.0,15091.0,14791.0,300.0,0.0,0.0,,300000000.0,0.0,300000000.0,0.0,1.0,0.0,
20000053,,,,0,,2,Light,0,-1,1.105,15.914,6.0,14809.0,14509.0,300.0,0.0,0.0,,300000000.0,0.0,300000000.0,0.0,1.0,0.0,
10000053,,,,0,,1,Light,0,-1,0.831,15.917,3.0,15086.0,14786.0,300.0,0.0,0.0,,300000000.0,0.0,300000000.0,0.0,1.0,0.0,
40000053,,,,0,,4,Light,0,-1,0.968,15.937,6.0,14969.0,14669.0,300.0,0.0,0.0,,300000000.0,0.0,300000000.0,0.0,1.0,0.0,
30000053,,,,0,,3,Light,0,-1,0.945,15.945,17.0,15000.0,14700.0,300.0,0.0,0.0,,300000000.0,0.0,300000000.0,0.0,1.0,0.0,
50000054,,,,0,,5,Light,0,-1,0.808,16.202,3.0,15394.0,15094.0,300.0,0.0,0.0,,300000000.0,0.0,300000000.0,0.0,1.0,0.0,
54,,,,0,,0,Light,0,-1,0.825,16.205,11.0,15380.0,15080.0,300.0,0.0,0.0,,300000000.0,0.0,300000000.0,0.0,1.0,0.0,
20000054,,,,0,,2,Light,0,-1,1.137,16.214,32.0,15077.0,14777.0,300.0,0.0,0.0,,300000000.0,0.0,300000000.0,0.0,1.0,0.0,
10000054,,,,0,,1,Light,0,-1,0.834,16.217,3.0,15383.0,15083.0,300.0,0.0,0.0,,300000000.0,0.0,300000000.0,0.0,1.0,0.0,
40000054,,,,0,,4,Light,0,-1,0.985,16.237,17.0,15252.0,14952.0,300.0,0.0,0.0,,300000000.0,0.0,300000000.0,0.0,1.0,0.0,
30000054,,,,0,,3,Light,0,-1,0.988,16.245,43.0,15257.0,14957.0,300.0,0.0,0.0,,300000000.0,0.0,300000000.0,0.0,1.0,0.0,
50000055,,,,0,,5,Light,0,-1,0.819,16.502,11.0,15683.0,15383.0,300.0,0.0,0.0,,300000000.0,0.0,300000000.0,0.0,1.0,0.0,
55,,,,0,,0,Light,0,-1,0.859,16.505,34.0,15646.0,15346.0,300.0,0.0,0.0,,300000000.0,0.0,300000000.0,0.0,1.0,0.0,
20000055,,,,0,,2,Light,0,-1,1.142,16.514,5.0,15372.0,15072.0,300.0,0.0,0.0,,300000000.0,0.0,300000000.0,0.0,1.0,0.0,
10000055,,,,0,,1,Light,0,-1,0.842,16.517,8.0,15675.0,15375.0,300.0,0.0,0.0,,300000000.0,0.0,300000000.0,0.0,1.0,0.0,
40000055,,,,0,,4,Light,0,-1,0.991,16.537,6.0,15546.0,15246.0,300.0,0.0,0.0,,300000000.0,0.0,300000000.0,0.0,1.0,0.0,
30000055,,,,0,,3,Light,0,-1,1.025,16.545,37.0,15520.0,15220.0,300.0,0.0,0.0,,300000000.0,0.0,300000000.0,0.0,1.0,0.0,
50000056,,,,0,,5,Light,0,-1,0.874,16.802,55.0,15928.0,15628.0,300.0,0.0,0.0,,300000000.0,0.0,300000000.0,0.0,1.0,0.0,
56,,,,0,,0,Light,0,-1,0.868,16.805,9.0,15937.0,15637.0,300.0,0.0,0.0,,300000000.0,0.0,300000000.0,0.0,1.0,0.0,
20000056,,,,0,,2,Light,0,-1,1.151,16.814,9.0,15663.0,15363.0,300.0,0.0,0.0,,300000000.0,0.0,300000000.0,0.0,1.0,0.0,
10000056,,,,0,,1,Light,0,-1,0.848,16.817,6.0,15969.0,15669.0,300.0,0.0,0.0,,300000000.0,0.0,300000000.0,0.0,1.0,0.0,
40000056,,,,0,,4,Light,0,-1,0.994,16.837,3.0,15843.0,15543.0,300.0,0.0,0.0,,300000000.0,0.0,300000000.0,0.0,1.0,0.0,
30000056,,,,0,,3,Light,0,-1,1.051,16.845,26.0,15794.0,15494.0,300.0,0.0,0.0,,300000000.0,0.0,300000000.0,0.0,1.0,0.0,
50000057,,,,0,,5,Light,0,-1,0.931,17.102,57.0,16171.0,15871.0,300.0,0.0,0.0,,300000000.0,0.0,300000000.0,0.0,1.0,0.0,
57,,,,0,,0,Light,0,-1,0.871,17.105,3.0,16234.0,15934.0,300.0,0.0,0.0,,300000000.0,0.0,300000000.0,0.0,1.0,0.0,
20000057,,,,0,,2,Light,0,-1,1.154,17.114,3.0,15960.0,15660.0,300.0,0.0,0.0,,300000000.0,0.0,300000000.0,0.0,1.0,0.0,
10000057,,,,0,,1,Light,0,-1,0.857,17.117,9.0,16260.0,15960.0,300.0,0.0,0.0,,300000000.0,0.0,300000000.0,0.0,1.0,0.0,
40000057,,,,0,,4,Light,0,-1,1.002,17.137,8.0,16135.0,15835.0,300.0,0.0,0.0,,300000000.0,0.0,300000000.0,0.0,1.0,0.0,
30000057,,,,0,,3,Light,0,-1,1.088,17.145,37.0,16057.0,15757.0,300.0,0.0,0.0,,300000000.0,0.0,300000000.0,0.0,1.0,0.0,
50000058,,,,0,,5,Light,0,-1,0.934,17.402,3.0,16468.0,16168.0,300.0,0.0,0.0,,300000000.0,0.0,300000000.0,0.0,1.0,0.0,
58,,,,0,,0,Light,0,-1,0.879,17.405,8.0,16526.0,16226.0,300.0,0.0,0.0,,300000000.0,0.0,300000000.0,0.0,1.0,0.0,
20000058,,,,0,,2,Light,0,-1,1.168,17.414,14.0,16246.0,15946.0,300.0,0.0,0.0,,300000000.0,0.0,300000000.0,0.0,1.0,0.0,
10000058,,,,0,,1,Light,0,-1,0.885,17.417,28.0,16532.0,16232.0,300.0,0.0,0.0,,300000000.0,0.0,300000000.0,0.0,1.0,0.0,
40000058,,,,0,,4,Light,0,-1,1.014,17.437,12.0,16423.0,16123.0,300.0,0.0,0.0,,300000000.0,0.0,300000000.0,0.0,1.0,0.0,
30000058,,,,0,,3,Light,0,-1,1.102,17.445,14.0,16343.0,16043.0,300.0,0.0,0.0,,300000000.0,0.0,300000000.0,0.0,1.0,0.0,
50000059,,,,0,,5,Light,0,-1,0.939,17.702,5.0,16763.0,16463.0,300.0,0.0,0.0,,300000000.0,0.0,300000000.0,0.0,1.0,0.0,
59,,,,0,,0,Light,0,-1,0.882,17.705,3.0,16823.0,16523.0,300.0,0.0,0.0,,300000000.0,0.0,300000000.0,0.0,1.0,0.0,
20000059,,,,0,,2,Light,0,-1,1.188,17.714,20.0,16526.0,16226.0,300.0,0.0,0.0,,300000000.0,0.0,300000000.0,0.0,1.0,0.0,
10000059,,,,0,,1,Light,0,-1,0.888,17.717,3.0,16829.0,16529.0,300.0,0.0,0.0,,300000000.0,0.0,300000000.0,0.0,1.0,0.0,
40000059,,,,0,,4,Light,0,-1,1.031,17.737,17.0,16706.0,16406.0,300.0,0.0,0.0,,300000000.0,0.0,300000000.0,0.0,1.0,0.0,
30000059,,,,0,,3,Light,0,-1,1.114,17.745,12.0,16631.0,16331.0,300.0,0.0,0.0,,300000000.0,0.0,300000000.0,0.0,1.0,0.0,
50000060,,,,0,,5,Light,0,-1,0.942,18.002,3.0,17060.0,16760.0,300.0,0.0,0.0,,300000000.0,0.0,300000000.0,0.0,1.0,0.0,
60,,,,0,,0,Light,0,-1,0.905,18.005,23.0,17100.0,16800.0,300.0,0.0,0.0,,300000000.0,0.0,300000000.0,0.0,1.0,0.0,
20000060,,,,0,,2,Light,0,-1,1.199,18.014,11.0,16815.0,16515.0,300.0,0.0,0.0,,300000000.0,0.0,300000000.0,0.0,1.0,0.0,
10000060,,,,0,,1,Light,0,-1,0.899,18.017,11.0,17118.0,16818.0,300.0,0.0,0.0,,300000000.0,0.0,300000000.0,0.0,1.0,0.0,
40000060,,,,0,,4,Light,0,-1,1.037,18.037,6.0,17000.0,16700.0,300.0,0.0,0.0,,300000000.0,0.0,300000000.0,0.0,1.0,0.0,
30000060,,,,0,,3,Light,0,-1,1.159,18.045,45.0,16886.0,16586.0,300.0,0.0,0.0,,300000000.0,0.0,300000000.0,0.0,1.0,0.0,
50000061,,,,0,,5,Light,0,-1,0.965,18.302,23.0,17337.0,17037.0,300.0,0.0,0.0,,300000000.0,0.0,300000000.0,0.0,1.0,0.0,
61,,,,0,,0,Light,0,-1,0.914,18.305,9.0,17391.0,17091.0,300.0,0.0,0.0,,300000000.0,0.0,300000000.0,0.0,1.0,0.0,
20000061,,,,0,,2,Light,0,-1,1.217,18.314,18.0,17097.0,16797.0,300.0,0.0,0.0,,300000000.0,0.0,300000000.0,0.0,1.0,0.0,
10000061,,,,0,,1,Light,0,-1,0.908,18.317,9.0,17409.0,17109.0,300.0,0.0,0.0,,300000000.0,0.0,300000000.0,0.0,1.0,0.0,
40000061,,,,0,,4,Light,0,-1,1.039,18.337,2.0,17298.0,16998.0,300.0,0.0,0.0,,300000000.0,0.0,300000000.0,0.0,1.0,0.0,
30000061,,,,0,,3,Light,0,-1,1.248,18.345,89.0,17097.0,16797.0,300.0,0.0,0.0,,300000000.0,0.0,300000000.0,0.0,1.0,0.0,
50000062,,,,0,,5,Light,0,-1,0.974,18.602,9.0,17628.0,17328.0,300.0,0.0,0.0,,300000000.0,0.0,300000000.0,0.0,1.0,0.0,
62,,,,0,,0,Light,0,-1,0.959,18.605,45.0,17646.0,17346.0,300.0,0.0,0.0,,300000000.0,0.0,300000000.0,0.0,1.0,0.0,
20000062,,,,0,,2,Light,0,-1,1.219,18.614,2.0,17395.0,17095.0,300.0,0.0,0.0,,300000000.0,0.0,300000000.0,0.0,1.0,0.0,
10000062,,,,0,,1,Light,0,-1,0.948,18.617,40.0,17669.0,17369.0,300.0,0.0,0.0,,300000000.0,0.0,300000000.0,0.0,1.0,0.0,
40000062,,,,0,,4,Light,0,-1,1.045,18.637,6.0,17592.0,17292.0,300.0,0.0,0.0,,300000000.0,0.0,300000000.0,0.0,1.0,0.0,
30000062,,,,0,,3,Light,0,-1,1.262,18.645,14.0,17383.0,17083.0,300.0,0.0,0.0,,300000000.0,0.0,300000000.0,0.0,1.0,0.0,
50000063,,,,0,,5,Light,0,-1,1.019,18.902,45.0,17883.0,17583.0,300.0,0.0,0.0,,300000000.0,0.0,300000000.0,0.0,1.0,0.0,
63,,,,0,,0,Light,0,-1,0.971,18.905,12.0,17934.0,17634.0,300.0,0.0,0.0,,300000000.0,0.0,300000000.0,0.0,1.0,0.0,
20000063,,,,0,,2,Light,0,-1,1.231,18.914,12.0,17683.0,17383.0,300.0,0.0,0.0,,300000000.0,0.0,300000000.0,0.0,1.0,0.0,
10000063,,,,0,,1,Light,0,-1,0.951,18.917,3.0,17966.0,17666.0,300.0,0.0,0.0,,300000000.0,0.0,300000000.0,0.0,1.0,0.0,
40000063,,,,0,,4,Light,0,-1,1.057,18.937,12.0,17880.0,17580.0,300.0,0.0,0.0,,300000000.0,0.0,300000000.0,0.0,1.0,0.0,
30000063,,,,0,,3,Light,0,-1,1.291,18.945,29.0,17654.0,17354.0,300.0,0.0,0.0,,300000000.0,0.0,300000000.0,0.0,1.0,0.0,
50000064,,,,0,,5,Light,0,-1,1.054,19.202,35.0,18148.0,17848.0,300.0,0.0,0.0,,300000000.0,0.0,300000000.0,0.0,1.0,0.0,
64,,,,0,,0,Light,0,-1,0.979,19.205,8.0,18226.0,17926.0,300.0,0.0,0.0,,300000000.0,0.0,300000000.0,0.0,1.0,0.0,
20000064,,,,0,,2,Light,0,-1,1.242,19.214,11.0,17972.0,17672.0,300.0,0.0,0.0,,300000000.0,0.0,300000000.0,0.0,1.0,0.0,
10000064,,,,0,,1,Light,0,-1,0.957,19.217,6.0,18260.0,17960.0,300.0,0.0,0.0,,300000000.0,0.0,300000000.0,0.0,1.0,0.0,
40000064,,,,0,,4,Light,0,-1,1.059,19.237,2.0,18178.0,17878.0,300.0,0.0,0.0,,300000000.0,0.0,300000000.0,0.0,1.0,0.0,
30000064,,,,0,,3,Light,0,-1,1.299,19.245,8.0,17946.0,17646.0,300.0,0.0,0.0,,300000000.0,0.0,300000000.0,0.0,1.0,0.0,
50000065,,,,0,,5,Light,0,-1,1.074,19.502,20.0,18428.0,18128.0,300.0,0.0,0.0,,300000000.0,0.0,300000000.0,0.0,1.0,0.0,
65,,,,0,,0,Light,0,-1,0.982,19.505,3.0,18523.0,18223.0,300.0,0.0,0.0,,300000000.0,0.0,300000000.0,0.0,1.0,0.0,
20000065,,,,0,,2,Light,0,-1,1.251,19.514,9.0,18263.0,17963.0,300.0,0.0,0.0,,300000000.0,0.0,300000000.0,0.0,1.0,0.0,
10000065,,,,0,,1,Light,0,-1,0.997,19.517,40.0,18520.0,18220.0,300.0,0.0,0.0,,300000000.0,0.0,300000000.0,0.0,1.0,0.0,
40000065,,,,0,,4,Light,0,-1,1.062,19.537,3.0,18475.0,18175.0,300.0,0.0,0.0,,300000000.0,0.0,300000000.0,0.0,1.0,0.0,
30000065,,,,0,,3,Light,0,-1,1.337,19.545,38.0,18208.0,17908.0,300.0,0.0,0.0,,300000000.0,0.0,300000000.0,0.0,1.0,0.0,
50000066,,,,0,,5,Light,0,-1,1.077,19.802,3.0,18725.0,18425.0,300.0,0.0,0.0,,300000000.0,0.0,300000000.0,0.0,1.0,0.0,
66,,,,0,,0,Light,0,-1,0.999,19.805,17.0,18806.0,18506.0,300.0,0.0,0.0,,300000000.0,0.0,300000000.0,0.0,1.0,0.0,
20000066,,,,0,,2,Light,0,-1,1.265,19.814,14.0,18549.0,18249.0,300.0,0.0,0.0,,300000000.0,0.0,300000000.0,0.0,1.0,0.0,
10000066,,,,0,,1,Light,0,-1,1.008,19.817,11.0,18809.0,18509.0,300.0,0.0,0.0,,300000000.0,0.0,300000000.0,0.0,1.0,0.0,
40000066,,,,0,,4,Light,0,-1,1.117,19.837,55.0,18720.0,18420.0,300.0,0.0,0.0,,300000000.0,0.0,300000000.0,0.0,1.0,0.0,
30000066,,,,0,,3,Light,0,-1,1.377,19.845,40.0,18468.0,18168.0,300.0,0.0,0.0,,300000000.0,0.0,300000000.0,0.0,1.0,0.0,
50000067,,,,0,,5,Light,0,-1,1.094,20.102,17.0,19008.0,18708.0,300.0,0.0,0.0,,300000000.0,0.0,300000000.0,0.0,1.0,0.0,
67,,,,0,,0,Light,0,-1,1.005,20.105,6.0,19100.0,18800.0,300.0,0.0,0.0,,300000000.0,0.0,300000000.0,0.0,1.0,0.0,
20000067,,,,0,,2,Light,0,-1,1.274,20.114,9.0,18840.0,18540.0,300.0,0.0,0.0,,300000000.0,0.0,300000000.0,0.0,1.0,0.0,
10000067,,,,0,,1,Light,0,-1,1.022,20.117,14.0,19095.0,18795.0,300.0,0.0,0.0,,300000000.0,0.0,300000000.0,0.0,1.0,0.0,
40000067,,,,0,,4,Light,0,-1,1.119,20.137,2.0,19018.0,18718.0,300.0,0.0,0.0,,300000000.0,0.0,300000000.0,0.0,1.0,0.0,
30000067,,,,0,,3,Light,0,-1,1.397,20.145,20.0,18748.0,18448.0,300.0,0.0,0.0,,300000000.0,0.0,300000000.0,0.0,1.0,0.0,
50000068,,,,0,,5,Light,0,-1,1.097,20.402,3.0,19305.0,19005.0,300.0,0.0,0.0,,300000000.0,0.0,300000000.0,0.0,1.0,0.0,
68,,,,0,,0,Light,0,-1,1.011,20.405,6.0,19394.0,19094.0,300.0,0.0,0.0,,300000000.0,0.0,300000000.0,0.0,1.0,0.0,
20000068,,,,0,,2,Light,0,-1,1.282,20.414,8.0,19132.0,18832.0,300.0,0.0,0.0,,300000000.0,0.0,300000000.0,0.0,1.0,0.0,
10000068,,,,0,,1,Light,0,-1,1.034,20.417,12.0,19383.0,19083.0,300.0,0.0,0.0,,300000000.0,0.0,300000000.0,0.0,1.0,0.0,
40000068,,,,0,,4,Light,0,-1,1.128,20.437,9.0,19309.0,19009.0,300.0,0.0,0.0,,300000000.0,0.0,300000000.0,0.0,1.0,0.0,
30000068,,,,0,,3,Light,0,-1,1.411,20.445,14.0,19034.0,18734.0,300.0,0.0,0.0,,300000000.0,0.0,300000000.0,0.0,1.0,0.0,
50000069,,,,0,,5,Light,0,-1,1.165,20.702,68.0,19537.0,19237.0,300.0,0.0,0.0,,300000000.0,0.0,300000000.0,0.0,1.0,0.0,
69,,,,0,,0,Light,0,-1,1.017,20.705,6.0,19688.0,19388.0,300.0,0.0,0.0,,300000000.0,0.0,300000000.0,0.0,1.0,0.0,
20000069,,,,0,,2,Light,0,-1,1.325,20.714,43.0,19389.0,19089.0,300.0,0.0,0.0,,300000000.0,0.0,300000000.0,0.0,1.0,0.0,
10000069,,,,0,,1,Light,0,-1,1.071,20.717,37.0,19646.0,19346.0,300.0,0.0,0.0,,300000000.0,0.0,300000000.0,0.0,1.0,0.0,
40000069,,,,0,,4,Light,0,-1,1.134,20.737,6.0,19603.0,19303.0,300.0,0.0,0.0,,300000000.0,0.0,300000000.0,0.0,1.0,0.0,
30000069,,,,0,,3,Light,0,-1,1.434,20.745,23.0,19311.0,19011.0,300.0,0.0,0.0,,300000000.0,0.0,300000000.0,0.0,1.0,0.0,
50000070,,,,0,,5,Light,0,-1,1.174,21.002,9.0,19828.0,19528.0,300.0,0.0,0.0,,300000000.0,0.0,300000000.0,0.0,1.0,0.0,
70,,,,0,,0,Light,0,-1,1.028,21.005,11.0,19977.0,19677.0,300.0,0.0,0.0,,300000000.0,0.0,300000000.0,0.0,1.0,0.0,
20000070,,,,0,,2,Light,0,-1,1.345,21.014,20.0,19669.0,19369.0,300.0,0.0,0.0,,300000000.0,0.0,300000000.0,0.0,1.0,0.0,
10000070,,,,0,,1,Light,0,-1,1.082,21.017,11.0,19935.0,19635.0,300.0,0.0,0.0,,300000000.0,0.0,300000000.0,0.0,1.0,0.0,
40000070,,,,0,,4,Light,0,-1,1.162,21.037,28.0,19875.0,19575.0,300.0,0.0,0.0,,300000000.0,0.0,300000000.0,0.0,1.0,0.0,
30000070,,,,0,,3,Light,0,-1,1.439,21.045,5.0,19606.0,19306.0,300.0,0.0,0.0,,300000000.0,0.0,300000000.0,0.0,1.0,0.0,
50000071,,,,0,,5,Light,0,-1,1.182,21.302,8.0,20120.0,19820.0,300.0,0.0,0.0,,300000000.0,0.0,300000000.0,0.0,1.0,0.0,
71,,,,0,,0,Light,0,-1,1.042,21.305,14.0,20263.0,19963.0,300.0,0.0,0.0,,300000000.0,0.0,300000000.0,0.0,1.0,0.0,
20000071,,,,0,,2,Light,0,-1,1.348,21.314,3.0,19966.0,19666.0,300.0,0.0,0.0,,300000000.0,0.0,300000000.0,0.0,1.0,0.0,
10000071,,,,0,,1,Light,0,-1,1.091,21.317,9.0,20226.0,19926.0,300.0,0.0,0.0,,300000000.0,0.0,300000000.0,0.0,1.0,0.0,
40000071,,,,0,,4,Light,0,-1,1.171,21.337,9.0,20166.0,19866.0,300.0,0.0,0.0,,300000000.0,0.0,300000000.0,0.0,1.0,0.0,
30000071,,,,0,,3,Light,0,-1,1.448,21.345,9.0,19897.0,19597.0,300.0,0.0,0.0,,300000000.0,0.0,300000000.0,0.0,1.0,0.0,
50000072,,,,0,,5,Light,0,-1,1.191,21.602,9.0,20411.0,20111.0,300.0,0.0,0.0,,300000000.0,0.0,300000000.0,0.0,1.0,0.0,
72,,,,0,,0,Light,0,-1,1.048,21.605,6.0,20557.0,20257.0,300.0,0.0,0.0,,300000000.0,0.0,300000000.0,0.0,1.0,0.0,
20000072,,,,0,,2,Light,0,-1,1.354,21.614,6.0,20260.0,19960.0,300.0,0.0,0.0,,300000000.0,0.0,300000000.0,0.0,1.0,0.0,
10000072,,,,0,,1,Light,0,-1,1.131,21.617,40.0,20486.0,20186.0,300.0,0.0,0.0,,300000000.0,0.0,300000000.0,0.0,1.0,0.0,
40000072,,,,0,,4,Light,0,-1,1.177,21.637,6.0,20460.0,20160.0,300.0,0.0,0.0,,300000000.0,0.0,300000000.0,0.0,1.0,0.0,
30000072,,,,0,,3,Light,0,-1,1.471,21.645,23.0,20174.0,19874.0,300.0,0.0,0.0,,300000000.0,0.0,300000000.0,0.0,1.0,0.0,
50000073,,,,0,,5,Light,0,-1,1.208,21.902,17.0,20694.0,20394.0,300.0,0.0,0.0,,300000000.0,0.0,300000000.0,0.0,1.0,0.0,
73,,,,0,,0,Light,0,-1,1.108,21.905,60.0,20797.0,20497.0,300.0,0.0,0.0,,300000000.0,0.0,300000000.0,0.0,1.0,0.0,
20000073,,,,0,,2,Light,0,-1,1.371,21.914,17.0,20543.0,20243.0,300.0,0.0,0.0,,300000000.0,0.0,300000000.0,0.0,1.0,0.0,
10000073,,,,0,,1,Light,0,-1,1.139,21.917,8.0,20778.0,20478.0,300.0,0.0,0.0,,300000000.0,0.0,300000000.0,0.0,1.0,0.0,
40000073,,,,0,,4,Light,0,-1,1.185,21.937,8.0,20752.0,20452.0,300.0,0.0,0.0,,300000000.0,0.0,300000000.0,0.0,1.0,0.0,
30000073,,,,0,,3,Light,0,-1,1.494,21.945,23.0,20451.0,20151.0,300.0,0.0,0.0,,300000000.0,0.0,300000000.0,0.0,1.0,0.0,
50000074,,,,0,,5,Light,0,-1,1.228,22.202,20.0,20974.0,20674.0,300.0,0.0,0.0,,300000000.0,0.0,300000000.0,0.0,1.0,0.0,
74,,,,0,,0,Light,0,-1,1.111,22.205,3.0,21094.0,20794.0,300.0,0.0,0.0,,300000000.0,0.0,300000000.0,0.0,1.0,0.0,
20000074,,,,0,,2,Light,0,-1,1.408,22.214,37.0,20806.0,20506.0,300.0,0.0,0.0,,300000000.0,0.0,300000000.0,0.0,1.0,0.0,
10000074,,,,0,,1,Light,0,-1,1.148,22.217,9.0,21069.0,20769.0,300.0,0.0,0.0,,300000000.0,0.0,300000000.0,0.0,1.0,0.0,
40000074,,,,0,,4,Light,0,-1,1.211,22.237,26.0,21026.0,20726.0,300.0,0.0,0.0,,300000000.0,0.0,300000000.0,0.0,1.0,0.0,
30000074,,,,0,,3,Light,0,-1,1.531,22.245,37.0,20714.0,20414.0,300.0,0.0,0.0,,300000000.0,0.0,300000000.0,0.0,1.0,0.0,
50000075,,,,0,,5,Light,0,-1,1.237,22.502,9.0,21265.0,20965.0,300.0,0.0,0.0,,300000000.0,0.0,300000000.0,0.0,1.0,0.0,
75,,,,0,,0,Light,0,-1,1.122,22.505,11.0,21383.0,21083.0,300.0,0.0,0.0,,300000000.0,0.0,300000000.0,0.0,1.0,0.0,
20000075,,,,0,,2,Light,0,-1,1.422,22.514,14.0,21092.0,20792.0,300.0,0.0,0.0,,300000000.0,0.0,300000000.0,0.0,1.0,0.0,
10000075,,,,0,,1,Light,0,-1,1.157,22.517,9.0,21360.0,21060.0,300.0,0.0,0.0,,300000000.0,0.0,300000000.0,0.0,1.0,0.0,
40000075,,,,0,,4,Light,0,-1,1.222,22.537,11.0,21315.0,21015.0,300.0,0.0,0.0,,300000000.0,0.0,300000000.0,0.0,1.0,0.0,
30000075,,,,0,,3,Light,0,-1,1.542,22.545,11.0,21003.0,20703.0,300.0,0.0,0.0,,300000000.0,0.0,300000000.0,0.0,1.0,0.0,
50000076,,,,0,,5,Light,0,-1,1.239,22.802,2.0,21563.0,21263.0,300.0,0.0,0.0,,300000000.0,0.0,300000000.0,0.0,1.0,0.0,
76,,,,0,,0,Light,0,-1,1.125,22.805,3.0,21680.0,21380.0,300.0,0.0,0.0,,300000000.0,0.0,300000000.0,0.0,1.0,0.0,
20000076,,,,0,,2,Light,0,-1,1.451,22.814,29.0,21363.0,21063.0,300.0,0.0,0.0,,300000000.0,0.0,300000000.0,0.0,1.0,0.0,
10000076,,,,0,,1,Light,0,-1,1.197,22.817,40.0,21620.0,21320.0,300.0,0.0,0.0,,300000000.0,0.0,300000000.0,0.0,1.0,0.0,
40000076,,,,0,,4,Light,0,-1,1.245,22.837,23.0,21592.0,21292.0,300.0,0.0,0.0,,300000000.0,0.0,300000000.0,0.0,1.0,0.0,
30000076,,,,0,,3,Light,0,-1,1.554,22.845,12.0,21291.0,20991.0,300.0,0.0,0.0,,300000000.0,0.0,300000000.0,0.0,1.0,0.0,
50000077,,,,0,,5,Light,0,-1,1.259,23.102,20.0,21843.0,21543.0,300.0,0.0,0.0,,300000000.0,0.0,300000000.0,0.0,1.0,0.0,
77,,,,0,,0,Light,0,-1,1.145,23.105,20.0,21960.0,21660.0,300.0,0.0,0.0,,300000000.0,0.0,300000000.0,0.0,1.0,0.0,
20000077,,,,0,,2,Light,0,-1,1.454,23.114,3.0,21660.0,21360.0,300.0,0.0,0.0,,300000000.0,0.0,300000000.0,0.0,1.0,0.0,
10000077,,,,0,,1,Light,0,-1,1.214,23.117,17.0,21903.0,21603.0,300.0,0.0,0.0,,300000000.0,0.0,300000000.0,0.0,1.0,0.0,
40000077,,,,0,,4,Light,0,-1,1.294,23.137,49.0,21843.0,21543.0,300.0,0.0,0.0,,300000000.0,0.0,300000000.0,0.0,1.0,0.0,
30000077,,,,0,,3,Light,0,-1,1.571,23.145,17.0,21574.0,21274.0,300.0,0.0,0.0,,300000000.0,0.0,300000000.0,0.0,1.0,0.0,
50000078,,,,0,,5,Light,0,-1,1.279,23.402,20.0,22123.0,21823.0,300.0,0.0,0.0,,300000000.0,0.0,300000000.0,0.0,1.0,0.0,
78,,,,0,,0,Light,0,-1,1.179,23.405,34.0,22226.0,21926.0,300.0,0.0,0.0,,300000000.0,0.0,300000000.0,0.0,1.0,0.0,
20000078,,,,0,,2,Light,0,-1,1.474,23.414,20.0,21940.0,21640.0,300.0,0.0,0.0,,300000000.0,0.0,300000000.0,0.0,1.0,0.0,
10000078,,,,0,,1,Light,0,-1,1.225,23.417,11.0,22192.0,21892.0,300.0,0.0,0.0,,300000000.0,0.0,300000000.0,0.0,1.0,0.0,
40000078,,,,0,,4,Light,0,-1,1.302,23.437,8.0,22135.0,21835.0,300.0,0.0,0.0,,300000000.0,0.0,300000000.0,0.0,1.0,0.0,
30000078,,,,0,,3,Light,0,-1,1.602,23.445,31.0,21843.0,21543.0,300.0,0.0,0.0,,300000000.0,0.0,300000000.0,0.0,1.0,0.0,
50000079,,,,0,,5,Light,0,-1,1.288,23.702,9.0,22414.0,22114.0,300.0,0.0,0.0,,300000000.0,0.0,300000000.0,0.0,1.0,0.0,
79,,,,0,,0,Light,0,-1,1.194,23.705,15.0,22511.0,22211.0,300.0,0.0,0.0,,300000000.0,0.0,300000000.0,0.0,1.0,0.0,
20000079,,,,0,,2,Light,0,-1,1.477,23.714,3.0,22237.0,21937.0,300.0,0.0,0.0,,300000000.0,0.0,300000000.0,0.0,1.0,0.0,
10000079,,,,0,,1,Light,0,-1,1.234,23.717,9.0,22483.0,22183.0,300.0,0.0,0.0,,300000000.0,0.0,300000000.0,0.0,1.0,0.0,
40000079,,,,0,,4,Light,0,-1,1.319,23.737,17.0,22418.0,22118.0,300.0,0.0,0.0,,300000000.0,0.0,300000000.0,0.0,1.0,0.0,
30000079,,,,0,,3,Light,0,-1,1.639,23.745,37.0,22106.0,21806.0,300.0,0.0,0.0,,300000000.0,0.0,300000000.0,0.0,1.0,0.0,
50000080,,,,0,,5,Light,0,-1,1.297,24.002,9.0,22705.0,22405.0,300.0,0.0,0.0,,300000000.0,0.0,300000000.0,0.0,1.0,0.0,
80,,,,0,,0,Light,0,-1,1.202,24.005,8.0,22803.0,22503.0,300.0,0.0,0.0,,300000000.0,0.0,300000000.0,0.0,1.0,0.0,
20000080,,,,0,,2,Light,0,-1,1.482,24.014,5.0,22532.0,22232.0,300.0,0.0,0.0,,300000000.0,0.0,300000000.0,0.0,1.0,0.0,
10000080,,,,0,,1,Light,0,-1,1.277,24.017,43.0,22740.0,22440.0,300.0,0.0,0.0,,300000000.0,0.0,300000000.0,0.0,1.0,0.0,
40000080,,,,0,,4,Light,0,-1,1.328,24.037,9.0,22709.0,22409.0,300.0,0.0,0.0,,300000000.0,0.0,300000000.0,0.0,1.0,0.0,
30000080,,,,0,,3,Light,0,-1,1.645,24.045,6.0,22400.0,22100.0,300.0,0.0,0.0,,300000000.0,0.0,300000000.0,0.0,1.0,0.0,
50000081,,,,0,,5,Light,0,-1,1.314,24.302,17.0,22988.0,22688.0,300.0,0.0,0.0,,300000000.0,0.0,300000000.0,0.0,1.0,0.0,
81,,,,0,,0,Light,0,-1,1.205,24.305,3.0,23100.0,22800.0,300.0,0.0,0.0,,300000000.0,0.0,300000000.0,0.0,1.0,0.0,
20000081,,,,0,,2,Light,0,-1,1.485,24.314,3.0,22829.0,22529.0,300.0,0.0,0.0,,300000000.0,0.0,300000000.0,0.0,1.0,0.0,
10000081,,,,0,,1,Light,0,-1,1.285,24.317,8.0,23032.0,22732.0,300.0,0.0,0.0,,300000000.0,0.0,300000000.0,0.0,1.0,0.0,
40000081,,,,0,,4,Light,0,-1,1.331,24.337,3.0,23006.0,22706.0,300.0,0.0,0.0,,300000000.0,0.0,300000000.0,0.0,1.0,0.0,
30000081,,,,0,,3,Light,0,-1,1.662,24.345,17.0,22683.0,22383.0,300.0,0.0,0.0,,300000000.0,0.0,300000000.0,0.0,1.0,0.0,
50000082,,,,0,,5,Light,0,-1,1.359,24.602,45.0,23243.0,22943.0,300.0,0.0,0.0,,300000000.0,0.0,300000000.0,0.0,1.0,0.0,
82,,,,0,,0,Light,0,-1,1.254,24.605,49.0,23351.0,23051.0,300.0,0.0,0.0,,300000000.0,0.0,300000000.0,0.0,1.0,0.0,
20000082,,,,0,,2,Light,0,-1,1.502,24.614,17.0,23112.0,22812.0,300.0,0.0,0.0,,300000000.0,0.0,300000000.0,0.0,1.0,0.0,
10000082,,,,0,,1,Light,0,-1,1.317,24.617,32.0,23300.0,23000.0,300.0,0.0,0.0,,300000000.0,0.0,300000000.0,0.0,1.0,0.0,
40000082,,,,0,,4,Light,0,-1,1.374,24.637,43.0,23263.0,22963.0,300.0,0.0,0.0,,300000000.0,0.0,300000000.0,0.0,1.0,0.0,
30000082,,,,0,,3,Light,0,-1,1.668,24.645,6.0,22977.0,22677.0,300.0,0.0,0.0,,300000000.0,0.0,300000000.0,0.0,1.0,0.0,
50000083,,,,0,,5,Light,0,-1,1.365,24.902,6.0,23537.0,23237.0,300.0,0.0,0.0,,300000000.0,0.0,300000000.0,0.0,1.0,0.0,
83,,,,0,,0,Light,0,-1,1.257,24.905,3.0,23648.0,23348.0,300.0,0.0,0.0,,300000000.0,0.0,300000000.0,0.0,1.0,0.0,
20000083,,,,0,,2,Light,0,-1,1.511,24.914,9.0,23403.0,23103.0,300.0,0.0,0.0,,300000000.0,0.0,300000000.0,0.0,1.0,0.0,
10000083,,,,0,,1,Light,0,-1,1.334,24.917,17.0,23583.0,23283.0,300.0,0.0,0.0,,300000000.0,0.0,300000000.0,0.0,1.0,0.0,
40000083,,,,0,,4,Light,0,-1,1.379,24.937,5.0,23558.0,23258.0,300.0,0.0,0.0,,300000000.0,0.0,300000000.0,0.0,1.0,0.0,
30000083,,,,0,,3,Light,0,-1,1.688,24.945,20.0,23257.0,22957.0,300.0,0.0,0.0,,300000000.0,0.0,300000000.0,0.0,1.0,0.0,
50000084,,,,0,,5,Light,0,-1,1.382,25.202,17.0,23820.0,23520.0,300.0,0.0,0.0,,300000000.0,0.0,300000000.0,0.0,1.0,0.0,
84,,,,0,,0,Light,0,-1,1.268,25.205,11.0,23937.0,23637.0,300.0,0.0,0.0,,300000000.0,0.0,300000000.0,0.0,1.0,0.0,
20000084,,,,0,,2,Light,0,-1,1.519,25.214,8.0,23695.0,23395.0,300.0,0.0,0.0,,300000000.0,0.0,300000000.0,0.0,1.0,0.0,
10000084,,,,0,,1,Light,0,-1,1.339,25.217,5.0,23878.0,23578.0,300.0,0.0,0.0,,300000000.0,0.0,300000000.0,0.0,1.0,0.0,
40000084,,,,0,,4,Light,0,-1,1.491,25.237,112.0,23746.0,23446.0,300.0,0.0,0.0,,300000000.0,0.0,300000000.0,0.0,1.0,0.0,
30000084,,,,0,,3,Light,0,-1,1.705,25.245,17.0,23540.0,23240.0,300.0,0.0,0.0,,300000000.0,0.0,300000000.0,0.0,1.0,0.0,
50000085,,,,0,,5,Light,0,-1,1.405,25.502,23.0,24097.0,23797.0,300.0,0.0,0.0,,300000000.0,0.0,300000000.0,0.0,1.0,0.0,
85,,,,0,,0,Light,0,-1,1.271,25.505,3.0,24234.0,23934.0,300.0,0.0,0.0,,300000000.0,0.0,300000000.0,0.0,1.0,0.0,
20000085,,,,0,,2,Light,0,-1,1.534,25.514,15.0,23980.0,23680.0,300.0,0.0,0.0,,300000000.0,0.0,300000000.0,0.0,1.0,0.0,
10000085,,,,0,,1,Light,0,-1,1.357,25.517,18.0,24160.0,23860.0,300.0,0.0,0.0,,300000000.0,0.0,300000000.0,0.0,1.0,0.0,
40000085,,,,0,,4,Light,0,-1,1.499,25.537,8.0,24038.0,23738.0,300.0,0.0,0.0,,300000000.0,0.0,300000000.0,0.0,1.0,0.0,
30000085,,,,0,,3,Light,0,-1,1.719,25.545,14.0,23826.0,23526.0,300.0,0.0,0.0,,300000000.0,0.0,300000000.0,0.0,1.0,0.0,
50000086,,,,0,,5,Light,0,-1,1.414,25.802,9.0,24388.0,24088.0,300.0,0.0,0.0,,300000000.0,0.0,300000000.0,0.0,1.0,0.0,
86,,,,0,,0,Light,0,-1,1.305,25.805,34.0,24500.0,24200.0,300.0,0.0,0.0,,300000000.0,0.0,300000000.0,0.0,1.0,0.0,
20000086,,,,0,,2,Light,0,-1,1.539,25.814,5.0,24275.0,23975.0,300.0,0.0,0.0,,300000000.0,0.0,300000000.0,0.0,1.0,0.0,
10000086,,,,0,,1,Light,0,-1,1.362,25.817,5.0,24455.0,24155.0,300.0,0.0,0.0,,300000000.0,0.0,300000000.0,0.0,1.0,0.0,
40000086,,,,0,,4,Light,0,-1,1.517,25.837,18.0,24320.0,24020.0,300.0,0.0,0.0,,300000000.0,0.0,300000000.0,0.0,1.0,0.0,
30000086,,,,0,,3,Light,0,-1,1.722,25.845,3.0,24123.0,23823.0,300.0,0.0,0.0,,300000000.0,0.0,300000000.0,0.0,1.0,0.0,
50000087,,,,0,,5,Light,0,-1,1.417,26.102,3.0,24685.0,24385.0,300.0,0.0,0.0,,300000000.0,0.0,300000000.0,0.0,1.0,0.0,
87,,,,0,,0,Light,0,-1,1.308,26.105,3.0,24797.0,24497.0,300.0,0.0,0.0,,300000000.0,0.0,300000000.0,0.0,1.0,0.0,
20000087,,,,0,,2,Light,0,-1,1.562,26.114,23.0,24552.0,24252.0,300.0,0.0,0.0,,300000000.0,0.0,300000000.0,0.0,1.0,0.0,
10000087,,,,0,,1,Light,0,-1,1.385,26.117,23.0,24732.0,24432.0,300.0,0.0,0.0,,300000000.0,0.0,300000000.0,0.0,1.0,0.0,
40000087,,,,0,,4,Light,0,-1,1.528,26.137,11.0,24609.0,24309.0,300.0,0.0,0.0,,300000000.0,0.0,300000000.0,0.0,1.0,0.0,
30000087,,,,0,,3,Light,0,-1,1.725,26.145,3.0,24420.0,24120.0,300.0,0.0,0.0,,300000000.0,0.0,300000000.0,0.0,1.0,0.0,
50000088,,,,0,,5,Light,0,-1,1.428,26.402,11.0,24974.0,24674.0,300.0,0.0,0.0,,300000000.0,0.0,300000000.0,0.0,1.0,0.0,
88,,,,0,,0,Light,0,-1,1.311,26.405,3.0,25094.0,24794.0,300.0,0.0,0.0,,300000000.0,0.0,300000000.0,0.0,1.0,0.0,
20000088,,,,0,,2,Light,0,-1,1.599,26.414,37.0,24815.0,24515.0,300.0,0.0,0.0,,300000000.0,0.0,300000000.0,0.0,1.0,0.0,
10000088,,,,0,,1,Light,0,-1,1.388,26.417,3.0,25029.0,24729.0,300.0,0.0,0.0,,300000000.0,0.0,300000000.0,0.0,1.0,0.0,
40000088,,,,0,,4,Light,0,-1,1.545,26.437,17.0,24892.0,24592.0,300.0,0.0,0.0,,300000000.0,0.0,300000000.0,0.0,1.0,0.0,
30000088,,,,0,,3,Light,0,-1,1.737,26.445,12.0,24708.0,24408.0,300.0,0.0,0.0,,300000000.0,0.0,300000000.0,0.0,1.0,0.0,
50000089,,,,0,,5,Light,0,-1,1.465,26.702,37.0,25237.0,24937.0,300.0,0.0,0.0,,300000000.0,0.0,300000000.0,0.0,1.0,0.0,
89,,,,0,,0,Light,0,-1,1.322,26.705,11.0,25383.0,25083.0,300.0,0.0,0.0,,300000000.0,0.0,300000000.0,0.0,1.0,0.0,
20000089,,,,0,,2,Light,0,-1,1.611,26.714,12.0,25103.0,24803.0,300.0,0.0,0.0,,300000000.0,0.0,300000000.0,0.0,1.0,0.0,
10000089,,,,0,,1,Light,0,-1,1.391,26.717,3.0,25326.0,25026.0,300.0,0.0,0.0,,300000000.0,0.0,300000000.0,0.0,1.0,0.0,
40000089,,,,0,,4,Light,0,-1,1.548,26.737,3.0,25189.0,24889.0,300.0,0.0,0.0,,300000000.0,0.0,300000000.0,0.0,1.0,0.0,
30000089,,,,0,,3,Light,0,-1,1.797,26.745,60.0,24948.0,24648.0,300.0,0.0,0.0,,300000000.0,0.0,300000000.0,0.0,1.0,0.0,
50000090,,,,0,,5,Light,0,-1,1.488,27.002,23.0,25514.0,25214.0,300.0,0.0,0.0,,300000000.0,0.0,300000000.0,0.0,1.0,0.0,
90,,,,0,,0,Light,0,-1,1.342,27.005,20.0,25663.0,25363.0,300.0,0.0,0.0,,300000000.0,0.0,300000000.0,0.0,1.0,0.0,
20000090,,,,0,,2,Light,0,-1,1.617,27.014,6.0,25397.0,25097.0,300.0,0.0,0.0,,300000000.0,0.0,300000000.0,0.0,1.0,0.0,
10000090,,,,0,,1,Light,0,-1,1.394,27.017,3.0,25623.0,25323.0,300.0,0.0,0.0,,300000000.0,0.0,300000000.0,0.0,1.0,0.0,
40000090,,,,0,,4,Light,0,-1,1.557,27.037,9.0,25480.0,25180.0,300.0,0.0,0.0,,300000000.0,0.0,300000000.0,0.0,1.0,0.0,
30000090,,,,0,,3,Light,0,-1,1.805,27.045,8.0,25240.0,24940.0,300.0,0.0,0.0,,300000000.0,0.0,300000000.0,0.0,1.0,0.0,
50000091,,,,0,,5,Light,0,-1,1.497,27.302,9.0,25805.0,25505.0,300.0,0.0,0.0,,300000000.0,0.0,300000000.0,0.0,1.0,0.0,
91,,,,0,,0,Light,0,-1,1.351,27.305,9.0,25954.0,25654.0,300.0,0.0,0.0,,300000000.0,0.0,300000000.0,0.0,1.0,0.0,
20000091,,,,0,,2,Light,0,-1,1.628,27.314,11.0,25686.0,25386.0,300.0,0.0,0.0,,300000000.0,0.0,300000000.0,0.0,1.0,0.0,
10000091,,,,0,,1,Light,0,-1,1.402,27.317,8.0,25915.0,25615.0,300.0,0.0,0.0,,300000000.0,0.0,300000000.0,0.0,1.0,0.0,
40000091,,,,0,,4,Light,0,-1,1.577,27.337,20.0,25760.0,25460.0,300.0,0.0,0.0,,300000000.0,0.0,300000000.0,0.0,1.0,0.0,
30000091,,,,0,,3,Light,0,-1,1.808,27.345,3.0,25537.0,25237.0,300.0,0.0,0.0,,300000000.0,0.0,300000000.0,0.0,1.0,0.0,
50000092,,,,0,,5,Light,0,-1,1.537,27.602,40.0,26065.0,25765.0,300.0,0.0,0.0,,300000000.0,0.0,300000000.0,0.0,1.0,0.0,
92,,,,0,,0,Light,0,-1,1.368,27.605,17.0,26237.0,25937.0,300.0,0.0,0.0,,300000000.0,0.0,300000000.0,0.0,1.0,0.0,
20000092,,,,0,,2,Light,0,-1,1.634,27.614,6.0,25980.0,25680.0,300.0,0.0,0.0,,300000000.0,0.0,300000000.0,0.0,1.0,0.0,
10000092,,,,0,,1,Light,0,-1,1.419,27.617,17.0,26198.0,25898.0,300.0,0.0,0.0,,300000000.0,0.0,300000000.0,0.0,1.0,0.0,
40000092,,,,0,,4,Light,0,-1,1.579,27.637,2.0,26058.0,25758.0,300.0,0.0,0.0,,300000000.0,0.0,300000000.0,0.0,1.0,0.0,
30000092,,,,0,,3,Light,0,-1,1.825,27.645,17.0,25820.0,25520.0,300.0,0.0,0.0,,300000000.0,0.0,300000000.0,0.0,1.0,0.0,
50000093,,,,0,,5,Light,0,-1,1.568,27.902,31.0,26334.0,26034.0,300.0,0.0,0.0,,300000000.0,0.0,300000000.0,0.0,1.0,0.0,
93,,,,0,,0,Light,0,-1,1.399,27.905,31.0,26506.0,26206.0,300.0,0.0,0.0,,300000000.0,0.0,300000000.0,0.0,1.0,0.0,
20000093,,,,0,,2,Light,0,-1,1.642,27.914,8.0,26272.0,25972.0,300.0,0.0,0.0,,300000000.0,0.0,300000000.0,0.0,1.0,0.0,
10000093,,,,0,,1,Light,0,-1,1.425,27.917,6.0,26492.0,26192.0,300.0,0.0,0.0,,300000000.0,0.0,300000000.0,0.0,1.0,0.0,
40000093,,,,0,,4,Light,0,-1,1.614,27.937,35.0,26323.0,26023.0,300.0,0.0,0.0,,300000000.0,0.0,300000000.0,0.0,1.0,0.0,
30000093,,,,0,,3,Light,0,-1,1.828,27.945,3.0,26117.0,25817.0,300.0,0.0,0.0,,300000000.0,0.0,300000000.0,0.0,1.0,0.0,
50000094,,,,0,,5,Light,0,-1,1.582,28.202,14.0,26620.0,26320.0,300.0,0.0,0.0,,300000000.0,0.0,300000000.0,0.0,1.0,0.0,
94,,,,0,,0,Light,0,-1,1.431,28.205,32.0,26774.0,26474.0,300.0,0.0,0.0,,300000000.0,0.0,300000000.0,0.0,1.0,0.0,
20000094,,,,0,,2,Light,0,-1,1.651,28.214,9.0,26563.0,26263.0,300.0,0.0,0.0,,300000000.0,0.0,300000000.0,0.0,1.0,0.0,
10000094,,,,0,,1,Light,0,-1,1.442,28.217,17.0,26775.0,26475.0,300.0,0.0,0.0,,300000000.0,0.0,300000000.0,0.0,1.0,0.0,
40000094,,,,0,,4,Light,0,-1,1.631,28.237,17.0,26606.0,26306.0,300.0,0.0,0.0,,300000000.0,0.0,300000000.0,0.0,1.0,0.0,
30000094,,,,0,,3,Light,0,-1,1.831,28.245,3.0,26414.0,26114.0,300.0,0.0,0.0,,300000000.0,0.0,300000000.0,0.0,1.0,0.0,
50000095,,,,0,,5,Light,0,-1,1.585,28.502,3.0,26917.0,26617.0,300.0,0.0,0.0,,300000000.0,0.0,300000000.0,0.0,1.0,0.0,
95,,,,0,,0,Light,0,-1,1.437,28.505,6.0,27068.0,26768.0,300.0,0.0,0.0,,300000000.0,0.0,300000000.0,0.0,1.0,0.0,
20000095,,,,0,,2,Light,0,-1,1.685,28.514,34.0,26829.0,26529.0,300.0,0.0,0.0,,300000000.0,0.0,300000000.0,0.0,1.0,0.0,
10000095,,,,0,,1,Light,0,-1,1.445,28.517,3.0,27072.0,26772.0,300.0,0.0,0.0,,300000000.0,0.0,300000000.0,0.0,1.0,0.0,
40000095,,,,0,,4,Light,0,-1,1.654,28.537,23.0,26883.0,26583.0,300.0,0.0,0.0,,300000000.0,0.0,300000000.0,0.0,1.0,0.0,
30000095,,,,0,,3,Light,0,-1,1.851,28.545,20.0,26694.0,26394.0,300.0,0.0,0.0,,300000000.0,0.0,300000000.0,0.0,1.0,0.0,
50000096,,,,0,,5,Light,0,-1,1.588,28.802,3.0,27214.0,26914.0,300.0,0.0,0.0,,300000000.0,0.0,300000000.0,0.0,1.0,0.0,
96,,,,0,,0,Light,0,-1,1.462,28.805,25.0,27343.0,27043.0,300.0,0.0,0.0,,300000000.0,0.0,300000000.0,0.0,1.0,0.0,
20000096,,,,0,,2,Light,0,-1,1.697,28.814,12.0,27117.0,26817.0,300.0,0.0,0.0,,300000000.0,0.0,300000000.0,0.0,1.0,0.0,
10000096,,,,0,,1,Light,0,-1,1.457,28.817,12.0,27360.0,27060.0,300.0,0.0,0.0,,300000000.0,0.0,300000000.0,0.0,1.0,0.0,
40000096,,,,0,,4,Light,0,-1,1.679,28.837,25.0,27158.0,26858.0,300.0,0.0,0.0,,300000000.0,0.0,300000000.0,0.0,1.0,0.0,
30000096,,,,0,,3,Light,0,-1,1.865,28.845,14.0,26980.0,26680.0,300.0,0.0,0.0,,300000000.0,0.0,300000000.0,0.0,1.0,0.0,
50000097,,,,0,,5,Light,0,-1,1.591,29.102,3.0,27511.0,27211.0,300.0,0.0,0.0,,300000000.0,0.0,300000000.0,0.0,1.0,0.0,
97,,,,0,,0,Light,0,-1,1.479,29.105,17.0,27626.0,27326.0,300.0,0.0,0.0,,300000000.0,0.0,300000000.0,0.0,1.0,0.0,
20000097,,,,0,,2,Light,0,-1,1.699,29.114,2.0,27415.0,27115.0,300.0,0.0,0.0,,300000000.0,0.0,300000000.0,0.0,1.0,0.0,
10000097,,,,0,,1,Light,0,-1,1.459,29.117,2.0,27658.0,27358.0,300.0,0.0,0.0,,300000000.0,0.0,300000000.0,0.0,1.0,0.0,
40000097,,,,0,,4,Light,0,-1,1.682,29.137,3.0,27455.0,27155.0,300.0,0.0,0.0,,300000000.0,0.0,300000000.0,0.0,1.0,0.0,
30000097,,,,0,,3,Light,0,-1,1.879,29.145,14.0,27266.0,26966.0,300.0,0.0,0.0,,300000000.0,0.0,300000000.0,0.0,1.0,0.0,
50000098,,,,0,,5,Light,0,-1,1.594,29.402,3.0,27808.0,27508.0,300.0,0.0,0.0,,300000000.0,0.0,300000000.0,0.0,1.0,0.0,
98,,,,0,,0,Light,0,-1,1.505,29.405,26.0,27900.0,27600.0,300.0,0.0,0.0,,300000000.0,0.0,300000000.0,0.0,1.0,0.0,
20000098,,,,0,,2,Light,0,-1,1.717,29.414,18.0,27697.0,27397.0,300.0,0.0,0.0,,300000000.0,0.0,300000000.0,0.0,1.0,0.0,
10000098,,,,0,,1,Light,0,-1,1.468,29.417,9.0,27949.0,27649.0,300.0,0.0,0.0,,300000000.0,0.0,300000000.0,0.0,1.0,0.0,
40000098,,,,0,,4,Light,0,-1,1.691,29.437,9.0,27746.0,27446.0,300.0,0.0,0.0,,300000000.0,0.0,300000000.0,0.0,1.0,0.0,
30000098,,,,0,,3,Light,0,-1,1.885,29.445,6.0,27560.0,27260.0,300.0,0.0,0.0,,300000000.0,0.0,300000000.0,0.0,1.0,0.0,
50000099,,,,0,,5,Light,0,-1,1.608,29.702,14.0,28094.0,27794.0,300.0,0.0,0.0,,300000000.0,0.0,300000000.0,0.0,1.0,0.0,
99,,,,0,,0,Light,0,-1,1.508,29.705,3.0,28197.0,27897.0,300.0,0.0,0.0,,300000000.0,0.0,300000000.0,0.0,1.0,0.0,
20000099,,,,0,,2,Light,0,-1,1.751,29.714,34.0,27963.0,27663.0,300.0,0.0,0.0,,300000000.0,0.0,300000000.0,0.0,1.0,0.0,
10000099,,,,0,,1,Light,0,-1,1.514,29.717,46.0,28203.0,27903.0,300.0,0.0,0.0,,300000000.0,0.0,300000000.0,0.0,1.0,0.0,
40000099,,,,0,,4,Light,0,-1,1.708,29.737,17.0,28029.0,27729.0,300.0,0.0,0.0,,300000000.0,0.0,300000000.0,0.0,1.0,0.0,
30000099,,,,0,,3,Light,0,-1,1.902,29.745,17.0,27843.0,27543.0,300.0,0.0,0.0,,300000000.0,0.0,300000000.0,0.0,1.0,0.0,
50000100,,,,0,,5,Light,0,-1,1.619,30.002,11.0,28383.0,28083.0,300.0,0.0,0.0,,300000000.0,0.0,300000000.0,0.0,1.0,0.0,
100,,,,0,,0,Light,0,-1,1.522,30.005,14.0,28483.0,28183.0,300.0,0.0,0.0,,300000000.0,0.0,300000000.0,0.0,1.0,0.0,
20000100,,,,0,,2,Light,0,-1,1.765,30.014,14.0,28249.0,27949.0,300.0,0.0,0.0,,300000000.0,0.0,300000000.0,0.0,1.0,0.0,
10000100,,,,0,,1,Light,0,-1,1.559,30.017,45.0,28458.0,28158.0,300.0,0.0,0.0,,300000000.0,0.0,300000000.0,0.0,1.0,0.0,
40000100,,,,0,,4,Light,0,-1,1.711,30.037,3.0,28326.0,28026.0,300.0,0.0,0.0,,300000000.0,0.0,300000000.0,0.0,1.0,0.0,
30000100,,,,0,,3,Light,0,-1,1.914,30.045,12.0,28131.0,27831.0,300.0,0.0,0.0,,300000000.0,0.0,300000000.0,0.0,1.0,0.0,
50000101,,,,0,,5,Light,0,-1,1.625,30.302,6.0,28677.0,28377.0,300.0,0.0,0.0,,300000000.0,0.0,300000000.0,0.0,1.0,0.0,
101,,,,0,,0,Light,0,-1,1.525,30.305,3.0,28780.0,28480.0,300.0,0.0,0.0,,300000000.0,0.0,300000000.0,0.0,1.0,0.0,
20000101,,,,0,,2,Light,0,-1,1.777,30.314,12.0,28537.0,28237.0,300.0,0.0,0.0,,300000000.0,0.0,300000000.0,0.0,1.0,0.0,
10000101,,,,0,,1,Light,0,-1,1.597,30.317,38.0,28720.0,28420.0,300.0,0.0,0.0,,300000000.0,0.0,300000000.0,0.0,1.0,0.0,
40000101,,,,0,,4,Light,0,-1,1.734,30.337,23.0,28603.0,28303.0,300.0,0.0,0.0,,300000000.0,0.0,300000000.0,0.0,1.0,0.0,
30000101,,,,0,,3,Light,0,-1,1.919,30.345,5.0,28426.0,28126.0,300.0,0.0,0.0,,300000000.0,0.0,300000000.0,0.0,1.0,0.0,
50000102,,,,0,,5,Light,0,-1,1.637,30.602,12.0,28965.0,28665.0,300.0,0.0,0.0,,300000000.0,0.0,300000000.0,0.0,1.0,0.0,
102,,,,0,,0,Light,0,-1,1.551,30.605,26.0,29054.0,28754.0,300.0,0.0,0.0,,300000000.0,0.0,300000000.0,0.0,1.0,0.0,
20000102,,,,0,,2,Light,0,-1,1.899,30.614,122.0,28715.0,28415.0,300.0,0.0,0.0,,300000000.0,0.0,300000000.0,0.0,1.0,0.0,
10000102,,,,0,,1,Light,0,-1,1.657,30.617,60.0,28960.0,28660.0,300.0,0.0,0.0,,300000000.0,0.0,300000000.0,0.0,1.0,0.0,
40000102,,,,0,,4,Light,0,-1,1.754,30.637,20.0,28883.0,28583.0,300.0,0.0,0.0,,300000000.0,0.0,300000000.0,0.0,1.0,0.0,
30000102,,,,0,,3,Light,0,-1,1.928,30.645,9.0,28717.0,28417.0,300.0,0.0,0.0,,300000000.0,0.0,300000000.0,0.0,1.0,0.0,
50000103,,,,0,,5,Light,0,-1,1.648,30.902,11.0,29254.0,28954.0,300.0,0.0,0.0,,300000000.0,0.0,300000000.0,0.0,1.0,0.0,
103,,,,0,,0,Light,0,-1,1.565,30.905,14.0,29340.0,29040.0,300.0,0.0,0.0,,300000000.0,0.0,300000000.0,0.0,1.0,0.0,
20000103,,,,0,,2,Light,0,-1,1.934,30.914,35.0,28980.0,28680.0,300.0,0.0,0.0,,300000000.0,0.0,300000000.0,0.0,1.0,0.0,
10000103,,,,0,,1,Light,0,-1,1.659,30.917,2.0,29258.0,28958.0,300.0,0.0,0.0,,300000000.0,0.0,300000000.0,0.0,1.0,0.0,
40000103,,,,0,,4,Light,0,-1,1.762,30.937,8.0,29175.0,28875.0,300.0,0.0,0.0,,300000000.0,0.0,300000000.0,0.0,1.0,0.0,
30000103,,,,0,,3,Light,0,-1,1.931,30.945,3.0,29014.0,28714.0,300.0,0.0,0.0,,300000000.0,0.0,300000000.0,0.0,1.0,0.0,
50000104,,,,0,,5,Light,0,-1,1.665,31.202,17.0,29537.0,29237.0,300.0,0.0,0.0,,300000000.0,0.0,300000000.0,0.0,1.0,0.0,
104,,,,0,,0,Light,0,-1,1.574,31.205,9.0,29631.0,29331.0,300.0,0.0,0.0,,300000000.0,0.0,300000000.0,0.0,1.0,0.0,
20000104,,,,0,,2,Light,0,-1,1.942,31.214,8.0,29272.0,28972.0,300.0,0.0,0.0,,300000000.0,0.0,300000000.0,0.0,1.0,0.0,
10000104,,,,0,,1,Light,0,-1,1.677,31.217,18.0,29540.0,29240.0,300.0,0.0,0.0,,300000000.0,0.0,300000000.0,0.0,1.0,0.0,
40000104,,,,0,,4,Light,0,-1,1.799,31.237,37.0,29438.0,29138.0,300.0,0.0,0.0,,300000000.0,0.0,300000000.0,0.0,1.0,0.0,
30000104,,,,0,,3,Light,0,-1,1.948,31.245,17.0,29297.0,28997.0,300.0,0.0,0.0,,300000000.0,0.0,300000000.0,0.0,1.0,0.0,
50000105,,,,0,,5,Light,0,-1,1.671,31.502,6.0,29831.0,29531.0,300.0,0.0,0.0,,300000000.0,0.0,300000000.0,0.0,1.0,0.0,
105,,,,0,,0,Light,0,-1,1.605,31.505,31.0,29900.0,29600.0,300.0,0.0,0.0,,300000000.0,0.0,300000000.0,0.0,1.0,0.0,
20000105,,,,0,,2,Light,0,-1,1.957,31.514,15.0,29557.0,29257.0,300.0,0.0,0.0,,300000000.0,0.0,300000000.0,0.0,1.0,0.0,
10000105,,,,0,,1,Light,0,-1,1.702,31.517,25.0,29815.0,29515.0,300.0,0.0,0.0,,300000000.0,0.0,300000000.0,0.0,1.0,0.0,
40000105,,,,0,,4,Light,0,-1,1.814,31.537,15.0,29723.0,29423.0,300.0,0.0,0.0,,300000000.0,0.0,300000000.0,0.0,1.0,0.0,
30000105,,,,0,,3,Light,0,-1,1.959,31.545,11.0,29586.0,29286.0,300.0,0.0,0.0,,300000000.0,0.0,300000000.0,0.0,1.0,0.0,
50000106,,,,0,,5,Light,0,-1,1.674,31.802,3.0,30128.0,29828.0,300.0,0.0,0.0,,300000000.0,0.0,300000000.0,0.0,1.0,0.0,
106,,,,0,,0,Light,0,-1,1.622,31.805,17.0,30183.0,29883.0,300.0,0.0,0.0,,300000000.0,0.0,300000000.0,0.0,1.0,0.0,
20000106,,,,0,,2,Light,0,-1,1.968,31.814,11.0,29846.0,29546.0,300.0,0.0,0.0,,300000000.0,0.0,300000000.0,0.0,1.0,0.0,
10000106,,,,0,,1,Light,0,-1,1.731,31.817,29.0,30086.0,29786.0,300.0,0.0,0.0,,300000000.0,0.0,300000000.0,0.0,1.0,0.0,
40000106,,,,0,,4,Light,0,-1,1.862,31.837,48.0,29975.0,29675.0,300.0,0.0,0.0,,300000000.0,0.0,300000000.0,0.0,1.0,0.0,
30000106,,,,0,,3,Light,0,-1,1.997,31.845,38.0,29848.0,29548.0,300.0,0.0,0.0,,300000000.0,0.0,300000000.0,0.0,1.0,0.0,
50000107,,,,0,,5,Light,0,-1,1.714,32.102,40.0,30388.0,30088.0,300.0,0.0,0.0,,300000000.0,0.0,300000000.0,0.0,1.0,0.0,
107,,,,0,,0,Light,0,-1,1.694,32.105,72.0,30411.0,30111.0,300.0,0.0,0.0,,300000000.0,0.0,300000000.0,0.0,1.0,0.0,
20000107,,,,0,,2,Light,0,-1,1.974,32.114,6.0,30140.0,29840.0,300.0,0.0,0.0,,300000000.0,0.0,300000000.0,0.0,1.0,0.0,
10000107,,,,0,,1,Light,0,-1,1.742,32.117,11.0,30375.0,30075.0,300.0,0.0,0.0,,300000000.0,0.0,300000000.0,0.0,1.0,0.0,
40000107,,,,0,,4,Light,0,-1,1.871,32.137,9.0,30266.0,29966.0,300.0,0.0,0.0,,300000000.0,0.0,300000000.0,0.0,1.0,0.0,
30000107,,,,0,,3,Light,0,-1,2.014,32.145,17.0,30131.0,29831.0,300.0,0.0,0.0,,300000000.0,0.0,300000000.0,0.0,1.0,0.0,
50000108,,,,0,,5,Light,0,-1,1.728,32.402,14.0,30674.0,30374.0,300.0,0.0,0.0,,300000000.0,0.0,300000000.0,0.0,1.0,0.0,
108,,,,0,,0,Light,0,-1,1.748,32.405,54.0,30657.0,30357.0,300.0,0.0,0.0,,300000000.0,0.0,300000000.0,0.0,1.0,0.0,
20000108,,,,0,,2,Light,0,-1,1.977,32.414,3.0,30437.0,30137.0,300.0,0.0,0.0,,300000000.0,0.0,300000000.0,0.0,1.0,0.0,
10000108,,,,0,,1,Light,0,-1,1.771,32.417,29.0,30646.0,30346.0,300.0,0.0,0.0,,300000000.0,0.0,300000000.0,0.0,1.0,0.0,
40000108,,,,0,,4,Light,0,-1,1.891,32.437,20.0,30546.0,30246.0,300.0,0.0,0.0,,300000000.0,0.0,300000000.0,0.0,1.0,0.0,
30000108,,,,0,,3,Light,0,-1,2.017,32.445,3.0,30428.0,30128.0,300.0,0.0,0.0,,300000000.0,0.0,300000000.0,0.0,1.0,0.0,
50000109,,,,0,,5,Light,0,-1,1.739,32.702,11.0,30963.0,30663.0,300.0,0.0,0.0,,300000000.0,0.0,300000000.0,0.0,1.0,0.0,
109,,,,0,,0,Light,0,-1,1.768,32.705,20.0,30937.0,30637.0,300.0,0.0,0.0,,300000000.0,0.0,300000000.0,0.0,1.0,0.0,
20000109,,,,0,,2,Light,0,-1,1.979,32.714,2.0,30735.0,30435.0,300.0,0.0,0.0,,300000000.0,0.0,300000000.0,0.0,1.0,0.0,
10000109,,,,0,,1,Light,0,-1,1.779,32.717,8.0,30938.0,30638.0,300.0,0.0,0.0,,300000000.0,0.0,300000000.0,0.0,1.0,0.0,
40000109,,,,0,,4,Light,0,-1,1.894,32.737,3.0,30843.0,30543.0,300.0,0.0,0.0,,300000000.0,0.0,300000000.0,0.0,1.0,0.0,
30000109,,,,0,,3,Light,0,-1,2.025,32.745,8.0,30720.0,30420.0,300.0,0.0,0.0,,300000000.0,0.0,300000000.0,0.0,1.0,0.0,
50000110,,,,0,,5,Light,0,-1,1.745,33.002,6.0,31257.0,30957.0,300.0,0.0,0.0,,300000000.0,0.0,300000000.0,0.0,1.0,0.0,
110,,,,0,,0,Light,0,-1,1.788,33.005,20.0,31217.0,30917.0,300.0,0.0,0.0,,300000000.0,0.0,300000000.0,0.0,1.0,0.0,
20000110,,,,0,,2,Light,0,-1,2.019,33.014,40.0,30995.0,30695.0,300.0,0.0,0.0,,300000000.0,0.0,300000000.0,0.0,1.0,0.0,
10000110,,,,0,,1,Light,0,-1,1.782,33.017,3.0,31235.0,30935.0,300.0,0.0,0.0,,300000000.0,0.0,300000000.0,0.0,1.0,0.0,
40000110,,,,0,,4,Light,0,-1,1.897,33.037,3.0,31140.0,30840.0,300.0,0.0,0.0,,300000000.0,0.0,300000000.0,0.0,1.0,0.0,
30000110,,,,0,,3,Light,0,-1,2.028,33.045,3.0,31017.0,30717.0,300.0,0.0,0.0,,300000000.0,0.0,300000000.0,0.0,1.0,0.0,
50000111,,,,0,,5,Light,0,-1,1.757,33.302,12.0,31545.0,31245.0,300.0,0.0,0.0,,300000000.0,0.0,300000000.0,0.0,1.0,0.0,
111,,,,0,,0,Light,0,-1,1.791,33.305,3.0,31514.0,31214.0,300.0,0.0,0.0,,300000000.0,0.0,300000000.0,0.0,1.0,0.0,
20000111,,,,0,,2,Light,0,-1,2.062,33.314,43.0,31252.0,30952.0,300.0,0.0,0.0,,300000000.0,0.0,300000000.0,0.0,1.0,0.0,
10000111,,,,0,,1,Light,0,-1,1.785,33.317,3.0,31532.0,31232.0,300.0,0.0,0.0,,300000000.0,0.0,300000000.0,0.0,1.0,0.0,
40000111,,,,0,,4,Light,0,-1,1.905,33.337,8.0,31432.0,31132.0,300.0,0.0,0.0,,300000000.0,0.0,300000000.0,0.0,1.0,0.0,
30000111,,,,0,,3,Light,0,-1,2.037,33.345,9.0,31308.0,31008.0,300.0,0.0,0.0,,300000000.0,0.0,300000000.0,0.0,1.0,0.0,
50000112,,,,0,,5,Light,0,-1,1.759,33.602,2.0,31843.0,31543.0,300.0,0.0,0.0,,300000000.0,0.0,300000000.0,0.0,1.0,0.0,
112,,,,0,,0,Light,0,-1,1.802,33.605,11.0,31803.0,31503.0,300.0,0.0,0.0,,300000000.0,0.0,300000000.0,0.0,1.0,0.0,
20000112,,,,0,,2,Light,0,-1,2.065,33.614,3.0,31549.0,31249.0,300.0,0.0,0.0,,300000000.0,0.0,300000000.0,0.0,1.0,0.0,
10000112,,,,0,,1,Light,0,-1,1.794,33.617,9.0,31823.0,31523.0,300.0,0.0,0.0,,300000000.0,0.0,300000000.0,0.0,1.0,0.0,
40000112,,,,0,,4,Light,0,-1,1.911,33.637,6.0,31726.0,31426.0,300.0,0.0,0.0,,300000000.0,0.0,300000000.0,0.0,1.0,0.0,
30000112,,,,0,,3,Light,0,-1,2.039,33.645,2.0,31606.0,31306.0,300.0,0.0,0.0,,300000000.0,0.0,300000000.0,0.0,1.0,0.0,
50000113,,,,0,,5,Light,0,-1,1.774,33.902,15.0,32128.0,31828.0,300.0,0.0,0.0,,300000000.0,0.0,300000000.0,0.0,1.0,0.0,
113,,,,0,,0,Light,0,-1,1.845,33.905,43.0,32060.0,31760.0,300.0,0.0,0.0,,300000000.0,0.0,300000000.0,0.0,1.0,0.0,
20000113,,,,0,,2,Light,0,-1,2.097,33.914,32.0,31817.0,31517.0,300.0,0.0,0.0,,300000000.0,0.0,300000000.0,0.0,1.0,0.0,
10000113,,,,0,,1,Light,0,-1,1.817,33.917,23.0,32100.0,31800.0,300.0,0.0,0.0,,300000000.0,0.0,300000000.0,0.0,1.0,0.0,
40000113,,,,0,,4,Light,0,-1,1.917,33.937,6.0,32020.0,31720.0,300.0,0.0,0.0,,300000000.0,0.0,300000000.0,0.0,1.0,0.0,
30000113,,,,0,,3,Light,0,-1,2.054,33.945,15.0,31891.0,31591.0,300.0,0.0,0.0,,300000000.0,0.0,300000000.0,0.0,1.0,0.0,
50000114,,,,0,,5,Light,0,-1,1.811,34.202,37.0,32391.0,32091.0,300.0,0.0,0.0,,300000000.0,0.0,300000000.0,0.0,1.0,0.0,
114,,,,0,,0,Light,0,-1,1.848,34.205,3.0,32357.0,32057.0,300.0,0.0,0.0,,300000000.0,0.0,300000000.0,0.0,1.0,0.0,
20000114,,,,0,,2,Light,0,-1,2.111,34.214,14.0,32103.0,31803.0,300.0,0.0,0.0,,300000000.0,0.0,300000000.0,0.0,1.0,0.0,
10000114,,,,0,,1,Light,0,-1,1.834,34.217,17.0,32383.0,32083.0,300.0,0.0,0.0,,300000000.0,0.0,300000000.0,0.0,1.0,0.0,
40000114,,,,0,,4,Light,0,-1,1.945,34.237,28.0,32292.0,31992.0,300.0,0.0,0.0,,300000000.0,0.0,300000000.0,0.0,1.0,0.0,
30000114,,,,0,,3,Light,0,-1,2.057,34.245,3.0,32188.0,31888.0,300.0,0.0,0.0,,300000000.0,0.0,300000000.0,0.0,1.0,0.0,
50000115,,,,0,,5,Light,0,-1,1.819,34.502,8.0,32683.0,32383.0,300.0,0.0,0.0,,300000000.0,0.0,300000000.0,0.0,1.0,0.0,
115,,,,0,,0,Light,0,-1,1.868,34.505,20.0,32637.0,32337.0,300.0,0.0,0.0,,300000000.0,0.0,300000000.0,0.0,1.0,0.0,
20000115,,,,0,,2,Light,0,-1,2.177,34.514,66.0,32337.0,32037.0,300.0,0.0,0.0,,300000000.0,0.0,300000000.0,0.0,1.0,0.0,
10000115,,,,0,,1,Light,0,-1,1.837,34.517,3.0,32680.0,32380.0,300.0,0.0,0.0,,300000000.0,0.0,300000000.0,0.0,1.0,0.0,
40000115,,,,0,,4,Light,0,-1,1.982,34.537,37.0,32555.0,32255.0,300.0,0.0,0.0,,300000000.0,0.0,300000000.0,0.0,1.0,0.0,
30000115,,,,0,,3,Light,0,-1,2.068,34.545,11.0,32477.0,32177.0,300.0,0.0,0.0,,300000000.0,0.0,300000000.0,0.0,1.0,0.0,
50000116,,,,0,,5,Light,0,-1,1.822,34.802,3.0,32980.0,32680.0,300.0,0.0,0.0,,300000000.0,0.0,300000000.0,0.0,1.0,0.0,
116,,,,0,,0,Light,0,-1,1.877,34.805,9.0,32928.0,32628.0,300.0,0.0,0.0,,300000000.0,0.0,300000000.0,0.0,1.0,0.0,
20000116,,,,0,,2,Light,0,-1,2.182,34.814,5.0,32632.0,32332.0,300.0,0.0,0.0,,300000000.0,0.0,300000000.0,0.0,1.0,0.0,
10000116,,,,0,,1,Light,0,-1,1.854,34.817,17.0,32963.0,32663.0,300.0,0.0,0.0,,300000000.0,0.0,300000000.0,0.0,1.0,0.0,
40000116,,,,0,,4,Light,0,-1,2.022,34.837,40.0,32815.0,32515.0,300.0,0.0,0.0,,300000000.0,0.0,300000000.0,0.0,1.0,0.0,
30000116,,,,0,,3,Light,0,-1,2.071,34.845,3.0,32774.0,32474.0,300.0,0.0,0.0,,300000000.0,0.0,300000000.0,0.0,1.0,0.0,
50000117,,,,0,,5,Light,0,-1,1.839,35.102,17.0,33263.0,32963.0,300.0,0.0,0.0,,300000000.0,0.0,300000000.0,0.0,1.0,0.0,
117,,,,0,,0,Light,0,-1,1.962,35.105,85.0,33143.0,32843.0,300.0,0.0,0.0,,300000000.0,0.0,300000000.0,0.0,1.0,0.0,
20000117,,,,0,,2,Light,0,-1,2.191,35.114,9.0,32923.0,32623.0,300.0,0.0,0.0,,300000000.0,0.0,300000000.0,0.0,1.0,0.0,
10000117,,,,0,,1,Light,0,-1,1.857,35.117,3.0,33260.0,32960.0,300.0,0.0,0.0,,300000000.0,0.0,300000000.0,0.0,1.0,0.0,
40000117,,,,0,,4,Light,0,-1,2.042,35.137,20.0,33095.0,32795.0,300.0,0.0,0.0,,300000000.0,0.0,300000000.0,0.0,1.0,0.0,
30000117,,,,0,,3,Light,0,-1,2.091,35.145,20.0,33054.0,32754.0,300.0,0.0,0.0,,300000000.0,0.0,300000000.0,0.0,1.0,0.0,
50000118,,,,0,,5,Light,0,-1,1.842,35.402,3.0,33560.0,33260.0,300.0,0.0,0.0,,300000000.0,0.0,300000000.0,0.0,1.0,0.0,
118,,,,0,,0,Light,0,-1,1.985,35.405,23.0,33420.0,33120.0,300.0,0.0,0.0,,300000000.0,0.0,300000000.0,0.0,1.0,0.0,
20000118,,,,0,,2,Light,0,-1,2.194,35.414,3.0,33220.0,32920.0,300.0,0.0,0.0,,300000000.0,0.0,300000000.0,0.0,1.0,0.0,
10000118,,,,0,,1,Light,0,-1,1.874,35.417,17.0,33543.0,33243.0,300.0,0.0,0.0,,300000000.0,0.0,300000000.0,0.0,1.0,0.0,
40000118,,,,0,,4,Light,0,-1,2.051,35.437,9.0,33386.0,33086.0,300.0,0.0,0.0,,300000000.0,0.0,300000000.0,0.0,1.0,0.0,
30000118,,,,0,,3,Light,0,-1,2.099,35.445,8.0,33346.0,33046.0,300.0,0.0,0.0,,300000000.0,0.0,300000000.0,0.0,1.0,0.0,
50000119,,,,0,,5,Light,0,-1,1.859,35.702,17.0,33843.0,33543.0,300.0,0.0,0.0,,300000000.0,0.0,300000000.0,0.0,1.0,0.0,
119,,,,0,,0,Light,0,-1,2.011,35.705,26.0,33694.0,33394.0,300.0,0.0,0.0,,300000000.0,0.0,300000000.0,0.0,1.0,0.0,
20000119,,,,0,,2,Light,0,-1,2.199,35.714,5.0,33515.0,33215.0,300.0,0.0,0.0,,300000000.0,0.0,300000000.0,0.0,1.0,0.0,
10000119,,,,0,,1,Light,0,-1,1.882,35.717,8.0,33835.0,33535.0,300.0,0.0,0.0,,300000000.0,0.0,300000000.0,0.0,1.0,0.0,
40000119,,,,0,,4,Light,0,-1,2.074,35.737,23.0,33663.0,33363.0,300.0,0.0,0.0,,300000000.0,0.0,300000000.0,0.0,1.0,0.0,
30000119,,,,0,,3,Light,0,-1,2.102,35.745,3.0,33643.0,33343.0,300.0,0.0,0.0,,300000000.0,0.0,300000000.0,0.0,1.0,0.0,
50000120,,,,0,,5,Light,0,-1,1.888,36.002,29.0,34114.0,33814.0,300.0,0.0,0.0,,300000000.0,0.0,300000000.0,0.0,1.0,0.0,
120,,,,0,,0,Light,0,-1,2.031,36.005,20.0,33974.0,33674.0,300.0,0.0,0.0,,300000000.0,0.0,300000000.0,0.0,1.0,0.0,
20000120,,,,0,,2,Light,0,-1,2.205,36.014,6.0,33809.0,33509.0,300.0,0.0,0.0,,300000000.0,0.0,300000000.0,0.0,1.0,0.0,
10000120,,,,0,,1,Light,0,-1,1.922,36.017,40.0,34095.0,33795.0,300.0,0.0,0.0,,300000000.0,0.0,300000000.0,0.0,1.0,0.0,
40000120,,,,0,,4,Light,0,-1,2.082,36.037,8.0,33955.0,33655.0,300.0,0.0,0.0,,300000000.0,0.0,300000000.0,0.0,1.0,0.0,
30000120,,,,0,,3,Light,0,-1,2.108,36.045,6.0,33937.0,33637.0,300.0,0.0,0.0,,300000000.0,0.0,300000000.0,0.0,1.0,0.0,
50000121,,,,0,,5,Light,0,-1,1.908,36.302,20.0,34394.0,34094.0,300.0,0.0,0.0,,300000000.0,0.0,300000000.0,0.0,1.0,0.0,
121,,,,0,,0,Light,0,-1,2.048,36.305,17.0,34257.0,33957.0,300.0,0.0,0.0,,300000000.0,0.0,300000000.0,0.0,1.0,0.0,
20000121,,,,0,,2,Light,0,-1,2.225,36.314,20.0,34089.0,33789.0,300.0,0.0,0.0,,300000000.0,0.0,300000000.0,0.0,1.0,0.0,
10000121,,,,0,,1,Light,0,-1,1.937,36.317,15.0,34380.0,34080.0,300.0,0.0,0.0,,300000000.0,0.0,300000000.0,0.0,1.0,0.0,
40000121,,,,0,,4,Light,0,-1,2.085,36.337,3.0,34252.0,33952.0,300.0,0.0,0.0,,300000000.0,0.0,300000000.0,0.0,1.0,0.0,
30000121,,,,0,,3,Light,0,-1,2.119,36.345,11.0,34226.0,33926.0,300.0,0.0,0.0,,300000000.0,0.0,300000000.0,0.0,1.0,0.0,
50000122,,,,0,,5,Light,0,-1,1.925,36.602,17.0,34677.0,34377.0,300.0,0.0,0.0,,300000000.0,0.0,300000000.0,0.0,1.0,0.0,
122,,,,0,,0,Light,0,-1,2.059,36.605,11.0,34546.0,34246.0,300.0,0.0,0.0,,300000000.0,0.0,300000000.0,0.0,1.0,0.0,
20000122,,,,0,,2,Light,0,-1,2.285,36.614,60.0,34329.0,34029.0,300.0,0.0,0.0,,300000000.0,0.0,300000000.0,0.0,1.0,0.0,
10000122,,,,0,,1,Light,0,-1,1.954,36.617,17.0,34663.0,34363.0,300.0,0.0,0.0,,300000000.0,0.0,300000000.0,0.0,1.0,0.0,
40000122,,,,0,,4,Light,0,-1,2.134,36.637,49.0,34503.0,34203.0,300.0,0.0,0.0,,300000000.0,0.0,300000000.0,0.0,1.0,0.0,
30000122,,,,0,,3,Light,0,-1,2.128,36.645,9.0,34517.0,34217.0,300.0,0.0,0.0,,300000000.0,0.0,300000000.0,0.0,1.0,0.0,
50000123,,,,0,,5,Light,0,-1,1.939,36.902,14.0,34963.0,34663.0,300.0,0.0,0.0,,300000000.0,0.0,300000000.0,0.0,1.0,0.0,
123,,,,0,,0,Light,0,-1,2.105,36.905,46.0,34800.0,34500.0,300.0,0.0,0.0,,300000000.0,0.0,300000000.0,0.0,1.0,0.0,
20000123,,,,0,,2,Light,0,-1,2.288,36.914,3.0,34626.0,34326.0,300.0,0.0,0.0,,300000000.0,0.0,300000000.0,0.0,1.0,0.0,
10000123,,,,0,,1,Light,0,-1,1.971,36.917,17.0,34946.0,34646.0,300.0,0.0,0.0,,300000000.0,0.0,300000000.0,0.0,1.0,0.0,
40000123,,,,0,,4,Light,0,-1,2.137,36.937,3.0,34800.0,34500.0,300.0,0.0,0.0,,300000000.0,0.0,300000000.0,0.0,1.0,0.0,
30000123,,,,0,,3,Light,0,-1,2.142,36.945,14.0,34803.0,34503.0,300.0,0.0,0.0,,300000000.0,0.0,300000000.0,0.0,1.0,0.0,
50000124,,,,0,,5,Light,0,-1,1.951,37.202,12.0,35251.0,34951.0,300.0,0.0,0.0,,300000000.0,0.0,300000000.0,0.0,1.0,0.0,
124,,,,0,,0,Light,0,-1,2.139,37.205,34.0,35066.0,34766.0,300.0,0.0,0.0,,300000000.0,0.0,300000000.0,0.0,1.0,0.0,
20000124,,,,0,,2,Light,0,-1,2.311,37.214,23.0,34903.0,34603.0,300.0,0.0,0.0,,300000000.0,0.0,300000000.0,0.0,1.0,0.0,
10000124,,,,0,,1,Light,0,-1,1.988,37.217,17.0,35229.0,34929.0,300.0,0.0,0.0,,300000000.0,0.0,300000000.0,0.0,1.0,0.0,
40000124,,,,0,,4,Light,0,-1,2.145,37.237,8.0,35092.0,34792.0,300.0,0.0,0.0,,300000000.0,0.0,300000000.0,0.0,1.0,0.0,
30000124,,,,0,,3,Light,0,-1,2.162,37.245,20.0,35083.0,34783.0,300.0,0.0,0.0,,300000000.0,0.0,300000000.0,0.0,1.0,0.0,
50000125,,,,0,,5,Light,0,-1,1.965,37.502,14.0,35537.0,35237.0,300.0,0.0,0.0,,300000000.0,0.0,300000000.0,0.0,1.0,0.0,
125,,,,0,,0,Light,0,-1,2.154,37.505,15.0,35351.0,35051.0,300.0,0.0,0.0,,300000000.0,0.0,300000000.0,0.0,1.0,0.0,
20000125,,,,0,,2,Light,0,-1,2.322,37.514,11.0,35192.0,34892.0,300.0,0.0,0.0,,300000000.0,0.0,300000000.0,0.0,1.0,0.0,
10000125,,,,0,,1,Light,0,-1,1.991,37.517,3.0,35526.0,35226.0,300.0,0.0,0.0,,300000000.0,0.0,300000000.0,0.0,1.0,0.0,
40000125,,,,0,,4,Light,0,-1,2.148,37.537,3.0,35389.0,35089.0,300.0,0.0,0.0,,300000000.0,0.0,300000000.0,0.0,1.0,0.0,
30000125,,,,0,,3,Light,0,-1,2.168,37.545,6.0,35377.0,35077.0,300.0,0.0,0.0,,300000000.0,0.0,300000000.0,0.0,1.0,0.0,
50000126,,,,0,,5,Light,0,-1,1.999,37.802,34.0,35803.0,35503.0,300.0,0.0,0.0,,300000000.0,0.0,300000000.0,0.0,1.0,0.0,
126,,,,0,,0,Light,0,-1,2.157,37.805,3.0,35648.0,35348.0,300.0,0.0,0.0,,300000000.0,0.0,300000000.0,0.0,1.0,0.0,
20000126,,,,0,,2,Light,0,-1,2.362,37.814,40.0,35452.0,35152.0,300.0,0.0,0.0,,300000000.0,0.0,300000000.0,0.0,1.0,0.0,
10000126,,,,0,,1,Light,0,-1,1.994,37.817,3.0,35823.0,35523.0,300.0,0.0,0.0,,300000000.0,0.0,300000000.0,0.0,1.0,0.0,
40000126,,,,0,,4,Light,0,-1,2.219,37.837,71.0,35618.0,35318.0,300.0,0.0,0.0,,300000000.0,0.0,300000000.0,0.0,1.0,0.0,
30000126,,,,0,,3,Light,0,-1,2.179,37.845,11.0,35666.0,35366.0,300.0,0.0,0.0,,300000000.0,0.0,300000000.0,0.0,1.0,0.0,
50000127,,,,0,,5,Light,0,-1,2.005,38.102,6.0,36097.0,35797.0,300.0,0.0,0.0,,300000000.0,0.0,300000000.0,0.0,1.0,0.0,
127,,,,0,,0,Light,0,-1,2.174,38.105,17.0,35931.0,35631.0,300.0,0.0,0.0,,300000000.0,0.0,300000000.0,0.0,1.0,0.0,
20000127,,,,0,,2,Light,0,-1,2.379,38.114,17.0,35735.0,35435.0,300.0,0.0,0.0,,300000000.0,0.0,300000000.0,0.0,1.0,0.0,
10000127,,,,0,,1,Light,0,-1,2.002,38.117,8.0,36115.0,35815.0,300.0,0.0,0.0,,300000000.0,0.0,300000000.0,0.0,1.0,0.0,
40000127,,,,0,,4,Light,0,-1,2.254,38.137,35.0,35883.0,35583.0,300.0,0.0,0.0,,300000000.0,0.0,300000000.0,0.0,1.0,0.0,
30000127,,,,0,,3,Light,0,-1,2.188,38.145,9.0,35957.0,35657.0,300.0,0.0,0.0,,300000000.0,0.0,300000000.0,0.0,1.0,0.0,
50000128,,,,0,,5,Light,0,-1,2.045,38.402,40.0,36357.0,36057.0,300.0,0.0,0.0,,300000000.0,0.0,300000000.0,0.0,1.0,0.0,
128,,,,0,,0,Light,0,-1,2.208,38.405,34.0,36197.0,35897.0,300.0,0.0,0.0,,300000000.0,0.0,300000000.0,0.0,1.0,0.0,
20000128,,,,0,,2,Light,0,-1,2.391,38.414,12.0,36023.0,35723.0,300.0,0.0,0.0,,300000000.0,0.0,300000000.0,0.0,1.0,0.0,
10000128,,,,0,,1,Light,0,-1,2.008,38.417,6.0,36409.0,36109.0,300.0,0.0,0.0,,300000000.0,0.0,300000000.0,0.0,1.0,0.0,
40000128,,,,0,,4,Light,0,-1,2.274,38.437,20.0,36163.0,35863.0,300.0,0.0,0.0,,300000000.0,0.0,300000000.0,0.0,1.0,0.0,
30000128,,,,0,,3,Light,0,-1,2.197,38.445,9.0,36248.0,35948.0,300.0,0.0,0.0,,300000000.0,0.0,300000000.0,0.0,1.0,0.0,
50000129,,,,0,,5,Light,0,-1,2.077,38.702,32.0,36625.0,36325.0,300.0,0.0,0.0,,300000000.0,0.0,300000000.0,0.0,1.0,0.0,
129,,,,0,,0,Light,0,-1,2.214,38.705,6.0,36491.0,36191.0,300.0,0.0,0.0,,300000000.0,0.0,300000000.0,0.0,1.0,0.0,
20000129,,,,0,,2,Light,0,-1,2.402,38.714,11.0,36312.0,36012.0,300.0,0.0,0.0,,300000000.0,0.0,300000000.0,0.0,1.0,0.0,
10000129,,,,0,,1,Light,0,-1,2.034,38.717,26.0,36683.0,36383.0,300.0,0.0,0.0,,300000000.0,0.0,300000000.0,0.0,1.0,0.0,
40000129,,,,0,,4,Light,0,-1,2.294,38.737,20.0,36443.0,36143.0,300.0,0.0,0.0,,300000000.0,0.0,300000000.0,0.0,1.0,0.0,
30000129,,,,0,,3,Light,0,-1,2.202,38.745,5.0,36543.0,36243.0,300.0,0.0,0.0,,300000000.0,0.0,300000000.0,0.0,1.0,0.0,
50000130,,,,0,,5,Light,0,-1,2.079,39.002,2.0,36923.0,36623.0,300.0,0.0,0.0,,300000000.0,0.0,300000000.0,0.0,1.0,0.0,
130,,,,0,,0,Light,0,-1,2.222,39.005,8.0,36783.0,36483.0,300.0,0.0,0.0,,300000000.0,0.0,300000000.0,0.0,1.0,0.0,
20000130,,,,0,,2,Light,0,-1,2.419,39.014,17.0,36595.0,36295.0,300.0,0.0,0.0,,300000000.0,0.0,300000000.0,0.0,1.0,0.0,
10000130,,,,0,,1,Light,0,-1,2.088,39.017,54.0,36929.0,36629.0,300.0,0.0,0.0,,300000000.0,0.0,300000000.0,0.0,1.0,0.0,
40000130,,,,0,,4,Light,0,-1,2.297,39.037,3.0,36740.0,36440.0,300.0,0.0,0.0,,300000000.0,0.0,300000000.0,0.0,1.0,0.0,
30000130,,,,0,,3,Light,0,-1,2.211,39.045,9.0,36834.0,36534.0,300.0,0.0,0.0,,300000000.0,0.0,300000000.0,0.0,1.0,0.0,
50000131,,,,0,,5,Light,0,-1,2.114,39.302,35.0,37188.0,36888.0,300.0,0.0,0.0,,300000000.0,0.0,300000000.0,0.0,1.0,0.0,
131,,,,0,,0,Light,0,-1,2.234,39.305,12.0,37071.0,36771.0,300.0,0.0,0.0,,300000000.0,0.0,300000000.0,0.0,1.0,0.0,
20000131,,,,0,,2,Light,0,-1,2.448,39.314,29.0,36866.0,36566.0,300.0,0.0,0.0,,300000000.0,0.0,300000000.0,0.0,1.0,0.0,
10000131,,,,0,,1,Light,0,-1,2.094,39.317,6.0,37223.0,36923.0,300.0,0.0,0.0,,300000000.0,0.0,300000000.0,0.0,1.0,0.0,
40000131,,,,0,,4,Light,0,-1,2.317,39.337,20.0,37020.0,36720.0,300.0,0.0,0.0,,300000000.0,0.0,300000000.0,0.0,1.0,0.0,
30000131,,,,0,,3,Light,0,-1,2.265,39.345,54.0,37080.0,36780.0,300.0,0.0,0.0,,300000000.0,0.0,300000000.0,0.0,1.0,0.0,
50000132,,,,0,,5,Light,0,-1,2.117,39.602,3.0,37485.0,37185.0,300.0,0.0,0.0,,300000000.0,0.0,300000000.0,0.0,1.0,0.0,
132,,,,0,,0,Light,0,-1,2.239,39.605,5.0,37366.0,37066.0,300.0,0.0,0.0,,300000000.0,0.0,300000000.0,0.0,1.0,0.0,
20000132,,,,0,,2,Light,0,-1,2.471,39.614,23.0,37143.0,36843.0,300.0,0.0,0.0,,300000000.0,0.0,300000000.0,0.0,1.0,0.0,
10000132,,,,0,,1,Light,0,-1,2.125,39.617,31.0,37492.0,37192.0,300.0,0.0,0.0,,300000000.0,0.0,300000000.0,0.0,1.0,0.0,
40000132,,,,0,,4,Light,0,-1,2.325,39.637,8.0,37312.0,37012.0,300.0,0.0,0.0,,300000000.0,0.0,300000000.0,0.0,1.0,0.0,
30000132,,,,0,,3,Light,0,-1,2.279,39.645,14.0,37366.0,37066.0,300.0,0.0,0.0,,300000000.0,0.0,300000000.0,0.0,1.0,0.0,
50000133,,,,0,,5,Light,0,-1,2.122,39.902,5.0,37780.0,37480.0,300.0,0.0,0.0,,300000000.0,0.0,300000000.0,0.0,1.0,0.0,
133,,,,0,,0,Light,0,-1,2.242,39.905,3.0,37663.0,37363.0,300.0,0.0,0.0,,300000000.0,0.0,300000000.0,0.0,1.0,0.0,
20000133,,,,0,,2,Light,0,-1,2.474,39.914,3.0,37440.0,37140.0,300.0,0.0,0.0,,300000000.0,0.0,300000000.0,0.0,1.0,0.0,
10000133,,,,0,,1,Light,0,-1,2.131,39.917,6.0,37786.0,37486.0,300.0,0.0,0.0,,300000000.0,0.0,300000000.0,0.0,1.0,0.0,
40000133,,,,0,,4,Light,0,-1,2.345,39.937,20.0,37592.0,37292.0,300.0,0.0,0.0,,300000000.0,0.0,300000000.0,0.0,1.0,0.0,
30000133,,,,0,,3,Light,0,-1,2.331,39.945,52.0,37614.0,37314.0,300.0,0.0,0.0,,300000000.0,0.0,300000000.0,0.0,1.0,0.0,
50000134,,,,0,,5,Light,0,-1,2.151,40.202,29.0,38051.0,37751.0,300.0,0.0,0.0,,300000000.0,0.0,300000000.0,0.0,1.0,0.0,
134,,,,0,,0,Light,0,-1,2.251,40.205,9.0,37954.0,37654.0,300.0,0.0,0.0,,300000000.0,0.0,300000000.0,0.0,1.0,0.0,
20000134,,,,0,,2,Light,0,-1,2.482,40.214,8.0,37732.0,37432.0,300.0,0.0,0.0,,300000000.0,0.0,300000000.0,0.0,1.0,0.0,
10000134,,,,0,,1,Light,0,-1,2.165,40.217,34.0,38052.0,37752.0,300.0,0.0,0.0,,300000000.0,0.0,300000000.0,0.0,1.0,0.0,
40000134,,,,0,,4,Light,0,-1,2.368,40.237,23.0,37869.0,37569.0,300.0,0.0,0.0,,300000000.0,0.0,300000000.0,0.0,1.0,0.0,
30000134,,,,0,,3,Light,0,-1,2.334,40.245,3.0,37911.0,37611.0,300.0,0.0,0.0,,300000000.0,0.0,300000000.0,0.0,1.0,0.0,
50000135,,,,0,,5,Light,0,-1,2.159,40.502,8.0,38343.0,38043.0,300.0,0.0,0.0,,300000000.0,0.0,300000000.0,0.0,1.0,0.0,
135,,,,0,,0,Light,0,-1,2.271,40.505,20.0,38234.0,37934.0,300.0,0.0,0.0,,300000000.0,0.0,300000000.0,0.0,1.0,0.0,
20000135,,,,0,,2,Light,0,-1,2.505,40.514,23.0,38009.0,37709.0,300.0,0.0,0.0,,300000000.0,0.0,300000000.0,0.0,1.0,0.0,
10000135,,,,0,,1,Light,0,-1,2.171,40.517,6.0,38346.0,38046.0,300.0,0.0,0.0,,300000000.0,0.0,300000000.0,0.0,1.0,0.0,
40000135,,,,0,,4,Light,0,-1,2.374,40.537,6.0,38163.0,37863.0,300.0,0.0,0.0,,300000000.0,0.0,300000000.0,0.0,1.0,0.0,
30000135,,,,0,,3,Light,0,-1,2.385,40.545,51.0,38160.0,37860.0,300.0,0.0,0.0,,300000000.0,0.0,300000000.0,0.0,1.0,0.0,
50000136,,,,0,,5,Light,0,-1,2.217,40.802,58.0,38585.0,38285.0,300.0,0.0,0.0,,300000000.0,0.0,300000000.0,0.0,1.0,0.0,
136,,,,0,,0,Light,0,-1,2.305,40.805,34.0,38500.0,38200.0,300.0,0.0,0.0,,300000000.0,0.0,300000000.0,0.0,1.0,0.0,
20000136,,,,0,,2,Light,0,-1,2.514,40.814,9.0,38300.0,38000.0,300.0,0.0,0.0,,300000000.0,0.0,300000000.0,0.0,1.0,0.0,
10000136,,,,0,,1,Light,0,-1,2.185,40.817,14.0,38632.0,38332.0,300.0,0.0,0.0,,300000000.0,0.0,300000000.0,0.0,1.0,0.0,
40000136,,,,0,,4,Light,0,-1,2.382,40.837,8.0,38455.0,38155.0,300.0,0.0,0.0,,300000000.0,0.0,300000000.0,0.0,1.0,0.0,
30000136,,,,0,,3,Light,0,-1,2.408,40.845,23.0,38437.0,38137.0,300.0,0.0,0.0,,300000000.0,0.0,300000000.0,0.0,1.0,0.0,
50000137,,,,0,,5,Light,0,-1,2.231,41.102,14.0,38871.0,38571.0,300.0,0.0,0.0,,300000000.0,0.0,300000000.0,0.0,1.0,0.0,
137,,,,0,,0,Light,0,-1,2.314,41.105,9.0,38791.0,38491.0,300.0,0.0,0.0,,300000000.0,0.0,300000000.0,0.0,1.0,0.0,
20000137,,,,0,,2,Light,0,-1,2.525,41.114,11.0,38589.0,38289.0,300.0,0.0,0.0,,300000000.0,0.0,300000000.0,0.0,1.0,0.0,
10000137,,,,0,,1,Light,0,-1,2.228,41.117,43.0,38889.0,38589.0,300.0,0.0,0.0,,300000000.0,0.0,300000000.0,0.0,1.0,0.0,
40000137,,,,0,,4,Light,0,-1,2.397,41.137,15.0,38740.0,38440.0,300.0,0.0,0.0,,300000000.0,0.0,300000000.0,0.0,1.0,0.0,
30000137,,,,0,,3,Light,0,-1,2.411,41.145,3.0,38734.0,38434.0,300.0,0.0,0.0,,300000000.0,0.0,300000000.0,0.0,1.0,0.0,
50000138,,,,0,,5,Light,0,-1,2.237,41.402,6.0,39165.0,38865.0,300.0,0.0,0.0,,300000000.0,0.0,300000000.0,0.0,1.0,0.0,
138,,,,0,,0,Light,0,-1,2.319,41.405,5.0,39086.0,38786.0,300.0,0.0,0.0,,300000000.0,0.0,300000000.0,0.0,1.0,0.0,
20000138,,,,0,,2,Light,0,-1,2.528,41.414,3.0,38886.0,38586.0,300.0,0.0,0.0,,300000000.0,0.0,300000000.0,0.0,1.0,0.0,
10000138,,,,0,,1,Light,0,-1,2.245,41.417,17.0,39172.0,38872.0,300.0,0.0,0.0,,300000000.0,0.0,300000000.0,0.0,1.0,0.0,
40000138,,,,0,,4,Light,0,-1,2.442,41.437,45.0,38995.0,38695.0,300.0,0.0,0.0,,300000000.0,0.0,300000000.0,0.0,1.0,0.0,
30000138,,,,0,,3,Light,0,-1,2.417,41.445,6.0,39028.0,38728.0,300.0,0.0,0.0,,300000000.0,0.0,300000000.0,0.0,1.0,0.0,
50000139,,,,0,,5,Light,0,-1,2.268,41.702,31.0,39434.0,39134.0,300.0,0.0,0.0,,300000000.0,0.0,300000000.0,0.0,1.0,0.0,
139,,,,0,,0,Light,0,-1,2.342,41.705,23.0,39363.0,39063.0,300.0,0.0,0.0,,300000000.0,0.0,300000000.0,0.0,1.0,0.0,
20000139,,,,0,,2,Light,0,-1,2.531,41.714,3.0,39183.0,38883.0,300.0,0.0,0.0,,300000000.0,0.0,300000000.0,0.0,1.0,0.0,
10000139,,,,0,,1,Light,0,-1,2.248,41.717,3.0,39469.0,39169.0,300.0,0.0,0.0,,300000000.0,0.0,300000000.0,0.0,1.0,0.0,
40000139,,,,0,,4,Light,0,-1,2.451,41.737,9.0,39286.0,38986.0,300.0,0.0,0.0,,300000000.0,0.0,300000000.0,0.0,1.0,0.0,
30000139,,,,0,,3,Light,0,-1,2.425,41.745,8.0,39320.0,39020.0,300.0,0.0,0.0,,300000000.0,0.0,300000000.0,0.0,1.0,0.0,
50000140,,,,0,,5,Light,0,-1,2.282,42.002,14.0,39720.0,39420.0,300.0,0.0,0.0,,300000000.0,0.0,300000000.0,0.0,1.0,0.0,
140,,,,0,,0,Light,0,-1,2.357,42.005,15.0,39648.0,39348.0,300.0,0.0,0.0,,300000000.0,0.0,300000000.0,0.0,1.0,0.0,
20000140,,,,0,,2,Light,0,-1,2.534,42.014,3.0,39480.0,39180.0,300.0,0.0,0.0,,300000000.0,0.0,300000000.0,0.0,1.0,0.0,
10000140,,,,0,,1,Light,0,-1,2.257,42.017,9.0,39760.0,39460.0,300.0,0.0,0.0,,300000000.0,0.0,300000000.0,0.0,1.0,0.0,
40000140,,,,0,,4,Light,0,-1,2.454,42.037,3.0,39583.0,39283.0,300.0,0.0,0.0,,300000000.0,0.0,300000000.0,0.0,1.0,0.0,
30000140,,,,0,,3,Light,0,-1,2.434,42.045,9.0,39611.0,39311.0,300.0,0.0,0.0,,300000000.0,0.0,300000000.0,0.0,1.0,0.0,
50000141,,,,0,,5,Light,0,-1,2.299,42.302,17.0,40003.0,39703.0,300.0,0.0,0.0,,300000000.0,0.0,300000000.0,0.0,1.0,0.0,
141,,,,0,,0,Light,0,-1,2.371,42.305,14.0,39934.0,39634.0,300.0,0.0,0.0,,300000000.0,0.0,300000000.0,0.0,1.0,0.0,
20000141,,,,0,,2,Light,0,-1,2.542,42.314,8.0,39772.0,39472.0,300.0,0.0,0.0,,300000000.0,0.0,300000000.0,0.0,1.0,0.0,
10000141,,,,0,,1,Light,0,-1,2.259,42.317,2.0,40058.0,39758.0,300.0,0.0,0.0,,300000000.0,0.0,300000000.0,0.0,1.0,0.0,
40000141,,,,0,,4,Light,0,-1,2.468,42.337,14.0,39869.0,39569.0,300.0,0.0,0.0,,300000000.0,0.0,300000000.0,0.0,1.0,0.0,
30000141,,,,0,,3,Light,0,-1,2.457,42.345,23.0,39888.0,39588.0,300.0,0.0,0.0,,300000000.0,0.0,300000000.0,0.0,1.0,0.0,
50000142,,,,0,,5,Light,0,-1,2.302,42.602,3.0,40300.0,40000.0,300.0,0.0,0.0,,300000000.0,0.0,300000000.0,0.0,1.0,0.0,
142,,,,0,,0,Light,0,-1,2.377,42.605,6.0,40228.0,39928.0,300.0,0.0,0.0,,300000000.0,0.0,300000000.0,0.0,1.0,0.0,
20000142,,,,0,,2,Light,0,-1,2.599,42.614,57.0,40015.0,39715.0,300.0,0.0,0.0,,300000000.0,0.0,300000000.0,0.0,1.0,0.0,
10000142,,,,0,,1,Light,0,-1,2.262,42.617,3.0,40355.0,40055.0,300.0,0.0,0.0,,300000000.0,0.0,300000000.0,0.0,1.0,0.0,
40000142,,,,0,,4,Light,0,-1,2.494,42.637,26.0,40143.0,39843.0,300.0,0.0,0.0,,300000000.0,0.0,300000000.0,0.0,1.0,0.0,
30000142,,,,0,,3,Light,0,-1,2.459,42.645,2.0,40186.0,39886.0,300.0,0.0,0.0,,300000000.0,0.0,300000000.0,0.0,1.0,0.0,
50000143,,,,0,,5,Light,0,-1,2.328,42.902,26.0,40574.0,40274.0,300.0,0.0,0.0,,300000000.0,0.0,300000000.0,0.0,1.0,0.0,
143,,,,0,,0,Light,0,-1,2.394,42.905,17.0,40511.0,40211.0,300.0,0.0,0.0,,300000000.0,0.0,300000000.0,0.0,1.0,0.0,
20000143,,,,0,,2,Light,0,-1,2.614,42.914,15.0,40300.0,40000.0,300.0,0.0,0.0,,300000000.0,0.0,300000000.0,0.0,1.0,0.0,
10000143,,,,0,,1,Light,0,-1,2.277,42.917,15.0,40640.0,40340.0,300.0,0.0,0.0,,300000000.0,0.0,300000000.0,0.0,1.0,0.0,
40000143,,,,0,,4,Light,0,-1,2.497,42.937,3.0,40440.0,40140.0,300.0,0.0,0.0,,300000000.0,0.0,300000000.0,0.0,1.0,0.0,
30000143,,,,0,,3,Light,0,-1,2.462,42.945,3.0,40483.0,40183.0,300.0,0.0,0.0,,300000000.0,0.0,300000000.0,0.0,1.0,0.0,
50000144,,,,0,,5,Light,0,-1,2.337,43.202,9.0,40865.0,40565.0,300.0,0.0,0.0,,300000000.0,0.0,300000000.0,0.0,1.0,0.0,
144,,,,0,,0,Light,0,-1,2.405,43.205,11.0,40800.0,40500.0,300.0,0.0,0.0,,300000000.0,0.0,300000000.0,0.0,1.0,0.0,
20000144,,,,0,,2,Light,0,-1,2.622,43.214,8.0,40592.0,40292.0,300.0,0.0,0.0,,300000000.0,0.0,300000000.0,0.0,1.0,0.0,
10000144,,,,0,,1,Light,0,-1,2.291,43.217,14.0,40926.0,40626.0,300.0,0.0,0.0,,300000000.0,0.0,300000000.0,0.0,1.0,0.0,
40000144,,,,0,,4,Light,0,-1,2.537,43.237,40.0,40700.0,40400.0,300.0,0.0,0.0,,300000000.0,0.0,300000000.0,0.0,1.0,0.0,
30000144,,,,0,,3,Light,0,-1,2.485,43.245,23.0,40760.0,40460.0,300.0,0.0,0.0,,300000000.0,0.0,300000000.0,0.0,1.0,0.0,
50000145,,,,0,,5,Light,0,-1,2.348,43.502,11.0,41154.0,40854.0,300.0,0.0,0.0,,300000000.0,0.0,300000000.0,0.0,1.0,0.0,
145,,,,0,,0,Light,0,-1,2.414,43.505,9.0,41091.0,40791.0,300.0,0.0,0.0,,300000000.0,0.0,300000000.0,0.0,1.0,0.0,
20000145,,,,0,,2,Light,0,-1,2.634,43.514,12.0,40880.0,40580.0,300.0,0.0,0.0,,300000000.0,0.0,300000000.0,0.0,1.0,0.0,
10000145,,,,0,,1,Light,0,-1,2.308,43.517,17.0,41209.0,40909.0,300.0,0.0,0.0,,300000000.0,0.0,300000000.0,0.0,1.0,0.0,
40000145,,,,0,,4,Light,0,-1,2.545,43.537,8.0,40992.0,40692.0,300.0,0.0,0.0,,300000000.0,0.0,300000000.0,0.0,1.0,0.0,
30000145,,,,0,,3,Light,0,-1,2.491,43.545,6.0,41054.0,40754.0,300.0,0.0,0.0,,300000000.0,0.0,300000000.0,0.0,1.0,0.0,
50000146,,,,0,,5,Light,0,-1,2.351,43.802,3.0,41451.0,41151.0,300.0,0.0,0.0,,300000000.0,0.0,300000000.0,0.0,1.0,0.0,
146,,,,0,,0,Light,0,-1,2.479,43.805,65.0,41326.0,41026.0,300.0,0.0,0.0,,300000000.0,0.0,300000000.0,0.0,1.0,0.0,
20000146,,,,0,,2,Light,0,-1,2.645,43.814,11.0,41169.0,40869.0,300.0,0.0,0.0,,300000000.0,0.0,300000000.0,0.0,1.0,0.0,
10000146,,,,0,,1,Light,0,-1,2.339,43.817,31.0,41478.0,41178.0,300.0,0.0,0.0,,300000000.0,0.0,300000000.0,0.0,1.0,0.0,
40000146,,,,0,,4,Light,0,-1,2.551,43.837,6.0,41286.0,40986.0,300.0,0.0,0.0,,300000000.0,0.0,300000000.0,0.0,1.0,0.0,
30000146,,,,0,,3,Light,0,-1,2.502,43.845,11.0,41343.0,41043.0,300.0,0.0,0.0,,300000000.0,0.0,300000000.0,0.0,1.0,0.0,
50000147,,,,0,,5,Light,0,-1,2.359,44.102,8.0,41743.0,41443.0,300.0,0.0,0.0,,300000000.0,0.0,300000000.0,0.0,1.0,0.0,
147,,,,0,,0,Light,0,-1,2.508,44.105,29.0,41597.0,41297.0,300.0,0.0,0.0,,300000000.0,0.0,300000000.0,0.0,1.0,0.0,
20000147,,,,0,,2,Light,0,-1,2.648,44.114,3.0,41466.0,41166.0,300.0,0.0,0.0,,300000000.0,0.0,300000000.0,0.0,1.0,0.0,
10000147,,,,0,,1,Light,0,-1,2.354,44.117,15.0,41763.0,41463.0,300.0,0.0,0.0,,300000000.0,0.0,300000000.0,0.0,1.0,0.0,
40000147,,,,0,,4,Light,0,-1,2.571,44.137,20.0,41566.0,41266.0,300.0,0.0,0.0,,300000000.0,0.0,300000000.0,0.0,1.0,0.0,
30000147,,,,0,,3,Light,0,-1,2.511,44.145,9.0,41634.0,41334.0,300.0,0.0,0.0,,300000000.0,0.0,300000000.0,0.0,1.0,0.0,
50000148,,,,0,,5,Light,0,-1,2.365,44.402,6.0,42037.0,41737.0,300.0,0.0,0.0,,300000000.0,0.0,300000000.0,0.0,1.0,0.0,
148,,,,0,,0,Light,0,-1,2.548,44.405,40.0,41857.0,41557.0,300.0,0.0,0.0,,300000000.0,0.0,300000000.0,0.0,1.0,0.0,
20000148,,,,0,,2,Light,0,-1,2.657,44.414,9.0,41757.0,41457.0,300.0,0.0,0.0,,300000000.0,0.0,300000000.0,0.0,1.0,0.0,
10000148,,,,0,,1,Light,0,-1,2.431,44.417,77.0,41986.0,41686.0,300.0,0.0,0.0,,300000000.0,0.0,300000000.0,0.0,1.0,0.0,
40000148,,,,0,,4,Light,0,-1,2.619,44.437,48.0,41818.0,41518.0,300.0,0.0,0.0,,300000000.0,0.0,300000000.0,0.0,1.0,0.0,
30000148,,,,0,,3,Light,0,-1,2.519,44.445,8.0,41926.0,41626.0,300.0,0.0,0.0,,300000000.0,0.0,300000000.0,0.0,1.0,0.0,
50000149,,,,0,,5,Light,0,-1,2.388,44.702,23.0,42314.0,42014.0,300.0,0.0,0.0,,300000000.0,0.0,300000000.0,0.0,1.0,0.0,
149,,,,0,,0,Light,0,-1,2.557,44.705,9.0,42148.0,41848.0,300.0,0.0,0.0,,300000000.0,0.0,300000000.0,0.0,1.0,0.0,
20000149,,,,0,,2,Light,0,-1,2.659,44.714,2.0,42055.0,41755.0,300.0,0.0,0.0,,300000000.0,0.0,300000000.0,0.0,1.0,0.0,
10000149,,,,0,,1,Light,0,-1,2.437,44.717,6.0,42280.0,41980.0,300.0,0.0,0.0,,300000000.0,0.0,300000000.0,0.0,1.0,0.0,
40000149,,,,0,,4,Light,0,-1,2.628,44.737,9.0,42109.0,41809.0,300.0,0.0,0.0,,300000000.0,0.0,300000000.0,0.0,1.0,0.0,
30000149,,,,0,,3,Light,0,-1,2.565,44.745,46.0,42180.0,41880.0,300.0,0.0,0.0,,300000000.0,0.0,300000000.0,0.0,1.0,0.0,
50000150,,,,0,,5,Light,0,-1,2.399,45.002,11.0,42603.0,42303.0,300.0,0.0,0.0,,300000000.0,0.0,300000000.0,0.0,1.0,0.0,
150,,,,0,,0,Light,0,-1,2.594,45.005,37.0,42411.0,42111.0,300.0,0.0,0.0,,300000000.0,0.0,300000000.0,0.0,1.0,0.0,
20000150,,,,0,,2,Light,0,-1,2.662,45.014,3.0,42352.0,42052.0,300.0,0.0,0.0,,300000000.0,0.0,300000000.0,0.0,1.0,0.0,
10000150,,,,0,,1,Light,0,-1,2.477,45.017,40.0,42540.0,42240.0,300.0,0.0,0.0,,300000000.0,0.0,300000000.0,0.0,1.0,0.0,
40000150,,,,0,,4,Light,0,-1,2.631,45.037,3.0,42406.0,42106.0,300.0,0.0,0.0,,300000000.0,0.0,300000000.0,0.0,1.0,0.0,
30000150,,,,0,,3,Light,0,-1,2.568,45.045,3.0,42477.0,42177.0,300.0,0.0,0.0,,300000000.0,0.0,300000000.0,0.0,1.0,0.0,
50000151,,,,0,,5,Light,0,-1,2.422,45.302,23.0,42880.0,42580.0,300.0,0.0,0.0,,300000000.0,0.0,300000000.0,0.0,1.0,0.0,
151,,,,0,,0,Light,0,-1,2.597,45.305,3.0,42708.0,42408.0,300.0,0.0,0.0,,300000000.0,0.0,300000000.0,0.0,1.0,0.0,
20000151,,,,0,,2,Light,0,-1,2.677,45.314,15.0,42637.0,42337.0,300.0,0.0,0.0,,300000000.0,0.0,300000000.0,0.0,1.0,0.0,
10000151,,,,0,,1,Light,0,-1,2.488,45.317,11.0,42829.0,42529.0,300.0,0.0,0.0,,300000000.0,0.0,300000000.0,0.0,1.0,0.0,
40000151,,,,0,,4,Light,0,-1,2.642,45.337,11.0,42695.0,42395.0,300.0,0.0,0.0,,300000000.0,0.0,300000000.0,0.0,1.0,0.0,
30000151,,,,0,,3,Light,0,-1,2.579,45.345,11.0,42766.0,42466.0,300.0,0.0,0.0,,300000000.0,0.0,300000000.0,0.0,1.0,0.0,
50000152,,,,0,,5,Light,0,-1,2.428,45.602,6.0,43174.0,42874.0,300.0,0.0,0.0,,300000000.0,0.0,300000000.0,0.0,1.0,0.0,
152,,,,0,,0,Light,0,-1,2.668,45.605,71.0,42937.0,42637.0,300.0,0.0,0.0,,300000000.0,0.0,300000000.0,0.0,1.0,0.0,
20000152,,,,0,,2,Light,0,-1,2.705,45.614,28.0,42909.0,42609.0,300.0,0.0,0.0,,300000000.0,0.0,300000000.0,0.0,1.0,0.0,
10000152,,,,0,,1,Light,0,-1,2.517,45.617,29.0,43100.0,42800.0,300.0,0.0,0.0,,300000000.0,0.0,300000000.0,0.0,1.0,0.0,
40000152,,,,0,,4,Light,0,-1,2.685,45.637,43.0,42952.0,42652.0,300.0,0.0,0.0,,300000000.0,0.0,300000000.0,0.0,1.0,0.0,
30000152,,,,0,,3,Light,0,-1,2.588,45.645,9.0,43057.0,42757.0,300.0,0.0,0.0,,300000000.0,0.0,300000000.0,0.0,1.0,0.0,
50000153,,,,0,,5,Light,0,-1,2.439,45.902,11.0,43463.0,43163.0,300.0,0.0,0.0,,300000000.0,0.0,300000000.0,0.0,1.0,0.0,
153,,,,0,,0,Light,0,-1,2.679,45.905,11.0,43226.0,42926.0,300.0,0.0,0.0,,300000000.0,0.0,300000000.0,0.0,1.0,0.0,
20000153,,,,0,,2,Light,0,-1,2.719,45.914,14.0,43195.0,42895.0,300.0,0.0,0.0,,300000000.0,0.0,300000000.0,0.0,1.0,0.0,
10000153,,,,0,,1,Light,0,-1,2.522,45.917,5.0,43395.0,43095.0,300.0,0.0,0.0,,300000000.0,0.0,300000000.0,0.0,1.0,0.0,
40000153,,,,0,,4,Light,0,-1,2.711,45.937,26.0,43226.0,42926.0,300.0,0.0,0.0,,300000000.0,0.0,300000000.0,0.0,1.0,0.0,
30000153,,,,0,,3,Light,0,-1,2.591,45.945,3.0,43354.0,43054.0,300.0,0.0,0.0,,300000000.0,0.0,300000000.0,0.0,1.0,0.0,
50000154,,,,0,,5,Light,0,-1,2.445,46.202,6.0,43757.0,43457.0,300.0,0.0,0.0,,300000000.0,0.0,300000000.0,0.0,1.0,0.0,
154,,,,0,,0,Light,0,-1,2.722,46.205,43.0,43483.0,43183.0,300.0,0.0,0.0,,300000000.0,0.0,300000000.0,0.0,1.0,0.0,
20000154,,,,0,,2,Light,0,-1,2.728,46.214,9.0,43486.0,43186.0,300.0,0.0,0.0,,300000000.0,0.0,300000000.0,0.0,1.0,0.0,
10000154,,,,0,,1,Light,0,-1,2.554,46.217,32.0,43663.0,43363.0,300.0,0.0,0.0,,300000000.0,0.0,300000000.0,0.0,1.0,0.0,
40000154,,,,0,,4,Light,0,-1,2.714,46.237,3.0,43523.0,43223.0,300.0,0.0,0.0,,300000000.0,0.0,300000000.0,0.0,1.0,0.0,
30000154,,,,0,,3,Light,0,-1,2.605,46.245,14.0,43640.0,43340.0,300.0,0.0,0.0,,300000000.0,0.0,300000000.0,0.0,1.0,0.0,
50000155,,,,0,,5,Light,0,-1,2.465,46.502,20.0,44037.0,43737.0,300.0,0.0,0.0,,300000000.0,0.0,300000000.0,0.0,1.0,0.0,
155,,,,0,,0,Light,0,-1,2.742,46.505,20.0,43763.0,43463.0,300.0,0.0,0.0,,300000000.0,0.0,300000000.0,0.0,1.0,0.0,
20000155,,,,0,,2,Light,0,-1,2.734,46.514,6.0,43780.0,43480.0,300.0,0.0,0.0,,300000000.0,0.0,300000000.0,0.0,1.0,0.0,
10000155,,,,0,,1,Light,0,-1,2.559,46.517,5.0,43958.0,43658.0,300.0,0.0,0.0,,300000000.0,0.0,300000000.0,0.0,1.0,0.0,
40000155,,,,0,,4,Light,0,-1,2.717,46.537,3.0,43820.0,43520.0,300.0,0.0,0.0,,300000000.0,0.0,300000000.0,0.0,1.0,0.0,
30000155,,,,0,,3,Light,0,-1,2.625,46.545,20.0,43920.0,43620.0,300.0,0.0,0.0,,300000000.0,0.0,300000000.0,0.0,1.0,0.0,
50000156,,,,0,,5,Light,0,-1,2.499,46.802,34.0,44303.0,44003.0,300.0,0.0,0.0,,300000000.0,0.0,300000000.0,0.0,1.0,0.0,
156,,,,0,,0,Light,0,-1,2.757,46.805,15.0,44048.0,43748.0,300.0,0.0,0.0,,300000000.0,0.0,300000000.0,0.0,1.0,0.0,
20000156,,,,0,,2,Light,0,-1,2.739,46.814,5.0,44075.0,43775.0,300.0,0.0,0.0,,300000000.0,0.0,300000000.0,0.0,1.0,0.0,
10000156,,,,0,,1,Light,0,-1,2.574,46.817,15.0,44243.0,43943.0,300.0,0.0,0.0,,300000000.0,0.0,300000000.0,0.0,1.0,0.0,
40000156,,,,0,,4,Light,0,-1,2.748,46.837,31.0,44089.0,43789.0,300.0,0.0,0.0,,300000000.0,0.0,300000000.0,0.0,1.0,0.0,
30000156,,,,0,,3,Light,0,-1,2.637,46.845,12.0,44208.0,43908.0,300.0,0.0,0.0,,300000000.0,0.0,300000000.0,0.0,1.0,0.0,
50000157,,,,0,,5,Light,0,-1,2.539,47.102,40.0,44563.0,44263.0,300.0,0.0,0.0,,300000000.0,0.0,300000000.0,0.0,1.0,0.0,
157,,,,0,,0,Light,0,-1,2.759,47.105,2.0,44346.0,44046.0,300.0,0.0,0.0,,300000000.0,0.0,300000000.0,0.0,1.0,0.0,
20000157,,,,0,,2,Light,0,-1,2.754,47.114,15.0,44360.0,44060.0,300.0,0.0,0.0,,300000000.0,0.0,300000000.0,0.0,1.0,0.0,
10000157,,,,0,,1,Light,0,-1,2.602,47.117,28.0,44515.0,44215.0,300.0,0.0,0.0,,300000000.0,0.0,300000000.0,0.0,1.0,0.0,
40000157,,,,0,,4,Light,0,-1,2.762,47.137,14.0,44375.0,44075.0,300.0,0.0,0.0,,300000000.0,0.0,300000000.0,0.0,1.0,0.0,
30000157,,,,0,,3,Light,0,-1,2.654,47.145,17.0,44491.0,44191.0,300.0,0.0,0.0,,300000000.0,0.0,300000000.0,0.0,1.0,0.0,
50000158,,,,0,,5,Light,0,-1,2.562,47.402,23.0,44840.0,44540.0,300.0,0.0,0.0,,300000000.0,0.0,300000000.0,0.0,1.0,0.0,
158,,,,0,,0,Light,0,-1,2.779,47.405,20.0,44626.0,44326.0,300.0,0.0,0.0,,300000000.0,0.0,300000000.0,0.0,1.0,0.0,
20000158,,,,0,,2,Light,0,-1,2.765,47.414,11.0,44649.0,44349.0,300.0,0.0,0.0,,300000000.0,0.0,300000000.0,0.0,1.0,0.0,
10000158,,,,0,,1,Light,0,-1,2.611,47.417,9.0,44806.0,44506.0,300.0,0.0,0.0,,300000000.0,0.0,300000000.0,0.0,1.0,0.0,
40000158,,,,0,,4,Light,0,-1,2.785,47.437,23.0,44652.0,44352.0,300.0,0.0,0.0,,300000000.0,0.0,300000000.0,0.0,1.0,0.0,
30000158,,,,0,,3,Light,0,-1,2.702,47.445,48.0,44743.0,44443.0,300.0,0.0,0.0,,300000000.0,0.0,300000000.0,0.0,1.0,0.0,
50000159,,,,0,,5,Light,0,-1,2.577,47.702,15.0,45125.0,44825.0,300.0,0.0,0.0,,300000000.0,0.0,300000000.0,0.0,1.0,0.0,
159,,,,0,,0,Light,0,-1,2.782,47.705,3.0,44923.0,44623.0,300.0,0.0,0.0,,300000000.0,0.0,300000000.0,0.0,1.0,0.0,
20000159,,,,0,,2,Light,0,-1,2.788,47.714,23.0,44926.0,44626.0,300.0,0.0,0.0,,300000000.0,0.0,300000000.0,0.0,1.0,0.0,
10000159,,,,0,,1,Light,0,-1,2.665,47.717,54.0,45052.0,44752.0,300.0,0.0,0.0,,300000000.0,0.0,300000000.0,0.0,1.0,0.0,
40000159,,,,0,,4,Light,0,-1,2.828,47.737,43.0,44909.0,44609.0,300.0,0.0,0.0,,300000000.0,0.0,300000000.0,0.0,1.0,0.0,
30000159,,,,0,,3,Light,0,-1,2.777,47.745,75.0,44968.0,44668.0,300.0,0.0,0.0,,300000000.0,0.0,300000000.0,0.0,1.0,0.0,
50000160,,,,0,,5,Light,0,-1,2.582,48.002,5.0,45420.0,45120.0,300.0,0.0,0.0,,300000000.0,0.0,300000000.0,0.0,1.0,0.0,
160,,,,0,,0,Light,0,-1,2.805,48.005,23.0,45200.0,44900.0,300.0,0.0,0.0,,300000000.0,0.0,300000000.0,0.0,1.0,0.0,
20000160,,,,0,,2,Light,0,-1,2.799,48.014,11.0,45215.0,44915.0,300.0,0.0,0.0,,300000000.0,0.0,300000000.0,0.0,1.0,0.0,
10000160,,,,0,,1,Light,0,-1,2.674,48.017,9.0,45343.0,45043.0,300.0,0.0,0.0,,300000000.0,0.0,300000000.0,0.0,1.0,0.0,
40000160,,,,0,,4,Light,0,-1,2.845,48.037,17.0,45192.0,44892.0,300.0,0.0,0.0,,300000000.0,0.0,300000000.0,0.0,1.0,0.0,
30000160,,,,0,,3,Light,0,-1,2.791,48.045,14.0,45254.0,44954.0,300.0,0.0,0.0,,300000000.0,0.0,300000000.0,0.0,1.0,0.0,
50000161,,,,0,,5,Light,0,-1,2.585,48.302,3.0,45717.0,45417.0,300.0,0.0,0.0,,300000000.0,0.0,300000000.0,0.0,1.0,0.0,
161,,,,0,,0,Light,0,-1,2.814,48.305,9.0,45491.0,45191.0,300.0,0.0,0.0,,300000000.0,0.0,300000000.0,0.0,1.0,0.0,
20000161,,,,0,,2,Light,0,-1,2.808,48.314,9.0,45506.0,45206.0,300.0,0.0,0.0,,300000000.0,0.0,300000000.0,0.0,1.0,0.0,
10000161,,,,0,,1,Light,0,-1,2.691,48.317,17.0,45626.0,45326.0,300.0,0.0,0.0,,300000000.0,0.0,300000000.0,0.0,1.0,0.0,
40000161,,,,0,,4,Light,0,-1,2.859,48.337,14.0,45478.0,45178.0,300.0,0.0,0.0,,300000000.0,0.0,300000000.0,0.0,1.0,0.0,
30000161,,,,0,,3,Light,0,-1,2.794,48.345,3.0,45551.0,45251.0,300.0,0.0,0.0,,300000000.0,0.0,300000000.0,0.0,1.0,0.0,
50000162,,,,0,,5,Light,0,-1,2.608,48.602,23.0,45994.0,45694.0,300.0,0.0,0.0,,300000000.0,0.0,300000000.0,0.0,1.0,0.0,
162,,,,0,,0,Light,0,-1,2.817,48.605,3.0,45788.0,45488.0,300.0,0.0,0.0,,300000000.0,0.0,300000000.0,0.0,1.0,0.0,
20000162,,,,0,,2,Light,0,-1,2.848,48.614,40.0,45766.0,45466.0,300.0,0.0,0.0,,300000000.0,0.0,300000000.0,0.0,1.0,0.0,
10000162,,,,0,,1,Light,0,-1,2.694,48.617,3.0,45923.0,45623.0,300.0,0.0,0.0,,300000000.0,0.0,300000000.0,0.0,1.0,0.0,
40000162,,,,0,,4,Light,0,-1,2.865,48.637,6.0,45772.0,45472.0,300.0,0.0,0.0,,300000000.0,0.0,300000000.0,0.0,1.0,0.0,
30000162,,,,0,,3,Light,0,-1,2.797,48.645,3.0,45848.0,45548.0,300.0,0.0,0.0,,300000000.0,0.0,300000000.0,0.0,1.0,0.0,
50000163,,,,0,,5,Light,0,-1,2.617,48.902,9.0,46285.0,45985.0,300.0,0.0,0.0,,300000000.0,0.0,300000000.0,0.0,1.0,0.0,
163,,,,0,,0,Light,0,-1,2.825,48.905,8.0,46080.0,45780.0,300.0,0.0,0.0,,300000000.0,0.0,300000000.0,0.0,1.0,0.0,
20000163,,,,0,,2,Light,0,-1,2.888,48.914,40.0,46026.0,45726.0,300.0,0.0,0.0,,300000000.0,0.0,300000000.0,0.0,1.0,0.0,
10000163,,,,0,,1,Light,0,-1,2.697,48.917,3.0,46220.0,45920.0,300.0,0.0,0.0,,300000000.0,0.0,300000000.0,0.0,1.0,0.0,
40000163,,,,0,,4,Light,0,-1,2.868,48.937,3.0,46069.0,45769.0,300.0,0.0,0.0,,300000000.0,0.0,300000000.0,0.0,1.0,0.0,
30000163,,,,0,,3,Light,0,-1,2.811,48.945,14.0,46134.0,45834.0,300.0,0.0,0.0,,300000000.0,0.0,300000000.0,0.0,1.0,0.0,
50000164,,,,0,,5,Light,0,-1,2.639,49.202,22.0,46563.0,46263.0,300.0,0.0,0.0,,300000000.0,0.0,300000000.0,0.0,1.0,0.0,
164,,,,0,,0,Light,0,-1,2.837,49.205,12.0,46368.0,46068.0,300.0,0.0,0.0,,300000000.0,0.0,300000000.0,0.0,1.0,0.0,
20000164,,,,0,,2,Light,0,-1,2.897,49.214,9.0,46317.0,46017.0,300.0,0.0,0.0,,300000000.0,0.0,300000000.0,0.0,1.0,0.0,
10000164,,,,0,,1,Light,0,-1,2.725,49.217,28.0,46492.0,46192.0,300.0,0.0,0.0,,300000000.0,0.0,300000000.0,0.0,1.0,0.0,
40000164,,,,0,,4,Light,0,-1,2.871,49.237,3.0,46366.0,46066.0,300.0,0.0,0.0,,300000000.0,0.0,300000000.0,0.0,1.0,0.0,
30000164,,,,0,,3,Light,0,-1,2.819,49.245,8.0,46426.0,46126.0,300.0,0.0,0.0,,300000000.0,0.0,300000000.0,0.0,1.0,0.0,
50000165,,,,0,,5,Light,0,-1,2.651,49.502,12.0,46851.0,46551.0,300.0,0.0,0.0,,300000000.0,0.0,300000000.0,0.0,1.0,0.0,
165,,,,0,,0,Light,0,-1,2.851,49.505,14.0,46654.0,46354.0,300.0,0.0,0.0,,300000000.0,0.0,300000000.0,0.0,1.0,0.0,
20000165,,,,0,,2,Light,0,-1,2.925,49.514,28.0,46589.0,46289.0,300.0,0.0,0.0,,300000000.0,0.0,300000000.0,0.0,1.0,0.0,
10000165,,,,0,,1,Light,0,-1,2.731,49.517,6.0,46786.0,46486.0,300.0,0.0,0.0,,300000000.0,0.0,300000000.0,0.0,1.0,0.0,
40000165,,,,0,,4,Light,0,-1,2.877,49.537,6.0,46660.0,46360.0,300.0,0.0,0.0,,300000000.0,0.0,300000000.0,0.0,1.0,0.0,
30000165,,,,0,,3,Light,0,-1,2.822,49.545,3.0,46723.0,46423.0,300.0,0.0,0.0,,300000000.0,0.0,300000000.0,0.0,1.0,0.0,
50000166,,,,0,,5,Light,0,-1,2.671,49.802,20.0,47131.0,46831.0,300.0,0.0,0.0,,300000000.0,0.0,300000000.0,0.0,1.0,0.0,
166,,,,0,,0,Light,0,-1,2.857,49.805,6.0,46948.0,46648.0,300.0,0.0,0.0,,300000000.0,0.0,300000000.0,0.0,1.0,0.0,
20000166,,,,0,,2,Light,0,-1,2.968,49.814,43.0,46846.0,46546.0,300.0,0.0,0.0,,300000000.0,0.0,300000000.0,0.0,1.0,0.0,
10000166,,,,0,,1,Light,0,-1,2.737,49.817,6.0,47080.0,46780.0,300.0,0.0,0.0,,300000000.0,0.0,300000000.0,0.0,1.0,0.0,
40000166,,,,0,,4,Light,0,-1,2.891,49.837,14.0,46946.0,46646.0,300.0,0.0,0.0,,300000000.0,0.0,300000000.0,0.0,1.0,0.0,
30000166,,,,0,,3,Light,0,-1,2.862,49.845,40.0,46983.0,46683.0,300.0,0.0,0.0,,300000000.0,0.0,300000000.0,0.0,1.0,0.0,
50000167,,,,0,,5,Light,0,-1,2.682,50.102,11.0,47420.0,47120.0,300.0,0.0,0.0,,300000000.0,0.0,300000000.0,0.0,1.0,0.0,
167,,,,0,,0,Light,0,-1,2.905,50.105,48.0,47200.0,46900.0,300.0,0.0,0.0,,300000000.0,0.0,300000000.0,0.0,1.0,0.0,
20000167,,,,0,,2,Light,0,-1,2.977,50.114,9.0,47137.0,46837.0,300.0,0.0,0.0,,300000000.0,0.0,300000000.0,0.0,1.0,0.0,
10000167,,,,0,,1,Light,0,-1,2.751,50.117,14.0,47366.0,47066.0,300.0,0.0,0.0,,300000000.0,0.0,300000000.0,0.0,1.0,0.0,
40000167,,,,0,,4,Light,0,-1,2.899,50.137,8.0,47238.0,46938.0,300.0,0.0,0.0,,300000000.0,0.0,300000000.0,0.0,1.0,0.0,
30000167,,,,0,,3,Light,0,-1,2.879,50.145,17.0,47266.0,46966.0,300.0,0.0,0.0,,300000000.0,0.0,300000000.0,0.0,1.0,0.0,
50000168,,,,0,,5,Light,0,-1,2.688,50.402,6.0,47714.0,47414.0,300.0,0.0,0.0,,300000000.0,0.0,300000000.0,0.0,1.0,0.0,
168,,,,0,,0,Light,0,-1,2.914,50.405,9.0,47491.0,47191.0,300.0,0.0,0.0,,300000000.0,0.0,300000000.0,0.0,1.0,0.0,
20000168,,,,0,,2,Light,0,-1,2.982,50.414,5.0,47432.0,47132.0,300.0,0.0,0.0,,300000000.0,0.0,300000000.0,0.0,1.0,0.0,
10000168,,,,0,,1,Light,0,-1,2.771,50.417,20.0,47646.0,47346.0,300.0,0.0,0.0,,300000000.0,0.0,300000000.0,0.0,1.0,0.0,
40000168,,,,0,,4,Light,0,-1,2.902,50.437,3.0,47535.0,47235.0,300.0,0.0,0.0,,300000000.0,0.0,300000000.0,0.0,1.0,0.0,
30000168,,,,0,,3,Light,0,-1,2.882,50.445,3.0,47563.0,47263.0,300.0,0.0,0.0,,300000000.0,0.0,300000000.0,0.0,1.0,0.0,
50000169,,,,0,,5,Light,0,-1,2.699,50.702,11.0,48003.0,47703.0,300.0,0.0,0.0,,300000000.0,0.0,300000000.0,0.0,1.0,0.0,
169,,,,0,,0,Light,0,-1,2.931,50.705,17.0,47774.0,47474.0,300.0,0.0,0.0,,300000000.0,0.0,300000000.0,0.0,1.0,0.0,
20000169,,,,0,,2,Light,0,-1,2.999,50.714,17.0,47715.0,47415.0,300.0,0.0,0.0,,300000000.0,0.0,300000000.0,0.0,1.0,0.0,
10000169,,,,0,,1,Light,0,-1,2.802,50.717,31.0,47915.0,47615.0,300.0,0.0,0.0,,300000000.0,0.0,300000000.0,0.0,1.0,0.0,
40000169,,,,0,,4,Light,0,-1,2.908,50.737,6.0,47829.0,47529.0,300.0,0.0,0.0,,300000000.0,0.0,300000000.0,0.0,1.0,0.0,
30000169,,,,0,,3,Light,0,-1,2.885,50.745,3.0,47860.0,47560.0,300.0,0.0,0.0,,300000000.0,0.0,300000000.0,0.0,1.0,0.0,
50000170,,,,0,,5,Light,0,-1,2.708,51.002,9.0,48294.0,47994.0,300.0,0.0,0.0,,300000000.0,0.0,300000000.0,0.0,1.0,0.0,
170,,,,0,,0,Light,0,-1,2.945,51.005,14.0,48060.0,47760.0,300.0,0.0,0.0,,300000000.0,0.0,300000000.0,0.0,1.0,0.0,
20000170,,,,0,,2,Light,0,-1,3.031,51.014,32.0,47983.0,47683.0,300.0,0.0,0.0,,300000000.0,0.0,300000000.0,0.0,1.0,0.0,
10000170,,,,0,,1,Light,0,-1,2.839,51.017,37.0,48178.0,47878.0,300.0,0.0,0.0,,300000000.0,0.0,300000000.0,0.0,1.0,0.0,
40000170,,,,0,,4,Light,0,-1,2.942,51.037,34.0,48095.0,47795.0,300.0,0.0,0.0,,300000000.0,0.0,300000000.0,0.0,1.0,0.0,
30000170,,,,0,,3,Light,0,-1,2.894,51.045,9.0,48151.0,47851.0,300.0,0.0,0.0,,300000000.0,0.0,300000000.0,0.0,1.0,0.0,
50000171,,,,0,,5,Light,0,-1,2.745,51.302,37.0,48557.0,48257.0,300.0,0.0,0.0,,300000000.0,0.0,300000000.0,0.0,1.0,0.0,
171,,,,0,,0,Light,0,-1,2.951,51.305,6.0,48354.0,48054.0,300.0,0.0,0.0,,300000000.0,0.0,300000000.0,0.0,1.0,0.0,
20000171,,,,0,,2,Light,0,-1,3.045,51.314,14.0,48269.0,47969.0,300.0,0.0,0.0,,300000000.0,0.0,300000000.0,0.0,1.0,0.0,
10000171,,,,0,,1,Light,0,-1,2.842,51.317,3.0,48475.0,48175.0,300.0,0.0,0.0,,300000000.0,0.0,300000000.0,0.0,1.0,0.0,
40000171,,,,0,,4,Light,0,-1,2.962,51.337,20.0,48375.0,48075.0,300.0,0.0,0.0,,300000000.0,0.0,300000000.0,0.0,1.0,0.0,
30000171,,,,0,,3,Light,0,-1,2.954,51.345,60.0,48391.0,48091.0,300.0,0.0,0.0,,300000000.0,0.0,300000000.0,0.0,1.0,0.0,
50000172,,,,0,,5,Light,0,-1,2.768,51.602,23.0,48834.0,48534.0,300.0,0.0,0.0,,300000000.0,0.0,300000000.0,0.0,1.0,0.0,
172,,,,0,,0,Light,0,-1,2.971,51.605,20.0,48634.0,48334.0,300.0,0.0,0.0,,300000000.0,0.0,300000000.0,0.0,1.0,0.0,
20000172,,,,0,,2,Light,0,-1,3.057,51.614,12.0,48557.0,48257.0,300.0,0.0,0.0,,300000000.0,0.0,300000000.0,0.0,1.0,0.0,
10000172,,,,0,,1,Light,0,-1,2.854,51.617,12.0,48763.0,48463.0,300.0,0.0,0.0,,300000000.0,0.0,300000000.0,0.0,1.0,0.0,
40000172,,,,0,,4,Light,0,-1,3.005,51.637,43.0,48632.0,48332.0,300.0,0.0,0.0,,300000000.0,0.0,300000000.0,0.0,1.0,0.0,
30000172,,,,0,,3,Light,0,-1,2.957,51.645,3.0,48688.0,48388.0,300.0,0.0,0.0,,300000000.0,0.0,300000000.0,0.0,1.0,0.0,
50000173,,,,0,,5,Light,0,-1,2.774,51.902,6.0,49128.0,48828.0,300.0,0.0,0.0,,300000000.0,0.0,300000000.0,0.0,1.0,0.0,
173,,,,0,,0,Light,0,-1,2.991,51.905,20.0,48914.0,48614.0,300.0,0.0,0.0,,300000000.0,0.0,300000000.0,0.0,1.0,0.0,
20000173,,,,0,,2,Light,0,-1,3.071,51.914,14.0,48843.0,48543.0,300.0,0.0,0.0,,300000000.0,0.0,300000000.0,0.0,1.0,0.0,
10000173,,,,0,,1,Light,0,-1,2.874,51.917,20.0,49043.0,48743.0,300.0,0.0,0.0,,300000000.0,0.0,300000000.0,0.0,1.0,0.0,
40000173,,,,0,,4,Light,0,-1,3.019,51.937,14.0,48918.0,48618.0,300.0,0.0,0.0,,300000000.0,0.0,300000000.0,0.0,1.0,0.0,
30000173,,,,0,,3,Light,0,-1,2.965,51.945,8.0,48980.0,48680.0,300.0,0.0,0.0,,300000000.0,0.0,300000000.0,0.0,1.0,0.0,
50000174,,,,0,,5,Light,0,-1,2.831,52.202,57.0,49371.0,49071.0,300.0,0.0,0.0,,300000000.0,0.0,300000000.0,0.0,1.0,0.0,
174,,,,0,,0,Light,0,-1,3.017,52.205,26.0,49188.0,48888.0,300.0,0.0,0.0,,300000000.0,0.0,300000000.0,0.0,1.0,0.0,
20000174,,,,0,,2,Light,0,-1,3.079,52.214,8.0,49135.0,48835.0,300.0,0.0,0.0,,300000000.0,0.0,300000000.0,0.0,1.0,0.0,
10000174,,,,0,,1,Light,0,-1,2.917,52.217,43.0,49300.0,49000.0,300.0,0.0,0.0,,300000000.0,0.0,300000000.0,0.0,1.0,0.0,
40000174,,,,0,,4,Light,0,-1,3.048,52.237,29.0,49189.0,48889.0,300.0,0.0,0.0,,300000000.0,0.0,300000000.0,0.0,1.0,0.0,
30000174,,,,0,,3,Light,0,-1,2.988,52.245,23.0,49257.0,48957.0,300.0,0.0,0.0,,300000000.0,0.0,300000000.0,0.0,1.0,0.0,
50000175,,,,0,,5,Light,0,-1,2.834,52.502,3.0,49668.0,49368.0,300.0,0.0,0.0,,300000000.0,0.0,300000000.0,0.0,1.0,0.0,
175,,,,0,,0,Light,0,-1,3.037,52.505,20.0,49468.0,49168.0,300.0,0.0,0.0,,300000000.0,0.0,300000000.0,0.0,1.0,0.0,
20000175,,,,0,,2,Light,0,-1,3.108,52.514,29.0,49406.0,49106.0,300.0,0.0,0.0,,300000000.0,0.0,300000000.0,0.0,1.0,0.0,
10000175,,,,0,,1,Light,0,-1,2.922,52.517,5.0,49595.0,49295.0,300.0,0.0,0.0,,300000000.0,0.0,300000000.0,0.0,1.0,0.0,
40000175,,,,0,,4,Light,0,-1,3.054,52.537,6.0,49483.0,49183.0,300.0,0.0,0.0,,300000000.0,0.0,300000000.0,0.0,1.0,0.0,
30000175,,,,0,,3,Light,0,-1,3.014,52.545,26.0,49531.0,49231.0,300.0,0.0,0.0,,300000000.0,0.0,300000000.0,0.0,1.0,0.0,
50000176,,,,0,,5,Light,0,-1,2.911,52.802,77.0,49891.0,49591.0,300.0,0.0,0.0,,300000000.0,0.0,300000000.0,0.0,1.0,0.0,
176,,,,0,,0,Light,0,-1,3.039,52.805,2.0,49766.0,49466.0,300.0,0.0,0.0,,300000000.0,0.0,300000000.0,0.0,1.0,0.0,
20000176,,,,0,,2,Light,0,-1,3.114,52.814,6.0,49700.0,49400.0,300.0,0.0,0.0,,300000000.0,0.0,300000000.0,0.0,1.0,0.0,
10000176,,,,0,,1,Light,0,-1,2.934,52.817,12.0,49883.0,49583.0,300.0,0.0,0.0,,300000000.0,0.0,300000000.0,0.0,1.0,0.0,
40000176,,,,0,,4,Light,0,-1,3.082,52.837,28.0,49755.0,49455.0,300.0,0.0,0.0,,300000000.0,0.0,300000000.0,0.0,1.0,0.0,
30000176,,,,0,,3,Light,0,-1,3.059,52.845,45.0,49786.0,49486.0,300.0,0.0,0.0,,300000000.0,0.0,300000000.0,0.0,1.0,0.0,
50000177,,,,0,,5,Light,0,-1,2.919,53.102,8.0,50183.0,49883.0,300.0,0.0,0.0,,300000000.0,0.0,300000000.0,0.0,1.0,0.0,
177,,,,0,,0,Light,0,-1,3.062,53.105,23.0,50043.0,49743.0,300.0,0.0,0.0,,300000000.0,0.0,300000000.0,0.0,1.0,0.0,
20000177,,,,0,,2,Light,0,-1,3.139,53.114,25.0,49975.0,49675.0,300.0,0.0,0.0,,300000000.0,0.0,300000000.0,0.0,1.0,0.0,
10000177,,,,0,,1,Light,0,-1,2.937,53.117,3.0,50180.0,49880.0,300.0,0.0,0.0,,300000000.0,0.0,300000000.0,0.0,1.0,0.0,
40000177,,,,0,,4,Light,0,-1,3.085,53.137,3.0,50052.0,49752.0,300.0,0.0,0.0,,300000000.0,0.0,300000000.0,0.0,1.0,0.0,
30000177,,,,0,,3,Light,0,-1,3.065,53.145,6.0,50080.0,49780.0,300.0,0.0,0.0,,300000000.0,0.0,300000000.0,0.0,1.0,0.0,
50000178,,,,0,,5,Light,0,-1,2.928,53.402,9.0,50474.0,50174.0,300.0,0.0,0.0,,300000000.0,0.0,300000000.0,0.0,1.0,0.0,
178,,,,0,,0,Light,0,-1,3.094,53.405,32.0,50311.0,50011.0,300.0,0.0,0.0,,300000000.0,0.0,300000000.0,0.0,1.0,0.0,
20000178,,,,0,,2,Light,0,-1,3.162,53.414,23.0,50252.0,49952.0,300.0,0.0,0.0,,300000000.0,0.0,300000000.0,0.0,1.0,0.0,
10000178,,,,0,,1,Light,0,-1,2.939,53.417,2.0,50478.0,50178.0,300.0,0.0,0.0,,300000000.0,0.0,300000000.0,0.0,1.0,0.0,
40000178,,,,0,,4,Light,0,-1,3.097,53.437,12.0,50340.0,50040.0,300.0,0.0,0.0,,300000000.0,0.0,300000000.0,0.0,1.0,0.0,
30000178,,,,0,,3,Light,0,-1,3.077,53.445,12.0,50368.0,50068.0,300.0,0.0,0.0,,300000000.0,0.0,300000000.0,0.0,1.0,0.0,
50000179,,,,0,,5,Light,0,-1,2.959,53.702,31.0,50743.0,50443.0,300.0,0.0,0.0,,300000000.0,0.0,300000000.0,0.0,1.0,0.0,
179,,,,0,,0,Light,0,-1,3.099,53.705,5.0,50606.0,50306.0,300.0,0.0,0.0,,300000000.0,0.0,300000000.0,0.0,1.0,0.0,
20000179,,,,0,,2,Light,0,-1,3.185,53.714,23.0,50529.0,50229.0,300.0,0.0,0.0,,300000000.0,0.0,300000000.0,0.0,1.0,0.0,
10000179,,,,0,,1,Light,0,-1,2.948,53.717,9.0,50769.0,50469.0,300.0,0.0,0.0,,300000000.0,0.0,300000000.0,0.0,1.0,0.0,
40000179,,,,0,,4,Light,0,-1,3.111,53.737,14.0,50626.0,50326.0,300.0,0.0,0.0,,300000000.0,0.0,300000000.0,0.0,1.0,0.0,
30000179,,,,0,,3,Light,0,-1,3.088,53.745,11.0,50657.0,50357.0,300.0,0.0,0.0,,300000000.0,0.0,300000000.0,0.0,1.0,0.0,
50000180,,,,0,,5,Light,0,-1,2.979,54.002,20.0,51023.0,50723.0,300.0,0.0,0.0,,300000000.0,0.0,300000000.0,0.0,1.0,0.0,
180,,,,0,,0,Light,0,-1,3.117,54.005,18.0,50888.0,50588.0,300.0,0.0,0.0,,300000000.0,0.0,300000000.0,0.0,1.0,0.0,
20000180,,,,0,,2,Light,0,-1,3.191,54.014,6.0,50823.0,50523.0,300.0,0.0,0.0,,300000000.0,0.0,300000000.0,0.0,1.0,0.0,
10000180,,,,0,,1,Light,0,-1,2.974,54.017,26.0,51043.0,50743.0,300.0,0.0,0.0,,300000000.0,0.0,300000000.0,0.0,1.0,0.0,
40000180,,,,0,,4,Light,0,-1,3.128,54.037,17.0,50909.0,50609.0,300.0,0.0,0.0,,300000000.0,0.0,300000000.0,0.0,1.0,0.0,
30000180,,,,0,,3,Light,0,-1,3.091,54.045,3.0,50954.0,50654.0,300.0,0.0,0.0,,300000000.0,0.0,300000000.0,0.0,1.0,0.0,
50000181,,,,0,,5,Light,0,-1,2.985,54.302,6.0,51317.0,51017.0,300.0,0.0,0.0,,300000000.0,0.0,300000000.0,0.0,1.0,0.0,
181,,,,0,,0,Light,0,-1,3.119,54.305,2.0,51186.0,50886.0,300.0,0.0,0.0,,300000000.0,0.0,300000000.0,0.0,1.0,0.0,
20000181,,,,0,,2,Light,0,-1,3.194,54.314,3.0,51120.0,50820.0,300.0,0.0,0.0,,300000000.0,0.0,300000000.0,0.0,1.0,0.0,
10000181,,,,0,,1,Light,0,-1,2.997,54.317,23.0,51320.0,51020.0,300.0,0.0,0.0,,300000000.0,0.0,300000000.0,0.0,1.0,0.0,
40000181,,,,0,,4,Light,0,-1,3.131,54.337,3.0,51206.0,50906.0,300.0,0.0,0.0,,300000000.0,0.0,300000000.0,0.0,1.0,0.0,
30000181,,,,0,,3,Light,0,-1,3.102,54.345,11.0,51243.0,50943.0,300.0,0.0,0.0,,300000000.0,0.0,300000000.0,0.0,1.0,0.0,
50000182,,,,0,,5,Light,0,-1,2.994,54.602,9.0,51608.0,51308.0,300.0,0.0,0.0,,300000000.0,0.0,300000000.0,0.0,1.0,0.0,
182,,,,0,,0,Light,0,-1,3.134,54.605,15.0,51471.0,51171.0,300.0,0.0,0.0,,300000000.0,0.0,300000000.0,0.0,1.0,0.0,
20000182,,,,0,,2,Light,0,-1,3.205,54.614,11.0,51409.0,51109.0,300.0,0.0,0.0,,300000000.0,0.0,300000000.0,0.0,1.0,0.0,
10000182,,,,0,,1,Light,0,-1,3.011,54.617,14.0,51606.0,51306.0,300.0,0.0,0.0,,300000000.0,0.0,300000000.0,0.0,1.0,0.0,
40000182,,,,0,,4,Light,0,-1,3.142,54.637,11.0,51495.0,51195.0,300.0,0.0,0.0,,300000000.0,0.0,300000000.0,0.0,1.0,0.0,
30000182,,,,0,,3,Light,0,-1,3.151,54.645,49.0,51494.0,51194.0,300.0,0.0,0.0,,300000000.0,0.0,300000000.0,0.0,1.0,0.0,
50000183,,,,0,,5,Light,0,-1,3.002,54.902,8.0,51900.0,51600.0,300.0,0.0,0.0,,300000000.0,0.0,300000000.0,0.0,1.0,0.0,
183,,,,0,,0,Light,0,-1,3.145,54.905,11.0,51760.0,51460.0,300.0,0.0,0.0,,300000000.0,0.0,300000000.0,0.0,1.0,0.0,
20000183,,,,0,,2,Light,0,-1,3.217,54.914,12.0,51697.0,51397.0,300.0,0.0,0.0,,300000000.0,0.0,300000000.0,0.0,1.0,0.0,
10000183,,,,0,,1,Light,0,-1,3.022,54.917,11.0,51895.0,51595.0,300.0,0.0,0.0,,300000000.0,0.0,300000000.0,0.0,1.0,0.0,
40000183,,,,0,,4,Light,0,-1,3.154,54.937,12.0,51783.0,51483.0,300.0,0.0,0.0,,300000000.0,0.0,300000000.0,0.0,1.0,0.0,
30000183,,,,0,,3,Light,0,-1,3.159,54.945,8.0,51786.0,51486.0,300.0,0.0,0.0,,300000000.0,0.0,300000000.0,0.0,1.0,0.0,
50000184,,,,0,,5,Light,0,-1,3.008,55.202,6.0,52194.0,51894.0,300.0,0.0,0.0,,300000000.0,0.0,300000000.0,0.0,1.0,0.0,
184,,,,0,,0,Light,0,-1,3.179,55.205,34.0,52026.0,51726.0,300.0,0.0,0.0,,300000000.0,0.0,300000000.0,0.0,1.0,0.0,
20000184,,,,0,,2,Light,0,-1,3.237,55.214,20.0,51977.0,51677.0,300.0,0.0,0.0,,300000000.0,0.0,300000000.0,0.0,1.0,0.0,
10000184,,,,0,,1,Light,0,-1,3.028,55.217,6.0,52189.0,51889.0,300.0,0.0,0.0,,300000000.0,0.0,300000000.0,0.0,1.0,0.0,
40000184,,,,0,,4,Light,0,-1,3.168,55.237,14.0,52069.0,51769.0,300.0,0.0,0.0,,300000000.0,0.0,300000000.0,0.0,1.0,0.0,
30000184,,,,0,,3,Light,0,-1,3.171,55.245,12.0,52074.0,51774.0,300.0,0.0,0.0,,300000000.0,0.0,300000000.0,0.0,1.0,0.0,
50000185,,,,0,,5,Light,0,-1,3.025,55.502,17.0,52477.0,52177.0,300.0,0.0,0.0,,300000000.0,0.0,300000000.0,0.0,1.0,0.0,
185,,,,0,,0,Light,0,-1,3.199,55.505,20.0,52306.0,52006.0,300.0,0.0,0.0,,300000000.0,0.0,300000000.0,0.0,1.0,0.0,
20000185,,,,0,,2,Light,0,-1,3.239,55.514,2.0,52275.0,51975.0,300.0,0.0,0.0,,300000000.0,0.0,300000000.0,0.0,1.0,0.0,
10000185,,,,0,,1,Light,0,-1,3.034,55.517,6.0,52483.0,52183.0,300.0,0.0,0.0,,300000000.0,0.0,300000000.0,0.0,1.0,0.0,
40000185,,,,0,,4,Light,0,-1,3.225,55.537,57.0,52312.0,52012.0,300.0,0.0,0.0,,300000000.0,0.0,300000000.0,0.0,1.0,0.0,
30000185,,,,0,,3,Light,0,-1,3.177,55.545,6.0,52368.0,52068.0,300.0,0.0,0.0,,300000000.0,0.0,300000000.0,0.0,1.0,0.0,
50000186,,,,0,,5,Light,0,-1,3.051,55.802,26.0,52751.0,52451.0,300.0,0.0,0.0,,300000000.0,0.0,300000000.0,0.0,1.0,0.0,
186,,,,0,,0,Light,0,-1,3.228,55.805,29.0,52577.0,52277.0,300.0,0.0,0.0,,300000000.0,0.0,300000000.0,0.0,1.0,0.0,
20000186,,,,0,,2,Light,0,-1,3.242,55.814,3.0,52572.0,52272.0,300.0,0.0,0.0,,300000000.0,0.0,300000000.0,0.0,1.0,0.0,
10000186,,,,0,,1,Light,0,-1,3.042,55.817,8.0,52775.0,52475.0,300.0,0.0,0.0,,300000000.0,0.0,300000000.0,0.0,1.0,0.0,
40000186,,,,0,,4,Light,0,-1,3.251,55.837,26.0,52586.0,52286.0,300.0,0.0,0.0,,300000000.0,0.0,300000000.0,0.0,1.0,0.0,
30000186,,,,0,,3,Light,0,-1,3.182,55.845,5.0,52663.0,52363.0,300.0,0.0,0.0,,300000000.0,0.0,300000000.0,0.0,1.0,0.0,
50000187,,,,0,,5,Light,0,-1,3.068,56.102,17.0,53034.0,52734.0,300.0,0.0,0.0,,300000000.0,0.0,300000000.0,0.0,1.0,0.0,
187,,,,0,,0,Light,0,-1,3.234,56.105,6.0,52871.0,52571.0,300.0,0.0,0.0,,300000000.0,0.0,300000000.0,0.0,1.0,0.0,
20000187,,,,0,,2,Light,0,-1,3.277,56.114,35.0,52837.0,52537.0,300.0,0.0,0.0,,300000000.0,0.0,300000000.0,0.0,1.0,0.0,
10000187,,,,0,,1,Light,0,-1,3.122,56.117,80.0,52995.0,52695.0,300.0,0.0,0.0,,300000000.0,0.0,300000000.0,0.0,1.0,0.0,
40000187,,,,0,,4,Light,0,-1,3.259,56.137,8.0,52878.0,52578.0,300.0,0.0,0.0,,300000000.0,0.0,300000000.0,0.0,1.0,0.0,
30000187,,,,0,,3,Light,0,-1,3.188,56.145,6.0,52957.0,52657.0,300.0,0.0,0.0,,300000000.0,0.0,300000000.0,0.0,1.0,0.0,
50000188,,,,0,,5,Light,0,-1,3.074,56.402,6.0,53328.0,53028.0,300.0,0.0,0.0,,300000000.0,0.0,300000000.0,0.0,1.0,0.0,
188,,,,0,,0,Light,0,-1,3.245,56.405,11.0,53160.0,52860.0,300.0,0.0,0.0,,300000000.0,0.0,300000000.0,0.0,1.0,0.0,
20000188,,,,0,,2,Light,0,-1,3.297,56.414,20.0,53117.0,52817.0,300.0,0.0,0.0,,300000000.0,0.0,300000000.0,0.0,1.0,0.0,
10000188,,,,0,,1,Light,0,-1,3.148,56.417,26.0,53269.0,52969.0,300.0,0.0,0.0,,300000000.0,0.0,300000000.0,0.0,1.0,0.0,
40000188,,,,0,,4,Light,0,-1,3.274,56.437,15.0,53163.0,52863.0,300.0,0.0,0.0,,300000000.0,0.0,300000000.0,0.0,1.0,0.0,
30000188,,,,0,,3,Light,0,-1,3.208,56.445,20.0,53237.0,52937.0,300.0,0.0,0.0,,300000000.0,0.0,300000000.0,0.0,1.0,0.0,
50000189,,,,0,,5,Light,0,-1,3.105,56.702,31.0,53597.0,53297.0,300.0,0.0,0.0,,300000000.0,0.0,300000000.0,0.0,1.0,0.0,
189,,,,0,,0,Light,0,-1,3.254,56.705,9.0,53451.0,53151.0,300.0,0.0,0.0,,300000000.0,0.0,300000000.0,0.0,1.0,0.0,
20000189,,,,0,,2,Light,0,-1,3.305,56.714,8.0,53409.0,53109.0,300.0,0.0,0.0,,300000000.0,0.0,300000000.0,0.0,1.0,0.0,
10000189,,,,0,,1,Light,0,-1,3.165,56.717,17.0,53552.0,53252.0,300.0,0.0,0.0,,300000000.0,0.0,300000000.0,0.0,1.0,0.0,
40000189,,,,0,,4,Light,0,-1,3.279,56.737,5.0,53458.0,53158.0,300.0,0.0,0.0,,300000000.0,0.0,300000000.0,0.0,1.0,0.0,
30000189,,,,0,,3,Light,0,-1,3.214,56.745,6.0,53531.0,53231.0,300.0,0.0,0.0,,300000000.0,0.0,300000000.0,0.0,1.0,0.0,
50000190,,,,0,,5,Light,0,-1,3.125,57.002,20.0,53877.0,53577.0,300.0,0.0,0.0,,300000000.0,0.0,300000000.0,0.0,1.0,0.0,
190,,,,0,,0,Light,0,-1,3.268,57.005,14.0,53737.0,53437.0,300.0,0.0,0.0,,300000000.0,0.0,300000000.0,0.0,1.0,0.0,
20000190,,,,0,,2,Light,0,-1,3.337,57.014,32.0,53677.0,53377.0,300.0,0.0,0.0,,300000000.0,0.0,300000000.0,0.0,1.0,0.0,
10000190,,,,0,,1,Light,0,-1,3.202,57.017,37.0,53815.0,53515.0,300.0,0.0,0.0,,300000000.0,0.0,300000000.0,0.0,1.0,0.0,
40000190,,,,0,,4,Light,0,-1,3.299,57.037,20.0,53738.0,53438.0,300.0,0.0,0.0,,300000000.0,0.0,300000000.0,0.0,1.0,0.0,
30000190,,,,0,,3,Light,0,-1,3.222,57.045,8.0,53823.0,53523.0,300.0,0.0,0.0,,300000000.0,0.0,300000000.0,0.0,1.0,0.0,
50000191,,,,0,,5,Light,0,-1,3.137,57.302,12.0,54165.0,53865.0,300.0,0.0,0.0,,300000000.0,0.0,300000000.0,0.0,1.0,0.0,
191,,,,0,,0,Light,0,-1,3.291,57.305,23.0,54014.0,53714.0,300.0,0.0,0.0,,300000000.0,0.0,300000000.0,0.0,1.0,0.0,
20000191,,,,0,,2,Light,0,-1,3.377,57.314,40.0,53937.0,53637.0,300.0,0.0,0.0,,300000000.0,0.0,300000000.0,0.0,1.0,0.0,
10000191,,,,0,,1,Light,0,-1,3.271,57.317,69.0,54046.0,53746.0,300.0,0.0,0.0,,300000000.0,0.0,300000000.0,0.0,1.0,0.0,
40000191,,,,0,,4,Light,0,-1,3.325,57.337,26.0,54012.0,53712.0,300.0,0.0,0.0,,300000000.0,0.0,300000000.0,0.0,1.0,0.0,
30000191,,,,0,,3,Light,0,-1,3.231,57.345,9.0,54114.0,53814.0,300.0,0.0,0.0,,300000000.0,0.0,300000000.0,0.0,1.0,0.0,
50000192,,,,0,,5,Light,0,-1,3.157,57.602,20.0,54445.0,54145.0,300.0,0.0,0.0,,300000000.0,0.0,300000000.0,0.0,1.0,0.0,
192,,,,0,,0,Light,0,-1,3.317,57.605,26.0,54288.0,53988.0,300.0,0.0,0.0,,300000000.0,0.0,300000000.0,0.0,1.0,0.0,
20000192,,,,0,,2,Light,0,-1,3.385,57.614,8.0,54229.0,53929.0,300.0,0.0,0.0,,300000000.0,0.0,300000000.0,0.0,1.0,0.0,
10000192,,,,0,,1,Light,0,-1,3.294,57.617,23.0,54323.0,54023.0,300.0,0.0,0.0,,300000000.0,0.0,300000000.0,0.0,1.0,0.0,
40000192,,,,0,,4,Light,0,-1,3.339,57.637,14.0,54298.0,53998.0,300.0,0.0,0.0,,300000000.0,0.0,300000000.0,0.0,1.0,0.0,
30000192,,,,0,,3,Light,0,-1,3.248,57.645,17.0,54397.0,54097.0,300.0,0.0,0.0,,300000000.0,0.0,300000000.0,0.0,1.0,0.0,
50000193,,,,0,,5,Light,0,-1,3.174,57.902,17.0,54728.0,54428.0,300.0,0.0,0.0,,300000000.0,0.0,300000000.0,0.0,1.0,0.0,
193,,,,0,,0,Light,0,-1,3.319,57.905,2.0,54586.0,54286.0,300.0,0.0,0.0,,300000000.0,0.0,300000000.0,0.0,1.0,0.0,
20000193,,,,0,,2,Light,0,-1,3.428,57.914,43.0,54486.0,54186.0,300.0,0.0,0.0,,300000000.0,0.0,300000000.0,0.0,1.0,0.0,
10000193,,,,0,,1,Light,0,-1,3.302,57.917,8.0,54615.0,54315.0,300.0,0.0,0.0,,300000000.0,0.0,300000000.0,0.0,1.0,0.0,
40000193,,,,0,,4,Light,0,-1,3.345,57.937,6.0,54592.0,54292.0,300.0,0.0,0.0,,300000000.0,0.0,300000000.0,0.0,1.0,0.0,
30000193,,,,0,,3,Light,0,-1,3.262,57.945,14.0,54683.0,54383.0,300.0,0.0,0.0,,300000000.0,0.0,300000000.0,0.0,1.0,0.0,
50000194,,,,0,,5,Light,0,-1,3.197,58.202,23.0,55005.0,54705.0,300.0,0.0,0.0,,300000000.0,0.0,300000000.0,0.0,1.0,0.0,
194,,,,0,,0,Light,0,-1,3.342,58.205,23.0,54863.0,54563.0,300.0,0.0,0.0,,300000000.0,0.0,300000000.0,0.0,1.0,0.0,
20000194,,,,0,,2,Light,0,-1,3.434,58.214,6.0,54780.0,54480.0,300.0,0.0,0.0,,300000000.0,0.0,300000000.0,0.0,1.0,0.0,
10000194,,,,0,,1,Light,0,-1,3.328,58.217,26.0,54889.0,54589.0,300.0,0.0,0.0,,300000000.0,0.0,300000000.0,0.0,1.0,0.0,
40000194,,,,0,,4,Light,0,-1,3.379,58.237,34.0,54858.0,54558.0,300.0,0.0,0.0,,300000000.0,0.0,300000000.0,0.0,1.0,0.0,
30000194,,,,0,,3,Light,0,-1,3.265,58.245,3.0,54980.0,54680.0,300.0,0.0,0.0,,300000000.0,0.0,300000000.0,0.0,1.0,0.0,
50000195,,,,0,,5,Light,0,-1,3.211,58.502,14.0,55291.0,54991.0,300.0,0.0,0.0,,300000000.0,0.0,300000000.0,0.0,1.0,0.0,
195,,,,0,,0,Light,0,-1,3.351,58.505,9.0,55154.0,54854.0,300.0,0.0,0.0,,300000000.0,0.0,300000000.0,0.0,1.0,0.0,
20000195,,,,0,,2,Light,0,-1,3.439,58.514,5.0,55075.0,54775.0,300.0,0.0,0.0,,300000000.0,0.0,300000000.0,0.0,1.0,0.0,
10000195,,,,0,,1,Light,0,-1,3.334,58.517,6.0,55183.0,54883.0,300.0,0.0,0.0,,300000000.0,0.0,300000000.0,0.0,1.0,0.0,
40000195,,,,0,,4,Light,0,-1,3.402,58.537,23.0,55135.0,54835.0,300.0,0.0,0.0,,300000000.0,0.0,300000000.0,0.0,1.0,0.0,
30000195,,,,0,,3,Light,0,-1,3.282,58.545,17.0,55263.0,54963.0,300.0,0.0,0.0,,300000000.0,0.0,300000000.0,0.0,1.0,0.0,
50000196,,,,0,,5,Light,0,-1,3.219,58.802,8.0,55583.0,55283.0,300.0,0.0,0.0,,300000000.0,0.0,300000000.0,0.0,1.0,0.0,
196,,,,0,,0,Light,0,-1,3.357,58.805,6.0,55448.0,55148.0,300.0,0.0,0.0,,300000000.0,0.0,300000000.0,0.0,1.0,0.0,
20000196,,,,0,,2,Light,0,-1,3.445,58.814,6.0,55369.0,55069.0,300.0,0.0,0.0,,300000000.0,0.0,300000000.0,0.0,1.0,0.0,
10000196,,,,0,,1,Light,0,-1,3.354,58.817,20.0,55463.0,55163.0,300.0,0.0,0.0,,300000000.0,0.0,300000000.0,0.0,1.0,0.0,
40000196,,,,0,,4,Light,0,-1,3.414,58.837,12.0,55423.0,55123.0,300.0,0.0,0.0,,300000000.0,0.0,300000000.0,0.0,1.0,0.0,
30000196,,,,0,,3,Light,0,-1,3.288,58.845,6.0,55557.0,55257.0,300.0,0.0,0.0,,300000000.0,0.0,300000000.0,0.0,1.0,0.0,
50000197,,,,0,,5,Light,0,-1,3.257,59.102,38.0,55845.0,55545.0,300.0,0.0,0.0,,300000000.0,0.0,300000000.0,0.0,1.0,0.0,
197,,,,0,,0,Light,0,-1,3.362,59.105,5.0,55743.0,55443.0,300.0,0.0,0.0,,300000000.0,0.0,300000000.0,0.0,1.0,0.0,
20000197,,,,0,,2,Light,0,-1,3.451,59.114,6.0,55663.0,55363.0,300.0,0.0,0.0,,300000000.0,0.0,300000000.0,0.0,1.0,0.0,
10000197,,,,0,,1,Light,0,-1,3.368,59.117,14.0,55749.0,55449.0,300.0,0.0,0.0,,300000000.0,0.0,300000000.0,0.0,1.0,0.0,
40000197,,,,0,,4,Light,0,-1,3.417,59.137,3.0,55720.0,55420.0,300.0,0.0,0.0,,300000000.0,0.0,300000000.0,0.0,1.0,0.0,
30000197,,,,0,,3,Light,0,-1,3.308,59.145,20.0,55837.0,55537.0,300.0,0.0,0.0,,300000000.0,0.0,300000000.0,0.0,1.0,0.0,
50000198,,,,0,,5,Light,0,-1,3.285,59.402,28.0,56117.0,55817.0,300.0,0.0,0.0,,300000000.0,0.0,300000000.0,0.0,1.0,0.0,
198,,,,0,,0,Light,0,-1,3.425,59.405,63.0,55980.0,55680.0,300.0,0.0,0.0,,300000000.0,0.0,300000000.0,0.0,1.0,0.0,
20000198,,,,0,,2,Light,0,-1,3.477,59.414,26.0,55937.0,55637.0,300.0,0.0,0.0,,300000000.0,0.0,300000000.0,0.0,1.0,0.0,
10000198,,,,0,,1,Light,0,-1,3.397,59.417,29.0,56020.0,55720.0,300.0,0.0,0.0,,300000000.0,0.0,300000000.0,0.0,1.0,0.0,
40000198,,,,0,,4,Light,0,-1,3.437,59.437,20.0,56000.0,55700.0,300.0,0.0,0.0,,300000000.0,0.0,300000000.0,0.0,1.0,0.0,
30000198,,,,0,,3,Light,0,-1,3.314,59.445,6.0,56131.0,55831.0,300.0,0.0,0.0,,300000000.0,0.0,300000000.0,0.0,1.0,0.0,
50000199,,,,0,,5,Light,0,-1,3.311,59.702,26.0,56391.0,56091.0,300.0,0.0,0.0,,300000000.0,0.0,300000000.0,0.0,1.0,0.0,
199,,,,0,,0,Light,0,-1,3.442,59.705,17.0,56263.0,55963.0,300.0,0.0,0.0,,300000000.0,0.0,300000000.0,0.0,1.0,0.0,
20000199,,,,0,,2,Light,0,-1,3.479,59.714,2.0,56235.0,55935.0,300.0,0.0,0.0,,300000000.0,0.0,300000000.0,0.0,1.0,0.0,
10000199,,,,0,,1,Light,0,-1,3.405,59.717,8.0,56312.0,56012.0,300.0,0.0,0.0,,300000000.0,0.0,300000000.0,0.0,1.0,0.0,
40000199,,,,0,,4,Light,0,-1,3.454,59.737,17.0,56283.0,55983.0,300.0,0.0,0.0,,300000000.0,0.0,300000000.0,0.0,1.0,0.0,
30000199,,,,0,,3,Light,0,-1,3.348,59.745,34.0,56397.0,56097.0,300.0,0.0,0.0,,300000000.0,0.0,300000000.0,0.0,1.0,0.0,
