task_id,job_id,app_name,node_name,ucb_reward,ucb_arm,user_id,task_type,offloaded,edge_id,arrival_time,finish_time,inter_arrival_ms,latency_ms,waiting_ms,proc_ms,tx_delay_ms,transit_ms,channel_rate_mbps,cycles_total,split_ratio,cycles_local,cycles_edge,local_ratio,edge_ratio,finish_time_edge
50000001,,,,0,,5,Light,0,-1,0.003,0.303,,300.0,0.0,300.0,0.0,0.0,,300000000.0,0.0,300000000.0,0.0,1.0,0.0,
1,,,,0,,0,Light,0,-1,0.007,0.307,,300.0,0.0,300.0,0.0,0.0,,300000000.0,0.0,300000000.0,0.0,1.0,0.0,
20000001,,,,0,,2,Light,0,-1,0.019,0.319,,300.0,0.0,300.0,0.0,0.0,,300000000.0,0.0,300000000.0,0.0,1.0,0.0,
10000001,,,,0,,1,Light,0,-1,0.023,0.323,,300.0,0.0,300.0,0.0,0.0,,300000000.0,0.0,300000000.0,0.0,1.0,0.0,
40000001,,,,0,,4,Light,0,-1,0.051,0.351,,300.0,0.0,300.0,0.0,0.0,,300000000.0,0.0,300000000.0,0.0,1.0,0.0,
30000001,,,,0,,3,Light,0,-1,0.063,0.363,,300.0,0.0,300.0,0.0,0.0,,300000000.0,0.0,300000000.0,0.0,1.0,0.0,
50000002,,,,0,,5,Light,0,-1,0.015,0.603,12.0,588.0,288.0,300.0,0.0,0.0,,300000000.0,0.0,300000000.0,0.0,1.0,0.0,
2,,,,0,,0,Light,0,-1,0.011,0.607,4.0,596.0,296.0,300.0,0.0,0.0,,300000000.0,0.0,300000000.0,0.0,1.0,0.0,
20000002,,,,0,,2,Light,0,-1,0.139,0.619,120.0,480.0,180.0,300.0,0.0,0.0,,300000000.0,0.0,300000000.0,0.0,1.0,0.0,
10000002,,,,0,,1,Light,0,-1,0.027,0.623,4.0,596.0,296.0,300.0,0.0,0.0,,300000000.0,0.0,300000000.0,0.0,1.0,0.0,
40000002,,,,0,,4,Light,0,-1,0.059,0.651,8.0,592.0,292.0,300.0,0.0,0.0,,300000000.0,0.0,300000000.0,0.0,1.0,0.0,
30000002,,,,0,,3,Light,0,-1,0.123,0.663,60.0,540.0,240.0,300.0,0.0,0.0,,300000000.0,0.0,300000000.0,0.0,1.0,0.0,
50000003,,,,0,,5,Light,0,-1,0.035,0.903,20.0,868.0,568.0,300.0,0.0,0.0,,300000000.0,0.0,300000000.0,0.0,1.0,0.0,
3,,,,0,,0,Light,0,-1,0.039,0.907,28.0,868.0,568.0,300.0,0.0,0.0,,300000000.0,0.0,300000000.0,0.0,1.0,0.0,
20000003,,,,0,,2,Light,0,-1,0.159,0.919,20.0,760.0,460.0,300.0,0.0,0.0,,300000000.0,0.0,300000000.0,0.0,1.0,0.0,
10000003,,,,0,,1,Light,0,-1,0.031,0.923,4.0,892.0,592.0,300.0,0.0,0.0,,300000000.0,0.0,300000000.0,0.0,1.0,0.0,
40000003,,,,0,,4,Light,0,-1,0.087,0.951,28.0,864.0,564.0,300.0,0.0,0.0,,300000000.0,0.0,300000000.0,0.0,1.0,0.0,
30000003,,,,0,,3,Light,0,-1,0.131,0.963,8.0,832.0,532.0,300.0,0.0,0.0,,300000000.0,0.0,300000000.0,0.0,1.0,0.0,
50000004,,,,0,,5,Light,0,-1,0.043,1.203,8.0,1160.0,860.0,300.0,0.0,0.0,,300000000.0,0.0,300000000.0,0.0,1.0,0.0,
4,,,,0,,0,Light,0,-1,0.055,1.207,16.0,1152.0,852.0,300.0,0.0,0.0,,300000000.0,0.0,300000000.0,0.0,1.0,0.0,
20000004,,,,0,,2,Light,0,-1,0.163,1.219,4.0,1056.0,756.0,300.0,0.0,0.0,,300000000.0,0.0,300000000.0,0.0,1.0,0.0,
10000004,,,,0,,1,Light,0,-1,0.079,1.223,48.0,1144.0,844.0,300.0,0.0,0.0,,300000000.0,0.0,300000000.0,0.0,1.0,0.0,
40000004,,,,0,,4,Light,0,-1,0.091,1.251,4.0,1160.0,860.0,300.0,0.0,0.0,,300000000.0,0.0,300000000.0,0.0,1.0,0.0,
30000004,,,,0,,3,Light,0,-1,0.155,1.263,24.0,1108.0,808.0,300.0,0.0,0.0,,300000000.0,0.0,300000000.0,0.0,1.0,0.0,
50000005,,,,0,,5,Light,0,-1,0.047,1.503,4.0,1456.0,1156.0,300.0,0.0,0.0,,300000000.0,0.0,300000000.0,0.0,1.0,0.0,
5,,,,0,,0,Light,0,-1,0.067,1.507,12.0,1440.0,1140.0,300.0,0.0,0.0,,300000000.0,0.0,300000000.0,0.0,1.0,0.0,
20000005,,,,0,,2,Light,0,-1,0.175,1.519,12.0,1344.0,1044.0,300.0,0.0,0.0,,300000000.0,0.0,300000000.0,0.0,1.0,0.0,
10000005,,,,0,,1,Light,0,-1,0.083,1.523,4.0,1440.0,1140.0,300.0,0.0,0.0,,300000000.0,0.0,300000000.0,0.0,1.0,0.0,
40000005,,,,0,,4,Light,0,-1,0.099,1.551,8.0,1452.0,1152.0,300.0,0.0,0.0,,300000000.0,0.0,300000000.0,0.0,1.0,0.0,
30000005,,,,0,,3,Light,0,-1,0.187,1.563,32.0,1376.0,1076.0,300.0,0.0,0.0,,300000000.0,0.0,300000000.0,0.0,1.0,0.0,
50000006,,,,0,,5,Light,0,-1,0.107,1.803,60.0,1696.0,1396.0,300.0,0.0,0.0,,300000000.0,0.0,300000000.0,0.0,1.0,0.0,
6,,,,0,,0,Light,0,-1,0.071,1.807,4.0,1736.0,1436.0,300.0,0.0,0.0,,300000000.0,0.0,300000000.0,0.0,1.0,0.0,
20000006,,,,0,,2,Light,0,-1,0.195,1.819,20.0,1624.0,1324.0,300.0,0.0,0.0,,300000000.0,0.0,300000000.0,0.0,1.0,0.0,
10000006,,,,0,,1,Light,0,-1,0.103,1.823,20.0,1720.0,1420.0,300.0,0.0,0.0,,300000000.0,0.0,300000000.0,0.0,1.0,0.0,
40000006,,,,0,,4,Light,0,-1,0.119,1.851,20.0,1732.0,1432.0,300.0,0.0,0.0,,300000000.0,0.0,300000000.0,0.0,1.0,0.0,
30000006,,,,0,,3,Light,0,-1,0.219,1.863,32.0,1644.0,1344.0,300.0,0.0,0.0,,300000000.0,0.0,300000000.0,0.0,1.0,0.0,
50000007,,,,0,,5,Light,0,-1,0.111,2.103,4.0,1992.0,1692.0,300.0,0.0,0.0,,300000000.0,0.0,300000000.0,0.0,1.0,0.0,
7,,,,0,,0,Light,0,-1,0.075,2.107,4.0,2032.0,1732.0,300.0,0.0,0.0,,300000000.0,0.0,300000000.0,0.0,1.0,0.0,
20000007,,,,0,,2,Light,0,-1,0.199,2.119,4.0,1920.0,1620.0,300.0,0.0,0.0,,300000000.0,0.0,300000000.0,0.0,1.0,0.0,
10000007,,,,0,,1,Light,0,-1,0.127,2.123,24.0,1996.0,1696.0,300.0,0.0,0.0,,300000000.0,0.0,300000000.0,0.0,1.0,0.0,
40000007,,,,0,,4,Light,0,-1,0.135,2.151,16.0,2016.0,1716.0,300.0,0.0,0.0,,300000000.0,0.0,300000000.0,0.0,1.0,0.0,
30000007,,,,0,,3,Light,0,-1,0.231,2.163,12.0,1932.0,1632.0,300.0,0.0,0.0,,300000000.0,0.0,300000000.0,0.0,1.0,0.0,
50000008,,,,0,,5,Light,0,-1,0.115,2.403,4.0,2288.0,1988.0,300.0,0.0,0.0,,300000000.0,0.0,300000000.0,0.0,1.0,0.0,
8,,,,0,,0,Light,0,-1,0.095,2.407,20.0,2312.0,2012.0,300.0,0.0,0.0,,300000000.0,0.0,300000000.0,0.0,1.0,0.0,
20000008,,,,0,,2,Light,0,-1,0.207,2.419,8.0,2212.0,1912.0,300.0,0.0,0.0,,300000000.0,0.0,300000000.0,0.0,1.0,0.0,
10000008,,,,0,,1,Light,0,-1,0.147,2.423,20.0,2276.0,1976.0,300.0,0.0,0.0,,300000000.0,0.0,300000000.0,0.0,1.0,0.0,
40000008,,,,0,,4,Light,0,-1,0.203,2.451,68.0,2248.0,1948.0,300.0,0.0,0.0,,300000000.0,0.0,300000000.0,0.0,1.0,0.0,
30000008,,,,0,,3,Light,0,-1,0.303,2.463,72.0,2160.0,1860.0,300.0,0.0,0.0,,300000000.0,0.0,300000000.0,0.0,1.0,0.0,
50000009,,,,0,,5,Light,0,-1,0.151,2.703,36.0,2552.0,2252.0,300.0,0.0,0.0,,300000000.0,0.0,300000000.0,0.0,1.0,0.0,
9,,,,0,,0,Light,0,-1,0.143,2.707,48.0,2564.0,2264.0,300.0,0.0,0.0,,300000000.0,0.0,300000000.0,0.0,1.0,0.0,
20000009,,,,0,,2,Light,0,-1,0.243,2.719,36.0,2476.0,2176.0,300.0,0.0,0.0,,300000000.0,0.0,300000000.0,0.0,1.0,0.0,
10000009,,,,0,,1,Light,0,-1,0.167,2.723,20.0,2556.0,2256.0,300.0,0.0,0.0,,300000000.0,0.0,300000000.0,0.0,1.0,0.0,
40000009,,,,0,,4,Light,0,-1,0.223,2.751,20.0,2528.0,2228.0,300.0,0.0,0.0,,300000000.0,0.0,300000000.0,0.0,1.0,0.0,
30000009,,,,0,,3,Light,0,-1,0.311,2.763,8.0,2452.0,2152.0,300.0,0.0,0.0,,300000000.0,0.0,300000000.0,0.0,1.0,0.0,
50000010,,,,0,,5,Light,0,-1,0.215,3.003,64.0,2788.0,2488.0,300.0,0.0,0.0,,300000000.0,0.0,300000000.0,0.0,1.0,0.0,
10,,,,0,,0,Light,0,-1,0.179,3.007,36.0,2828.0,2528.0,300.0,0.0,0.0,,300000000.0,0.0,300000000.0,0.0,1.0,0.0,
20000010,,,,0,,2,Light,0,-1,0.255,3.019,12.0,2764.0,2464.0,300.0,0.0,0.0,,300000000.0,0.0,300000000.0,0.0,1.0,0.0,
10000010,,,,0,,1,Light,0,-1,0.171,3.023,4.0,2852.0,2552.0,300.0,0.0,0.0,,300000000.0,0.0,300000000.0,0.0,1.0,0.0,
40000010,,,,0,,4,Light,0,-1,0.239,3.051,16.0,2812.0,2512.0,300.0,0.0,0.0,,300000000.0,0.0,300000000.0,0.0,1.0,0.0,
30000010,,,,0,,3,Light,0,-1,0.391,3.063,80.0,2672.0,2372.0,300.0,0.0,0.0,,300000000.0,0.0,300000000.0,0.0,1.0,0.0,
50000011,,,,0,,5,Light,0,-1,0.247,3.303,32.0,3056.0,2756.0,300.0,0.0,0.0,,300000000.0,0.0,300000000.0,0.0,1.0,0.0,
11,,,,0,,0,Light,0,-1,0.183,3.307,4.0,3124.0,2824.0,300.0,0.0,0.0,,300000000.0,0.0,300000000.0,0.0,1.0,0.0,
20000011,,,,0,,2,Light,0,-1,0.287,3.319,32.0,3032.0,2732.0,300.0,0.0,0.0,,300000000.0,0.0,300000000.0,0.0,1.0,0.0,
10000011,,,,0,,1,Light,0,-1,0.263,3.323,92.0,3060.0,2760.0,300.0,0.0,0.0,,300000000.0,0.0,300000000.0,0.0,1.0,0.0,
40000011,,,,0,,4,Light,0,-1,0.251,3.351,12.0,3100.0,2800.0,300.0,0.0,0.0,,300000000.0,0.0,300000000.0,0.0,1.0,0.0,
30000011,,,,0,,3,Light,0,-1,0.395,3.363,4.0,2968.0,2668.0,300.0,0.0,0.0,,300000000.0,0.0,300000000.0,0.0,1.0,0.0,
50000012,,,,0,,5,Light,0,-1,0.267,3.603,20.0,3336.0,3036.0,300.0,0.0,0.0,,300000000.0,0.0,300000000.0,0.0,1.0,0.0,
12,,,,0,,0,Light,0,-1,0.191,3.607,8.0,3416.0,3116.0,300.0,0.0,0.0,,300000000.0,0.0,300000000.0,0.0,1.0,0.0,
20000012,,,,0,,2,Light,0,-1,0.307,3.619,20.0,3312.0,3012.0,300.0,0.0,0.0,,300000000.0,0.0,300000000.0,0.0,1.0,0.0,
10000012,,,,0,,1,Light,0,-1,0.283,3.623,20.0,3340.0,3040.0,300.0,0.0,0.0,,300000000.0,0.0,300000000.0,0.0,1.0,0.0,
40000012,,,,0,,4,Light,0,-1,0.259,3.651,8.0,3392.0,3092.0,300.0,0.0,0.0,,300000000.0,0.0,300000000.0,0.0,1.0,0.0,
30000012,,,,0,,3,Light,0,-1,0.443,3.663,48.0,3220.0,2920.0,300.0,0.0,0.0,,300000000.0,0.0,300000000.0,0.0,1.0,0.0,
50000013,,,,0,,5,Light,0,-1,0.279,3.903,12.0,3624.0,3324.0,300.0,0.0,0.0,,300000000.0,0.0,300000000.0,0.0,1.0,0.0,
13,,,,0,,0,Light,0,-1,0.211,3.907,20.0,3696.0,3396.0,300.0,0.0,0.0,,300000000.0,0.0,300000000.0,0.0,1.0,0.0,
20000013,,,,0,,2,Light,0,-1,0.319,3.919,12.0,3600.0,3300.0,300.0,0.0,0.0,,300000000.0,0.0,300000000.0,0.0,1.0,0.0,
10000013,,,,0,,1,Light,0,-1,0.295,3.923,12.0,3628.0,3328.0,300.0,0.0,0.0,,300000000.0,0.0,300000000.0,0.0,1.0,0.0,
40000013,,,,0,,4,Light,0,-1,0.363,3.951,104.0,3588.0,3288.0,300.0,0.0,0.0,,300000000.0,0.0,300000000.0,0.0,1.0,0.0,
30000013,,,,0,,3,Light,0,-1,0.479,3.963,36.0,3484.0,3184.0,300.0,0.0,0.0,,300000000.0,0.0,300000000.0,0.0,1.0,0.0,
50000014,,,,0,,5,Light,0,-1,0.315,4.203,36.0,3888.0,3588.0,300.0,0.0,0.0,,300000000.0,0.0,300000000.0,0.0,1.0,0.0,
14,,,,0,,0,Light,0,-1,0.227,4.207,16.0,3980.0,3680.0,300.0,0.0,0.0,,300000000.0,0.0,300000000.0,0.0,1.0,0.0,
20000014,,,,0,,2,Light,0,-1,0.327,4.219,8.0,3892.0,3592.0,300.0,0.0,0.0,,300000000.0,0.0,300000000.0,0.0,1.0,0.0,
10000014,,,,0,,1,Light,0,-1,0.323,4.223,28.0,3900.0,3600.0,300.0,0.0,0.0,,300000000.0,0.0,300000000.0,0.0,1.0,0.0,
40000014,,,,0,,4,Light,0,-1,0.375,4.251,12.0,3876.0,3576.0,300.0,0.0,0.0,,300000000.0,0.0,300000000.0,0.0,1.0,0.0,
30000014,,,,0,,3,Light,0,-1,0.483,4.263,4.0,3780.0,3480.0,300.0,0.0,0.0,,300000000.0,0.0,300000000.0,0.0,1.0,0.0,
50000015,,,,0,,5,Light,0,-1,0.339,4.503,24.0,4164.0,3864.0,300.0,0.0,0.0,,300000000.0,0.0,300000000.0,0.0,1.0,0.0,
15,,,,0,,0,Light,0,-1,0.235,4.507,8.0,4272.0,3972.0,300.0,0.0,0.0,,300000000.0,0.0,300000000.0,0.0,1.0,0.0,
20000015,,,,0,,2,Light,0,-1,0.331,4.519,4.0,4188.0,3888.0,300.0,0.0,0.0,,300000000.0,0.0,300000000.0,0.0,1.0,0.0,
10000015,,,,0,,1,Light,0,-1,0.335,4.523,12.0,4188.0,3888.0,300.0,0.0,0.0,,300000000.0,0.0,300000000.0,0.0,1.0,0.0,
40000015,,,,0,,4,Light,0,-1,0.411,4.551,36.0,4140.0,3840.0,300.0,0.0,0.0,,300000000.0,0.0,300000000.0,0.0,1.0,0.0,
30000015,,,,0,,3,Light,0,-1,0.491,4.563,8.0,4072.0,3772.0,300.0,0.0,0.0,,300000000.0,0.0,300000000.0,0.0,1.0,0.0,
50000016,,,,0,,5,Light,0,-1,0.347,4.803,8.0,4456.0,4156.0,300.0,0.0,0.0,,300000000.0,0.0,300000000.0,0.0,1.0,0.0,
16,,,,0,,0,Light,0,-1,0.271,4.807,36.0,4536.0,4236.0,300.0,0.0,0.0,,300000000.0,0.0,300000000.0,0.0,1.0,0.0,
20000016,,,,0,,2,Light,0,-1,0.343,4.819,12.0,4476.0,4176.0,300.0,0.0,0.0,,300000000.0,0.0,300000000.0,0.0,1.0,0.0,
10000016,,,,0,,1,Light,0,-1,0.371,4.823,36.0,4452.0,4152.0,300.0,0.0,0.0,,300000000.0,0.0,300000000.0,0.0,1.0,0.0,
40000016,,,,0,,4,Light,0,-1,0.459,4.851,48.0,4392.0,4092.0,300.0,0.0,0.0,,300000000.0,0.0,300000000.0,0.0,1.0,0.0,
30000016,,,,0,,3,Light,0,-1,0.535,4.863,44.0,4328.0,4028.0,300.0,0.0,0.0,,300000000.0,0.0,300000000.0,0.0,1.0,0.0,
50000017,,,,0,,5,Light,0,-1,0.351,5.103,4.0,4752.0,4452.0,300.0,0.0,0.0,,300000000.0,0.0,300000000.0,0.0,1.0,0.0,
17,,,,0,,0,Light,0,-1,0.275,5.107,4.0,4832.0,4532.0,300.0,0.0,0.0,,300000000.0,0.0,300000000.0,0.0,1.0,0.0,
20000017,,,,0,,2,Light,0,-1,0.399,5.119,56.0,4720.0,4420.0,300.0,0.0,0.0,,300000000.0,0.0,300000000.0,0.0,1.0,0.0,
10000017,,,,0,,1,Light,0,-1,0.383,5.123,12.0,4740.0,4440.0,300.0,0.0,0.0,,300000000.0,0.0,300000000.0,0.0,1.0,0.0,
40000017,,,,0,,4,Light,0,-1,0.515,5.151,56.0,4636.0,4336.0,300.0,0.0,0.0,,300000000.0,0.0,300000000.0,0.0,1.0,0.0,
30000017,,,,0,,3,Light,0,-1,0.543,5.163,8.0,4620.0,4320.0,300.0,0.0,0.0,,300000000.0,0.0,300000000.0,0.0,1.0,0.0,
50000018,,,,0,,5,Light,0,-1,0.355,5.403,4.0,5048.0,4748.0,300.0,0.0,0.0,,300000000.0,0.0,300000000.0,0.0,1.0,0.0,
18,,,,0,,0,Light,0,-1,0.291,5.407,16.0,5116.0,4816.0,300.0,0.0,0.0,,300000000.0,0.0,300000000.0,0.0,1.0,0.0,
20000018,,,,0,,2,Light,0,-1,0.423,5.419,24.0,4996.0,4696.0,300.0,0.0,0.0,,300000000.0,0.0,300000000.0,0.0,1.0,0.0,
10000018,,,,0,,1,Light,0,-1,0.387,5.423,4.0,5036.0,4736.0,300.0,0.0,0.0,,300000000.0,0.0,300000000.0,0.0,1.0,0.0,
40000018,,,,0,,4,Light,0,-1,0.519,5.451,4.0,4932.0,4632.0,300.0,0.0,0.0,,300000000.0,0.0,300000000.0,0.0,1.0,0.0,
30000018,,,,0,,3,Light,0,-1,0.563,5.463,20.0,4900.0,4600.0,300.0,0.0,0.0,,300000000.0,0.0,300000000.0,0.0,1.0,0.0,
50000019,,,,0,,5,Light,0,-1,0.367,5.703,12.0,5336.0,5036.0,300.0,0.0,0.0,,300000000.0,0.0,300000000.0,0.0,1.0,0.0,
19,,,,0,,0,Light,0,-1,0.299,5.707,8.0,5408.0,5108.0,300.0,0.0,0.0,,300000000.0,0.0,300000000.0,0.0,1.0,0.0,
20000019,,,,0,,2,Light,0,-1,0.439,5.719,16.0,5280.0,4980.0,300.0,0.0,0.0,,300000000.0,0.0,300000000.0,0.0,1.0,0.0,
10000019,,,,0,,1,Light,0,-1,0.415,5.723,28.0,5308.0,5008.0,300.0,0.0,0.0,,300000000.0,0.0,300000000.0,0.0,1.0,0.0,
40000019,,,,0,,4,Light,0,-1,0.531,5.751,12.0,5220.0,4920.0,300.0,0.0,0.0,,300000000.0,0.0,300000000.0,0.0,1.0,0.0,
30000019,,,,0,,3,Light,0,-1,0.595,5.763,32.0,5168.0,4868.0,300.0,0.0,0.0,,300000000.0,0.0,300000000.0,0.0,1.0,0.0,
50000020,,,,0,,5,Light,0,-1,0.379,6.003,12.0,5624.0,5324.0,300.0,0.0,0.0,,300000000.0,0.0,300000000.0,0.0,1.0,0.0,
20,,,,0,,0,Light,0,-1,0.359,6.007,60.0,5648.0,5348.0,300.0,0.0,0.0,,300000000.0,0.0,300000000.0,0.0,1.0,0.0,
20000020,,,,0,,2,Light,0,-1,0.447,6.019,8.0,5572.0,5272.0,300.0,0.0,0.0,,300000000.0,0.0,300000000.0,0.0,1.0,0.0,
10000020,,,,0,,1,Light,0,-1,0.431,6.023,16.0,5592.0,5292.0,300.0,0.0,0.0,,300000000.0,0.0,300000000.0,0.0,1.0,0.0,
40000020,,,,0,,4,Light,0,-1,0.539,6.051,8.0,5512.0,5212.0,300.0,0.0,0.0,,300000000.0,0.0,300000000.0,0.0,1.0,0.0,
30000020,,,,0,,3,Light,0,-1,0.607,6.063,12.0,5456.0,5156.0,300.0,0.0,0.0,,300000000.0,0.0,300000000.0,0.0,1.0,0.0,
50000021,,,,0,,5,Light,0,-1,0.403,6.303,24.0,5900.0,5600.0,300.0,0.0,0.0,,300000000.0,0.0,300000000.0,0.0,1.0,0.0,
21,,,,0,,0,Light,0,-1,0.427,6.307,68.0,5880.0,5580.0,300.0,0.0,0.0,,300000000.0,0.0,300000000.0,0.0,1.0,0.0,
20000021,,,,0,,2,Light,0,-1,0.467,6.319,20.0,5852.0,5552.0,300.0,0.0,0.0,,300000000.0,0.0,300000000.0,0.0,1.0,0.0,
10000021,,,,0,,1,Light,0,-1,0.455,6.323,24.0,5868.0,5568.0,300.0,0.0,0.0,,300000000.0,0.0,300000000.0,0.0,1.0,0.0,
40000021,,,,0,,4,Light,0,-1,0.559,6.351,20.0,5792.0,5492.0,300.0,0.0,0.0,,300000000.0,0.0,300000000.0,0.0,1.0,0.0,
30000021,,,,0,,3,Light,0,-1,0.611,6.363,4.0,5752.0,5452.0,300.0,0.0,0.0,,300000000.0,0.0,300000000.0,0.0,1.0,0.0,
50000022,,,,0,,5,Light,0,-1,0.407,6.603,4.0,6196.0,5896.0,300.0,0.0,0.0,,300000000.0,0.0,300000000.0,0.0,1.0,0.0,
22,,,,0,,0,Light,0,-1,0.435,6.607,8.0,6172.0,5872.0,300.0,0.0,0.0,,300000000.0,0.0,300000000.0,0.0,1.0,0.0,
20000022,,,,0,,2,Light,0,-1,0.499,6.619,32.0,6120.0,5820.0,300.0,0.0,0.0,,300000000.0,0.0,300000000.0,0.0,1.0,0.0,
10000022,,,,0,,1,Light,0,-1,0.471,6.623,16.0,6152.0,5852.0,300.0,0.0,0.0,,300000000.0,0.0,300000000.0,0.0,1.0,0.0,
40000022,,,,0,,4,Light,0,-1,0.599,6.651,40.0,6052.0,5752.0,300.0,0.0,0.0,,300000000.0,0.0,300000000.0,0.0,1.0,0.0,
30000022,,,,0,,3,Light,0,-1,0.619,6.663,8.0,6044.0,5744.0,300.0,0.0,0.0,,300000000.0,0.0,300000000.0,0.0,1.0,0.0,
50000023,,,,0,,5,Light,0,-1,0.419,6.903,12.0,6484.0,6184.0,300.0,0.0,0.0,,300000000.0,0.0,300000000.0,0.0,1.0,0.0,
23,,,,0,,0,Light,0,-1,0.451,6.907,16.0,6456.0,6156.0,300.0,0.0,0.0,,300000000.0,0.0,300000000.0,0.0,1.0,0.0,
20000023,,,,0,,2,Light,0,-1,0.523,6.919,24.0,6396.0,6096.0,300.0,0.0,0.0,,300000000.0,0.0,300000000.0,0.0,1.0,0.0,
10000023,,,,0,,1,Light,0,-1,0.495,6.923,24.0,6428.0,6128.0,300.0,0.0,0.0,,300000000.0,0.0,300000000.0,0.0,1.0,0.0,
40000023,,,,0,,4,Light,0,-1,0.615,6.951,16.0,6336.0,6036.0,300.0,0.0,0.0,,300000000.0,0.0,300000000.0,0.0,1.0,0.0,
30000023,,,,0,,3,Light,0,-1,0.679,6.963,60.0,6284.0,5984.0,300.0,0.0,0.0,,300000000.0,0.0,300000000.0,0.0,1.0,0.0,
50000024,,,,0,,5,Light,0,-1,0.463,7.203,44.0,6740.0,6440.0,300.0,0.0,0.0,,300000000.0,0.0,300000000.0,0.0,1.0,0.0,
24,,,,0,,0,Light,0,-1,0.567,7.207,116.0,6640.0,6340.0,300.0,0.0,0.0,,300000000.0,0.0,300000000.0,0.0,1.0,0.0,
20000024,,,,0,,2,Light,0,-1,0.547,7.219,24.0,6672.0,6372.0,300.0,0.0,0.0,,300000000.0,0.0,300000000.0,0.0,1.0,0.0,
10000024,,,,0,,1,Light,0,-1,0.503,7.223,8.0,6720.0,6420.0,300.0,0.0,0.0,,300000000.0,0.0,300000000.0,0.0,1.0,0.0,
40000024,,,,0,,4,Light,0,-1,0.623,7.251,8.0,6628.0,6328.0,300.0,0.0,0.0,,300000000.0,0.0,300000000.0,0.0,1.0,0.0,
30000024,,,,0,,3,Light,0,-1,0.687,7.263,8.0,6576.0,6276.0,300.0,0.0,0.0,,300000000.0,0.0,300000000.0,0.0,1.0,0.0,
50000025,,,,0,,5,Light,0,-1,0.475,7.503,12.0,7028.0,6728.0,300.0,0.0,0.0,,300000000.0,0.0,300000000.0,0.0,1.0,0.0,
25,,,,0,,0,Light,0,-1,0.571,7.507,4.0,6936.0,6636.0,300.0,0.0,0.0,,300000000.0,0.0,300000000.0,0.0,1.0,0.0,
20000025,,,,0,,2,Light,0,-1,0.627,7.519,80.0,6892.0,6592.0,300.0,0.0,0.0,,300000000.0,0.0,300000000.0,0.0,1.0,0.0,
10000025,,,,0,,1,Light,0,-1,0.507,7.523,4.0,7016.0,6716.0,300.0,0.0,0.0,,300000000.0,0.0,300000000.0,0.0,1.0,0.0,
40000025,,,,0,,4,Light,0,-1,0.631,7.551,8.0,6920.0,6620.0,300.0,0.0,0.0,,300000000.0,0.0,300000000.0,0.0,1.0,0.0,
30000025,,,,0,,3,Light,0,-1,0.779,7.563,92.0,6784.0,6484.0,300.0,0.0,0.0,,300000000.0,0.0,300000000.0,0.0,1.0,0.0,
50000026,,,,0,,5,Light,0,-1,0.487,7.803,12.0,7316.0,7016.0,300.0,0.0,0.0,,300000000.0,0.0,300000000.0,0.0,1.0,0.0,
26,,,,0,,0,Light,0,-1,0.575,7.807,4.0,7232.0,6932.0,300.0,0.0,0.0,,300000000.0,0.0,300000000.0,0.0,1.0,0.0,
20000026,,,,0,,2,Light,0,-1,0.659,7.819,32.0,7160.0,6860.0,300.0,0.0,0.0,,300000000.0,0.0,300000000.0,0.0,1.0,0.0,
10000026,,,,0,,1,Light,0,-1,0.551,7.823,44.0,7272.0,6972.0,300.0,0.0,0.0,,300000000.0,0.0,300000000.0,0.0,1.0,0.0,
40000026,,,,0,,4,Light,0,-1,0.655,7.851,24.0,7196.0,6896.0,300.0,0.0,0.0,,300000000.0,0.0,300000000.0,0.0,1.0,0.0,
30000026,,,,0,,3,Light,0,-1,0.827,7.863,48.0,7036.0,6736.0,300.0,0.0,0.0,,300000000.0,0.0,300000000.0,0.0,1.0,0.0,
50000027,,,,0,,5,Light,0,-1,0.511,8.103,24.0,7592.0,7292.0,300.0,0.0,0.0,,300000000.0,0.0,300000000.0,0.0,1.0,0.0,
27,,,,0,,0,Light,0,-1,0.603,8.107,28.0,7504.0,7204.0,300.0,0.0,0.0,,300000000.0,0.0,300000000.0,0.0,1.0,0.0,
20000027,,,,0,,2,Light,0,-1,0.667,8.119,8.0,7452.0,7152.0,300.0,0.0,0.0,,300000000.0,0.0,300000000.0,0.0,1.0,0.0,
10000027,,,,0,,1,Light,0,-1,0.555,8.123,4.0,7568.0,7268.0,300.0,0.0,0.0,,300000000.0,0.0,300000000.0,0.0,1.0,0.0,
40000027,,,,0,,4,Light,0,-1,0.707,8.151,52.0,7444.0,7144.0,300.0,0.0,0.0,,300000000.0,0.0,300000000.0,0.0,1.0,0.0,
30000027,,,,0,,3,Light,0,-1,0.851,8.163,24.0,7312.0,7012.0,300.0,0.0,0.0,,300000000.0,0.0,300000000.0,0.0,1.0,0.0,
50000028,,,,0,,5,Light,0,-1,0.527,8.403,16.0,7876.0,7576.0,300.0,0.0,0.0,,300000000.0,0.0,300000000.0,0.0,1.0,0.0,
28,,,,0,,0,Light,0,-1,0.635,8.407,32.0,7772.0,7472.0,300.0,0.0,0.0,,300000000.0,0.0,300000000.0,0.0,1.0,0.0,
20000028,,,,0,,2,Light,0,-1,0.675,8.419,8.0,7744.0,7444.0,300.0,0.0,0.0,,300000000.0,0.0,300000000.0,0.0,1.0,0.0,
10000028,,,,0,,1,Light,0,-1,0.579,8.423,24.0,7844.0,7544.0,300.0,0.0,0.0,,300000000.0,0.0,300000000.0,0.0,1.0,0.0,
40000028,,,,0,,4,Light,0,-1,0.715,8.451,8.0,7736.0,7436.0,300.0,0.0,0.0,,300000000.0,0.0,300000000.0,0.0,1.0,0.0,
30000028,,,,0,,3,Light,0,-1,0.875,8.463,24.0,7588.0,7288.0,300.0,0.0,0.0,,300000000.0,0.0,300000000.0,0.0,1.0,0.0,
50000029,,,,0,,5,Light,0,-1,0.583,8.703,56.0,8120.0,7820.0,300.0,0.0,0.0,,300000000.0,0.0,300000000.0,0.0,1.0,0.0,
29,,,,0,,0,Light,0,-1,0.647,8.707,12.0,8060.0,7760.0,300.0,0.0,0.0,,300000000.0,0.0,300000000.0,0.0,1.0,0.0,
20000029,,,,0,,2,Light,0,-1,0.703,8.719,28.0,8016.0,7716.0,300.0,0.0,0.0,,300000000.0,0.0,300000000.0,0.0,1.0,0.0,
10000029,,,,0,,1,Light,0,-1,0.587,8.723,8.0,8136.0,7836.0,300.0,0.0,0.0,,300000000.0,0.0,300000000.0,0.0,1.0,0.0,
40000029,,,,0,,4,Light,0,-1,0.735,8.751,20.0,8016.0,7716.0,300.0,0.0,0.0,,300000000.0,0.0,300000000.0,0.0,1.0,0.0,
30000029,,,,0,,3,Light,0,-1,0.907,8.763,32.0,7856.0,7556.0,300.0,0.0,0.0,,300000000.0,0.0,300000000.0,0.0,1.0,0.0,
50000030,,,,0,,5,Light,0,-1,0.591,9.003,8.0,8412.0,8112.0,300.0,0.0,0.0,,300000000.0,0.0,300000000.0,0.0,1.0,0.0,
30,,,,0,,0,Light,0,-1,0.671,9.007,24.0,8336.0,8036.0,300.0,0.0,0.0,,300000000.0,0.0,300000000.0,0.0,1.0,0.0,
20000030,,,,0,,2,Light,0,-1,0.727,9.019,24.0,8292.0,7992.0,300.0,0.0,0.0,,300000000.0,0.0,300000000.0,0.0,1.0,0.0,
10000030,,,,0,,1,Light,0,-1,0.683,9.023,96.0,8340.0,8040.0,300.0,0.0,0.0,,300000000.0,0.0,300000000.0,0.0,1.0,0.0,
40000030,,,,0,,4,Light,0,-1,0.739,9.051,4.0,8312.0,8012.0,300.0,0.0,0.0,,300000000.0,0.0,300000000.0,0.0,1.0,0.0,
30000030,,,,0,,3,Light,0,-1,0.923,9.063,16.0,8140.0,7840.0,300.0,0.0,0.0,,300000000.0,0.0,300000000.0,0.0,1.0,0.0,
50000031,,,,0,,5,Light,0,-1,0.639,9.303,48.0,8664.0,8364.0,300.0,0.0,0.0,,300000000.0,0.0,300000000.0,0.0,1.0,0.0,
31,,,,0,,0,Light,0,-1,0.691,9.307,20.0,8616.0,8316.0,300.0,0.0,0.0,,300000000.0,0.0,300000000.0,0.0,1.0,0.0,
20000031,,,,0,,2,Light,0,-1,0.751,9.319,24.0,8568.0,8268.0,300.0,0.0,0.0,,300000000.0,0.0,300000000.0,0.0,1.0,0.0,
10000031,,,,0,,1,Light,0,-1,0.711,9.323,28.0,8612.0,8312.0,300.0,0.0,0.0,,300000000.0,0.0,300000000.0,0.0,1.0,0.0,
40000031,,,,0,,4,Light,0,-1,0.759,9.351,20.0,8592.0,8292.0,300.0,0.0,0.0,,300000000.0,0.0,300000000.0,0.0,1.0,0.0,
30000031,,,,0,,3,Light,0,-1,0.931,9.363,8.0,8432.0,8132.0,300.0,0.0,0.0,,300000000.0,0.0,300000000.0,0.0,1.0,0.0,
50000032,,,,0,,5,Light,0,-1,0.643,9.603,4.0,8960.0,8660.0,300.0,0.0,0.0,,300000000.0,0.0,300000000.0,0.0,1.0,0.0,
32,,,,0,,0,Light,0,-1,0.719,9.607,28.0,8888.0,8588.0,300.0,0.0,0.0,,300000000.0,0.0,300000000.0,0.0,1.0,0.0,
20000032,,,,0,,2,Light,0,-1,0.775,9.619,24.0,8844.0,8544.0,300.0,0.0,0.0,,300000000.0,0.0,300000000.0,0.0,1.0,0.0,
10000032,,,,0,,1,Light,0,-1,0.743,9.623,32.0,8880.0,8580.0,300.0,0.0,0.0,,300000000.0,0.0,300000000.0,0.0,1.0,0.0,
40000032,,,,0,,4,Light,0,-1,0.763,9.651,4.0,8888.0,8588.0,300.0,0.0,0.0,,300000000.0,0.0,300000000.0,0.0,1.0,0.0,
30000032,,,,0,,3,Light,0,-1,1.035,9.663,104.0,8628.0,8328.0,300.0,0.0,0.0,,300000000.0,0.0,300000000.0,0.0,1.0,0.0,
50000033,,,,0,,5,Light,0,-1,0.651,9.903,8.0,9252.0,8952.0,300.0,0.0,0.0,,300000000.0,0.0,300000000.0,0.0,1.0,0.0,
33,,,,0,,0,Light,0,-1,0.767,9.907,48.0,9140.0,8840.0,300.0,0.0,0.0,,300000000.0,0.0,300000000.0,0.0,1.0,0.0,
20000033,,,,0,,2,Light,0,-1,0.791,9.919,16.0,9128.0,8828.0,300.0,0.0,0.0,,300000000.0,0.0,300000000.0,0.0,1.0,0.0,
10000033,,,,0,,1,Light,0,-1,0.747,9.923,4.0,9176.0,8876.0,300.0,0.0,0.0,,300000000.0,0.0,300000000.0,0.0,1.0,0.0,
40000033,,,,0,,4,Light,0,-1,0.771,9.951,8.0,9180.0,8880.0,300.0,0.0,0.0,,300000000.0,0.0,300000000.0,0.0,1.0,0.0,
30000033,,,,0,,3,Light,0,-1,1.063,9.963,28.0,8900.0,8600.0,300.0,0.0,0.0,,300000000.0,0.0,300000000.0,0.0,1.0,0.0,
50000034,,,,0,,5,Light,0,-1,0.663,10.203,12.0,9540.0,9240.0,300.0,0.0,0.0,,300000000.0,0.0,300000000.0,0.0,1.0,0.0,
34,,,,0,,0,Light,0,-1,0.783,10.207,16.0,9424.0,9124.0,300.0,0.0,0.0,,300000000.0,0.0,300000000.0,0.0,1.0,0.0,
20000034,,,,0,,2,Light,0,-1,0.795,10.219,4.0,9424.0,9124.0,300.0,0.0,0.0,,300000000.0,0.0,300000000.0,0.0,1.0,0.0,
10000034,,,,0,,1,Light,0,-1,0.755,10.223,8.0,9468.0,9168.0,300.0,0.0,0.0,,300000000.0,0.0,300000000.0,0.0,1.0,0.0,
40000034,,,,0,,4,Light,0,-1,0.811,10.251,40.0,9440.0,9140.0,300.0,0.0,0.0,,300000000.0,0.0,300000000.0,0.0,1.0,0.0,
30000034,,,,0,,3,Light,0,-1,1.071,10.263,8.0,9192.0,8892.0,300.0,0.0,0.0,,300000000.0,0.0,300000000.0,0.0,1.0,0.0,
50000035,,,,0,,5,Light,0,-1,0.695,10.503,32.0,9808.0,9508.0,300.0,0.0,0.0,,300000000.0,0.0,300000000.0,0.0,1.0,0.0,
35,,,,0,,0,Light,0,-1,0.787,10.507,4.0,9720.0,9420.0,300.0,0.0,0.0,,300000000.0,0.0,300000000.0,0.0,1.0,0.0,
20000035,,,,0,,2,Light,0,-1,0.863,10.519,68.0,9656.0,9356.0,300.0,0.0,0.0,,300000000.0,0.0,300000000.0,0.0,1.0,0.0,
10000035,,,,0,,1,Light,0,-1,0.799,10.523,44.0,9724.0,9424.0,300.0,0.0,0.0,,300000000.0,0.0,300000000.0,0.0,1.0,0.0,
40000035,,,,0,,4,Light,0,-1,0.835,10.551,24.0,9716.0,9416.0,300.0,0.0,0.0,,300000000.0,0.0,300000000.0,0.0,1.0,0.0,
30000035,,,,0,,3,Light,0,-1,1.075,10.563,4.0,9488.0,9188.0,300.0,0.0,0.0,,300000000.0,0.0,300000000.0,0.0,1.0,0.0,
50000036,,,,0,,5,Light,0,-1,0.699,10.803,4.0,10104.0,9804.0,300.0,0.0,0.0,,300000000.0,0.0,300000000.0,0.0,1.0,0.0,
36,,,,0,,0,Light,0,-1,0.803,10.807,16.0,10004.0,9704.0,300.0,0.0,0.0,,300000000.0,0.0,300000000.0,0.0,1.0,0.0,
20000036,,,,0,,2,Light,0,-1,0.903,10.819,40.0,9916.0,9616.0,300.0,0.0,0.0,,300000000.0,0.0,300000000.0,0.0,1.0,0.0,
10000036,,,,0,,1,Light,0,-1,0.807,10.823,8.0,10016.0,9716.0,300.0,0.0,0.0,,300000000.0,0.0,300000000.0,0.0,1.0,0.0,
40000036,,,,0,,4,Light,0,-1,0.855,10.851,20.0,9996.0,9696.0,300.0,0.0,0.0,,300000000.0,0.0,300000000.0,0.0,1.0,0.0,
30000036,,,,0,,3,Light,0,-1,1.095,10.863,20.0,9768.0,9468.0,300.0,0.0,0.0,,300000000.0,0.0,300000000.0,0.0,1.0,0.0,
50000037,,,,0,,5,Light,0,-1,0.723,11.103,24.0,10380.0,10080.0,300.0,0.0,0.0,,300000000.0,0.0,300000000.0,0.0,1.0,0.0,
37,,,,0,,0,Light,0,-1,0.815,11.107,12.0,10292.0,9992.0,300.0,0.0,0.0,,300000000.0,0.0,300000000.0,0.0,1.0,0.0,
20000037,,,,0,,2,Light,0,-1,0.919,11.119,16.0,10200.0,9900.0,300.0,0.0,0.0,,300000000.0,0.0,300000000.0,0.0,1.0,0.0,
10000037,,,,0,,1,Light,0,-1,0.839,11.123,32.0,10284.0,9984.0,300.0,0.0,0.0,,300000000.0,0.0,300000000.0,0.0,1.0,0.0,
40000037,,,,0,,4,Light,0,-1,0.867,11.151,12.0,10284.0,9984.0,300.0,0.0,0.0,,300000000.0,0.0,300000000.0,0.0,1.0,0.0,
30000037,,,,0,,3,Light,0,-1,1.103,11.163,8.0,10060.0,9760.0,300.0,0.0,0.0,,300000000.0,0.0,300000000.0,0.0,1.0,0.0,
50000038,,,,0,,5,Light,0,-1,0.731,11.403,8.0,10672.0,10372.0,300.0,0.0,0.0,,300000000.0,0.0,300000000.0,0.0,1.0,0.0,
38,,,,0,,0,Light,0,-1,0.819,11.407,4.0,10588.0,10288.0,300.0,0.0,0.0,,300000000.0,0.0,300000000.0,0.0,1.0,0.0,
20000038,,,,0,,2,Light,0,-1,0.951,11.419,32.0,10468.0,10168.0,300.0,0.0,0.0,,300000000.0,0.0,300000000.0,0.0,1.0,0.0,
10000038,,,,0,,1,Light,0,-1,0.843,11.423,4.0,10580.0,10280.0,300.0,0.0,0.0,,300000000.0,0.0,300000000.0,0.0,1.0,0.0,
40000038,,,,0,,4,Light,0,-1,0.871,11.451,4.0,10580.0,10280.0,300.0,0.0,0.0,,300000000.0,0.0,300000000.0,0.0,1.0,0.0,
30000038,,,,0,,3,Light,0,-1,1.107,11.463,4.0,10356.0,10056.0,300.0,0.0,0.0,,300000000.0,0.0,300000000.0,0.0,1.0,0.0,
50000039,,,,0,,5,Light,0,-1,0.823,11.703,92.0,10880.0,10580.0,300.0,0.0,0.0,,300000000.0,0.0,300000000.0,0.0,1.0,0.0,
39,,,,0,,0,Light,0,-1,0.831,11.707,12.0,10876.0,10576.0,300.0,0.0,0.0,,300000000.0,0.0,300000000.0,0.0,1.0,0.0,
20000039,,,,0,,2,Light,0,-1,1.011,11.719,60.0,10708.0,10408.0,300.0,0.0,0.0,,300000000.0,0.0,300000000.0,0.0,1.0,0.0,
10000039,,,,0,,1,Light,0,-1,0.859,11.723,16.0,10864.0,10564.0,300.0,0.0,0.0,,300000000.0,0.0,300000000.0,0.0,1.0,0.0,
40000039,,,,0,,4,Light,0,-1,0.883,11.751,12.0,10868.0,10568.0,300.0,0.0,0.0,,300000000.0,0.0,300000000.0,0.0,1.0,0.0,
30000039,,,,0,,3,Light,0,-1,1.111,11.763,4.0,10652.0,10352.0,300.0,0.0,0.0,,300000000.0,0.0,300000000.0,0.0,1.0,0.0,
50000040,,,,0,,5,Light,0,-1,0.847,12.003,24.0,11156.0,10856.0,300.0,0.0,0.0,,300000000.0,0.0,300000000.0,0.0,1.0,0.0,
40,,,,0,,0,Light,0,-1,0.935,12.007,104.0,11072.0,10772.0,300.0,0.0,0.0,,300000000.0,0.0,300000000.0,0.0,1.0,0.0,
20000040,,,,0,,2,Light,0,-1,1.027,12.019,16.0,10992.0,10692.0,300.0,0.0,0.0,,300000000.0,0.0,300000000.0,0.0,1.0,0.0,
10000040,,,,0,,1,Light,0,-1,0.879,12.023,20.0,11144.0,10844.0,300.0,0.0,0.0,,300000000.0,0.0,300000000.0,0.0,1.0,0.0,
40000040,,,,0,,4,Light,0,-1,0.927,12.051,44.0,11124.0,10824.0,300.0,0.0,0.0,,300000000.0,0.0,300000000.0,0.0,1.0,0.0,
30000040,,,,0,,3,Light,0,-1,1.143,12.063,32.0,10920.0,10620.0,300.0,0.0,0.0,,300000000.0,0.0,300000000.0,0.0,1.0,0.0,
50000041,,,,0,,5,Light,0,-1,0.887,12.303,40.0,11416.0,11116.0,300.0,0.0,0.0,,300000000.0,0.0,300000000.0,0.0,1.0,0.0,
41,,,,0,,0,Light,0,-1,0.947,12.307,12.0,11360.0,11060.0,300.0,0.0,0.0,,300000000.0,0.0,300000000.0,0.0,1.0,0.0,
20000041,,,,0,,2,Light,0,-1,1.099,12.319,72.0,11220.0,10920.0,300.0,0.0,0.0,,300000000.0,0.0,300000000.0,0.0,1.0,0.0,
10000041,,,,0,,1,Light,0,-1,0.895,12.323,16.0,11428.0,11128.0,300.0,0.0,0.0,,300000000.0,0.0,300000000.0,0.0,1.0,0.0,
40000041,,,,0,,4,Light,0,-1,0.959,12.351,32.0,11392.0,11092.0,300.0,0.0,0.0,,300000000.0,0.0,300000000.0,0.0,1.0,0.0,
30000041,,,,0,,3,Light,0,-1,1.175,12.363,32.0,11188.0,10888.0,300.0,0.0,0.0,,300000000.0,0.0,300000000.0,0.0,1.0,0.0,
50000042,,,,0,,5,Light,0,-1,0.891,12.603,4.0,11712.0,11412.0,300.0,0.0,0.0,,300000000.0,0.0,300000000.0,0.0,1.0,0.0,
42,,,,0,,0,Light,0,-1,0.955,12.607,8.0,11652.0,11352.0,300.0,0.0,0.0,,300000000.0,0.0,300000000.0,0.0,1.0,0.0,
20000042,,,,0,,2,Light,0,-1,1.151,12.619,52.0,11468.0,11168.0,300.0,0.0,0.0,,300000000.0,0.0,300000000.0,0.0,1.0,0.0,
10000042,,,,0,,1,Light,0,-1,0.939,12.623,44.0,11684.0,11384.0,300.0,0.0,0.0,,300000000.0,0.0,300000000.0,0.0,1.0,0.0,
40000042,,,,0,,4,Light,0,-1,0.963,12.651,4.0,11688.0,11388.0,300.0,0.0,0.0,,300000000.0,0.0,300000000.0,0.0,1.0,0.0,
30000042,,,,0,,3,Light,0,-1,1.183,12.663,8.0,11480.0,11180.0,300.0,0.0,0.0,,300000000.0,0.0,300000000.0,0.0,1.0,0.0,
50000043,,,,0,,5,Light,0,-1,0.899,12.903,8.0,12004.0,11704.0,300.0,0.0,0.0,,300000000.0,0.0,300000000.0,0.0,1.0,0.0,
43,,,,0,,0,Light,0,-1,0.979,12.907,24.0,11928.0,11628.0,300.0,0.0,0.0,,300000000.0,0.0,300000000.0,0.0,1.0,0.0,
20000043,,,,0,,2,Light,0,-1,1.191,12.919,40.0,11728.0,11428.0,300.0,0.0,0.0,,300000000.0,0.0,300000000.0,0.0,1.0,0.0,
10000043,,,,0,,1,Light,0,-1,0.943,12.923,4.0,11980.0,11680.0,300.0,0.0,0.0,,300000000.0,0.0,300000000.0,0.0,1.0,0.0,
40000043,,,,0,,4,Light,0,-1,0.971,12.951,8.0,11980.0,11680.0,300.0,0.0,0.0,,300000000.0,0.0,300000000.0,0.0,1.0,0.0,
30000043,,,,0,,3,Light,0,-1,1.195,12.963,12.0,11768.0,11468.0,300.0,0.0,0.0,,300000000.0,0.0,300000000.0,0.0,1.0,0.0,
50000044,,,,0,,5,Light,0,-1,0.911,13.203,12.0,12292.0,11992.0,300.0,0.0,0.0,,300000000.0,0.0,300000000.0,0.0,1.0,0.0,
44,,,,0,,0,Light,0,-1,0.983,13.207,4.0,12224.0,11924.0,300.0,0.0,0.0,,300000000.0,0.0,300000000.0,0.0,1.0,0.0,
20000044,,,,0,,2,Light,0,-1,1.287,13.219,96.0,11932.0,11632.0,300.0,0.0,0.0,,300000000.0,0.0,300000000.0,0.0,1.0,0.0,
10000044,,,,0,,1,Light,0,-1,0.967,13.223,24.0,12256.0,11956.0,300.0,0.0,0.0,,300000000.0,0.0,300000000.0,0.0,1.0,0.0,
40000044,,,,0,,4,Light,0,-1,1.019,13.251,48.0,12232.0,11932.0,300.0,0.0,0.0,,300000000.0,0.0,300000000.0,0.0,1.0,0.0,
30000044,,,,0,,3,Light,0,-1,1.207,13.263,12.0,12056.0,11756.0,300.0,0.0,0.0,,300000000.0,0.0,300000000.0,0.0,1.0,0.0,
50000045,,,,0,,5,Light,0,-1,0.915,13.503,4.0,12588.0,12288.0,300.0,0.0,0.0,,300000000.0,0.0,300000000.0,0.0,1.0,0.0,
45,,,,0,,0,Light,0,-1,0.995,13.507,12.0,12512.0,12212.0,300.0,0.0,0.0,,300000000.0,0.0,300000000.0,0.0,1.0,0.0,
20000045,,,,0,,2,Light,0,-1,1.295,13.519,8.0,12224.0,11924.0,300.0,0.0,0.0,,300000000.0,0.0,300000000.0,0.0,1.0,0.0,
10000045,,,,0,,1,Light,0,-1,0.975,13.523,8.0,12548.0,12248.0,300.0,0.0,0.0,,300000000.0,0.0,300000000.0,0.0,1.0,0.0,
40000045,,,,0,,4,Light,0,-1,1.043,13.551,24.0,12508.0,12208.0,300.0,0.0,0.0,,300000000.0,0.0,300000000.0,0.0,1.0,0.0,
30000045,,,,0,,3,Light,0,-1,1.247,13.563,40.0,12316.0,12016.0,300.0,0.0,0.0,,300000000.0,0.0,300000000.0,0.0,1.0,0.0,
50000046,,,,0,,5,Light,0,-1,0.987,13.803,72.0,12816.0,12516.0,300.0,0.0,0.0,,300000000.0,0.0,300000000.0,0.0,1.0,0.0,
46,,,,0,,0,Light,0,-1,1.003,13.807,8.0,12804.0,12504.0,300.0,0.0,0.0,,300000000.0,0.0,300000000.0,0.0,1.0,0.0,
20000046,,,,0,,2,Light,0,-1,1.335,13.819,40.0,12484.0,12184.0,300.0,0.0,0.0,,300000000.0,0.0,300000000.0,0.0,1.0,0.0,
10000046,,,,0,,1,Light,0,-1,0.999,13.823,24.0,12824.0,12524.0,300.0,0.0,0.0,,300000000.0,0.0,300000000.0,0.0,1.0,0.0,
40000046,,,,0,,4,Light,0,-1,1.055,13.851,12.0,12796.0,12496.0,300.0,0.0,0.0,,300000000.0,0.0,300000000.0,0.0,1.0,0.0,
30000046,,,,0,,3,Light,0,-1,1.251,13.863,4.0,12612.0,12312.0,300.0,0.0,0.0,,300000000.0,0.0,300000000.0,0.0,1.0,0.0,
50000047,,,,0,,5,Light,0,-1,0.991,14.103,4.0,13112.0,12812.0,300.0,0.0,0.0,,300000000.0,0.0,300000000.0,0.0,1.0,0.0,
47,,,,0,,0,Light,0,-1,1.007,14.107,4.0,13100.0,12800.0,300.0,0.0,0.0,,300000000.0,0.0,300000000.0,0.0,1.0,0.0,
20000047,,,,0,,2,Light,0,-1,1.367,14.119,32.0,12752.0,12452.0,300.0,0.0,0.0,,300000000.0,0.0,300000000.0,0.0,1.0,0.0,
10000047,,,,0,,1,Light,0,-1,1.023,14.123,24.0,13100.0,12800.0,300.0,0.0,0.0,,300000000.0,0.0,300000000.0,0.0,1.0,0.0,
40000047,,,,0,,4,Light,0,-1,1.059,14.151,4.0,13092.0,12792.0,300.0,0.0,0.0,,300000000.0,0.0,300000000.0,0.0,1.0,0.0,
30000047,,,,0,,3,Light,0,-1,1.255,14.163,4.0,12908.0,12608.0,300.0,0.0,0.0,,300000000.0,0.0,300000000.0,0.0,1.0,0.0,
50000048,,,,0,,5,Light,0,-1,1.031,14.403,40.0,13372.0,13072.0,300.0,0.0,0.0,,300000000.0,0.0,300000000.0,0.0,1.0,0.0,
48,,,,0,,0,Light,0,-1,1.015,14.407,8.0,13392.0,13092.0,300.0,0.0,0.0,,300000000.0,0.0,300000000.0,0.0,1.0,0.0,
20000048,,,,0,,2,Light,0,-1,1.491,14.419,124.0,12928.0,12628.0,300.0,0.0,0.0,,300000000.0,0.0,300000000.0,0.0,1.0,0.0,
10000048,,,,0,,1,Light,0,-1,1.039,14.423,16.0,13384.0,13084.0,300.0,0.0,0.0,,300000000.0,0.0,300000000.0,0.0,1.0,0.0,
40000048,,,,0,,4,Light,0,-1,1.171,14.451,112.0,13280.0,12980.0,300.0,0.0,0.0,,300000000.0,0.0,300000000.0,0.0,1.0,0.0,
30000048,,,,0,,3,Light,0,-1,1.263,14.463,8.0,13200.0,12900.0,300.0,0.0,0.0,,300000000.0,0.0,300000000.0,0.0,1.0,0.0,
50000049,,,,0,,5,Light,0,-1,1.051,14.703,20.0,13652.0,13352.0,300.0,0.0,0.0,,300000000.0,0.0,300000000.0,0.0,1.0,0.0,
49,,,,0,,0,Light,0,-1,1.083,14.707,68.0,13624.0,13324.0,300.0,0.0,0.0,,300000000.0,0.0,300000000.0,0.0,1.0,0.0,
20000049,,,,0,,2,Light,0,-1,1.495,14.719,4.0,13224.0,12924.0,300.0,0.0,0.0,,300000000.0,0.0,300000000.0,0.0,1.0,0.0,
10000049,,,,0,,1,Light,0,-1,1.047,14.723,8.0,13676.0,13376.0,300.0,0.0,0.0,,300000000.0,0.0,300000000.0,0.0,1.0,0.0,
40000049,,,,0,,4,Light,0,-1,1.211,14.751,40.0,13540.0,13240.0,300.0,0.0,0.0,,300000000.0,0.0,300000000.0,0.0,1.0,0.0,
30000049,,,,0,,3,Light,0,-1,1.275,14.763,12.0,13488.0,13188.0,300.0,0.0,0.0,,300000000.0,0.0,300000000.0,0.0,1.0,0.0,
50000050,,,,0,,5,Light,0,-1,1.091,15.003,40.0,13912.0,13612.0,300.0,0.0,0.0,,300000000.0,0.0,300000000.0,0.0,1.0,0.0,
50,,,,0,,0,Light,0,-1,1.087,15.007,4.0,13920.0,13620.0,300.0,0.0,0.0,,300000000.0,0.0,300000000.0,0.0,1.0,0.0,
20000050,,,,0,,2,Light,0,-1,1.511,15.019,16.0,13508.0,13208.0,300.0,0.0,0.0,,300000000.0,0.0,300000000.0,0.0,1.0,0.0,
10000050,,,,0,,1,Light,0,-1,1.067,15.023,20.0,13956.0,13656.0,300.0,0.0,0.0,,300000000.0,0.0,300000000.0,0.0,1.0,0.0,
40000050,,,,0,,4,Light,0,-1,1.227,15.051,16.0,13824.0,13524.0,300.0,0.0,0.0,,300000000.0,0.0,300000000.0,0.0,1.0,0.0,
30000050,,,,0,,3,Light,0,-1,1.283,15.063,8.0,13780.0,13480.0,300.0,0.0,0.0,,300000000.0,0.0,300000000.0,0.0,1.0,0.0,
50000051,,,,0,,5,Light,0,-1,1.115,15.303,24.0,14188.0,13888.0,300.0,0.0,0.0,,300000000.0,0.0,300000000.0,0.0,1.0,0.0,
51,,,,0,,0,Light,0,-1,1.119,15.307,32.0,14188.0,13888.0,300.0,0.0,0.0,,300000000.0,0.0,300000000.0,0.0,1.0,0.0,
20000051,,,,0,,2,Light,0,-1,1.519,15.319,8.0,13800.0,13500.0,300.0,0.0,0.0,,300000000.0,0.0,300000000.0,0.0,1.0,0.0,
10000051,,,,0,,1,Light,0,-1,1.079,15.323,12.0,14244.0,13944.0,300.0,0.0,0.0,,300000000.0,0.0,300000000.0,0.0,1.0,0.0,
40000051,,,,0,,4,Light,0,-1,1.311,15.351,84.0,14040.0,13740.0,300.0,0.0,0.0,,300000000.0,0.0,300000000.0,0.0,1.0,0.0,
30000051,,,,0,,3,Light,0,-1,1.291,15.363,8.0,14072.0,13772.0,300.0,0.0,0.0,,300000000.0,0.0,300000000.0,0.0,1.0,0.0,
50000052,,,,0,,5,Light,0,-1,1.123,15.603,8.0,14480.0,14180.0,300.0,0.0,0.0,,300000000.0,0.0,300000000.0,0.0,1.0,0.0,
52,,,,0,,0,Light,0,-1,1.135,15.607,16.0,14472.0,14172.0,300.0,0.0,0.0,,300000000.0,0.0,300000000.0,0.0,1.0,0.0,
20000052,,,,0,,2,Light,0,-1,1.539,15.619,20.0,14080.0,13780.0,300.0,0.0,0.0,,300000000.0,0.0,300000000.0,0.0,1.0,0.0,
10000052,,,,0,,1,Light,0,-1,1.159,15.623,80.0,14464.0,14164.0,300.0,0.0,0.0,,300000000.0,0.0,300000000.0,0.0,1.0,0.0,
40000052,,,,0,,4,Light,0,-1,1.347,15.651,36.0,14304.0,14004.0,300.0,0.0,0.0,,300000000.0,0.0,300000000.0,0.0,1.0,0.0,
30000052,,,,0,,3,Light,0,-1,1.299,15.663,8.0,14364.0,14064.0,300.0,0.0,0.0,,300000000.0,0.0,300000000.0,0.0,1.0,0.0,
50000053,,,,0,,5,Light,0,-1,1.127,15.903,4.0,14776.0,14476.0,300.0,0.0,0.0,,300000000.0,0.0,300000000.0,0.0,1.0,0.0,
53,,,,0,,0,Light,0,-1,1.139,15.907,4.0,14768.0,14468.0,300.0,0.0,0.0,,300000000.0,0.0,300000000.0,0.0,1.0,0.0,
20000053,,,,0,,2,Light,0,-1,1.547,15.919,8.0,14372.0,14072.0,300.0,0.0,0.0,,300000000.0,0.0,300000000.0,0.0,1.0,0.0,
10000053,,,,0,,1,Light,0,-1,1.163,15.923,4.0,14760.0,14460.0,300.0,0.0,0.0,,300000000.0,0.0,300000000.0,0.0,1.0,0.0,
40000053,,,,0,,4,Light,0,-1,1.355,15.951,8.0,14596.0,14296.0,300.0,0.0,0.0,,300000000.0,0.0,300000000.0,0.0,1.0,0.0,
30000053,,,,0,,3,Light,0,-1,1.323,15.963,24.0,14640.0,14340.0,300.0,0.0,0.0,,300000000.0,0.0,300000000.0,0.0,1.0,0.0,
50000054,,,,0,,5,Light,0,-1,1.131,16.203,4.0,15072.0,14772.0,300.0,0.0,0.0,,300000000.0,0.0,300000000.0,0.0,1.0,0.0,
54,,,,0,,0,Light,0,-1,1.155,16.207,16.0,15052.0,14752.0,300.0,0.0,0.0,,300000000.0,0.0,300000000.0,0.0,1.0,0.0,
20000054,,,,0,,2,Light,0,-1,1.591,16.219,44.0,14628.0,14328.0,300.0,0.0,0.0,,300000000.0,0.0,300000000.0,0.0,1.0,0.0,
10000054,,,,0,,1,Light,0,-1,1.167,16.223,4.0,15056.0,14756.0,300.0,0.0,0.0,,300000000.0,0.0,300000000.0,0.0,1.0,0.0,
40000054,,,,0,,4,Light,0,-1,1.379,16.251,24.0,14872.0,14572.0,300.0,0.0,0.0,,300000000.0,0.0,300000000.0,0.0,1.0,0.0,
30000054,,,,0,,3,Light,0,-1,1.383,16.263,60.0,14880.0,14580.0,300.0,0.0,0.0,,300000000.0,0.0,300000000.0,0.0,1.0,0.0,
50000055,,,,0,,5,Light,0,-1,1.147,16.503,16.0,15356.0,15056.0,300.0,0.0,0.0,,300000000.0,0.0,300000000.0,0.0,1.0,0.0,
55,,,,0,,0,Light,0,-1,1.203,16.507,48.0,15304.0,15004.0,300.0,0.0,0.0,,300000000.0,0.0,300000000.0,0.0,1.0,0.0,
20000055,,,,0,,2,Light,0,-1,1.599,16.519,8.0,14920.0,14620.0,300.0,0.0,0.0,,300000000.0,0.0,300000000.0,0.0,1.0,0.0,
10000055,,,,0,,1,Light,0,-1,1.179,16.523,12.0,15344.0,15044.0,300.0,0.0,0.0,,300000000.0,0.0,300000000.0,0.0,1.0,0.0,
40000055,,,,0,,4,Light,0,-1,1.387,16.551,8.0,15164.0,14864.0,300.0,0.0,0.0,,300000000.0,0.0,300000000.0,0.0,1.0,0.0,
30000055,,,,0,,3,Light,0,-1,1.435,16.563,52.0,15128.0,14828.0,300.0,0.0,0.0,,300000000.0,0.0,300000000.0,0.0,1.0,0.0,
50000056,,,,0,,5,Light,0,-1,1.223,16.803,76.0,15580.0,15280.0,300.0,0.0,0.0,,300000000.0,0.0,300000000.0,0.0,1.0,0.0,
56,,,,0,,0,Light,0,-1,1.215,16.807,12.0,15592.0,15292.0,300.0,0.0,0.0,,300000000.0,0.0,300000000.0,0.0,1.0,0.0,
20000056,,,,0,,2,Light,0,-1,1.611,16.819,12.0,15208.0,14908.0,300.0,0.0,0.0,,300000000.0,0.0,300000000.0,0.0,1.0,0.0,
10000056,,,,0,,1,Light,0,-1,1.187,16.823,8.0,15636.0,15336.0,300.0,0.0,0.0,,300000000.0,0.0,300000000.0,0.0,1.0,0.0,
40000056,,,,0,,4,Light,0,-1,1.391,16.851,4.0,15460.0,15160.0,300.0,0.0,0.0,,300000000.0,0.0,300000000.0,0.0,1.0,0.0,
30000056,,,,0,,3,Light,0,-1,1.471,16.863,36.0,15392.0,15092.0,300.0,0.0,0.0,,300000000.0,0.0,300000000.0,0.0,1.0,0.0,
50000057,,,,0,,5,Light,0,-1,1.303,17.103,80.0,15800.0,15500.0,300.0,0.0,0.0,,300000000.0,0.0,300000000.0,0.0,1.0,0.0,
57,,,,0,,0,Light,0,-1,1.219,17.107,4.0,15888.0,15588.0,300.0,0.0,0.0,,300000000.0,0.0,300000000.0,0.0,1.0,0.0,
20000057,,,,0,,2,Light,0,-1,1.615,17.119,4.0,15504.0,15204.0,300.0,0.0,0.0,,300000000.0,0.0,300000000.0,0.0,1.0,0.0,
10000057,,,,0,,1,Light,0,-1,1.199,17.123,12.0,15924.0,15624.0,300.0,0.0,0.0,,300000000.0,0.0,300000000.0,0.0,1.0,0.0,
40000057,,,,0,,4,Light,0,-1,1.403,17.151,12.0,15748.0,15448.0,300.0,0.0,0.0,,300000000.0,0.0,300000000.0,0.0,1.0,0.0,
30000057,,,,0,,3,Light,0,-1,1.523,17.163,52.0,15640.0,15340.0,300.0,0.0,0.0,,300000000.0,0.0,300000000.0,0.0,1.0,0.0,
50000058,,,,0,,5,Light,0,-1,1.307,17.403,4.0,16096.0,15796.0,300.0,0.0,0.0,,300000000.0,0.0,300000000.0,0.0,1.0,0.0,
58,,,,0,,0,Light,0,-1,1.231,17.407,12.0,16176.0,15876.0,300.0,0.0,0.0,,300000000.0,0.0,300000000.0,0.0,1.0,0.0,
20000058,,,,0,,2,Light,0,-1,1.635,17.419,20.0,15784.0,15484.0,300.0,0.0,0.0,,300000000.0,0.0,300000000.0,0.0,1.0,0.0,
10000058,,,,0,,1,Light,0,-1,1.239,17.423,40.0,16184.0,15884.0,300.0,0.0,0.0,,300000000.0,0.0,300000000.0,0.0,1.0,0.0,
40000058,,,,0,,4,Light,0,-1,1.419,17.451,16.0,16032.0,15732.0,300.0,0.0,0.0,,300000000.0,0.0,300000000.0,0.0,1.0,0.0,
30000058,,,,0,,3,Light,0,-1,1.543,17.463,20.0,15920.0,15620.0,300.0,0.0,0.0,,300000000.0,0.0,300000000.0,0.0,1.0,0.0,
50000059,,,,0,,5,Light,0,-1,1.315,17.703,8.0,16388.0,16088.0,300.0,0.0,0.0,,300000000.0,0.0,300000000.0,0.0,1.0,0.0,
59,,,,0,,0,Light,0,-1,1.235,17.707,4.0,16472.0,16172.0,300.0,0.0,0.0,,300000000.0,0.0,300000000.0,0.0,1.0,0.0,
20000059,,,,0,,2,Light,0,-1,1.663,17.719,28.0,16056.0,15756.0,300.0,0.0,0.0,,300000000.0,0.0,300000000.0,0.0,1.0,0.0,
10000059,,,,0,,1,Light,0,-1,1.243,17.723,4.0,16480.0,16180.0,300.0,0.0,0.0,,300000000.0,0.0,300000000.0,0.0,1.0,0.0,
40000059,,,,0,,4,Light,0,-1,1.443,17.751,24.0,16308.0,16008.0,300.0,0.0,0.0,,300000000.0,0.0,300000000.0,0.0,1.0,0.0,
30000059,,,,0,,3,Light,0,-1,1.559,17.763,16.0,16204.0,15904.0,300.0,0.0,0.0,,300000000.0,0.0,300000000.0,0.0,1.0,0.0,
50000060,,,,0,,5,Light,0,-1,1.319,18.003,4.0,16684.0,16384.0,300.0,0.0,0.0,,300000000.0,0.0,300000000.0,0.0,1.0,0.0,
60,,,,0,,0,Light,0,-1,1.267,18.007,32.0,16740.0,16440.0,300.0,0.0,0.0,,300000000.0,0.0,300000000.0,0.0,1.0,0.0,
20000060,,,,0,,2,Light,0,-1,1.679,18.019,16.0,16340.0,16040.0,300.0,0.0,0.0,,300000000.0,0.0,300000000.0,0.0,1.0,0.0,
10000060,,,,0,,1,Light,0,-1,1.259,18.023,16.0,16764.0,16464.0,300.0,0.0,0.0,,300000000.0,0.0,300000000.0,0.0,1.0,0.0,
40000060,,,,0,,4,Light,0,-1,1.451,18.051,8.0,16600.0,16300.0,300.0,0.0,0.0,,300000000.0,0.0,300000000.0,0.0,1.0,0.0,
30000060,,,,0,,3,Light,0,-1,1.623,18.063,64.0,16440.0,16140.0,300.0,0.0,0.0,,300000000.0,0.0,300000000.0,0.0,1.0,0.0,
50000061,,,,0,,5,Light,0,-1,1.351,18.303,32.0,16952.0,16652.0,300.0,0.0,0.0,,300000000.0,0.0,300000000.0,0.0,1.0,0.0,
61,,,,0,,0,Light,0,-1,1.279,18.307,12.0,17028.0,16728.0,300.0,0.0,0.0,,300000000.0,0.0,300000000.0,0.0,1.0,0.0,
20000061,,,,0,,2,Light,0,-1,1.703,18.319,24.0,16616.0,16316.0,300.0,0.0,0.0,,300000000.0,0.0,300000000.0,0.0,1.0,0.0,
10000061,,,,0,,1,Light,0,-1,1.271,18.323,12.0,17052.0,16752.0,300.0,0.0,0.0,,300000000.0,0.0,300000000.0,0.0,1.0,0.0,
40000061,,,,0,,4,Light,0,-1,1.455,18.351,4.0,16896.0,16596.0,300.0,0.0,0.0,,300000000.0,0.0,300000000.0,0.0,1.0,0.0,
30000061,,,,0,,3,Light,0,-1,1.747,18.363,124.0,16616.0,16316.0,300.0,0.0,0.0,,300000000.0,0.0,300000000.0,0.0,1.0,0.0,
50000062,,,,0,,5,Light,0,-1,1.363,18.603,12.0,17240.0,16940.0,300.0,0.0,0.0,,300000000.0,0.0,300000000.0,0.0,1.0,0.0,
62,,,,0,,0,Light,0,-1,1.343,18.607,64.0,17264.0,16964.0,300.0,0.0,0.0,,300000000.0,0.0,300000000.0,0.0,1.0,0.0,
20000062,,,,0,,2,Light,0,-1,1.707,18.619,4.0,16912.0,16612.0,300.0,0.0,0.0,,300000000.0,0.0,300000000.0,0.0,1.0,0.0,
10000062,,,,0,,1,Light,0,-1,1.327,18.623,56.0,17296.0,16996.0,300.0,0.0,0.0,,300000000.0,0.0,300000000.0,0.0,1.0,0.0,
40000062,,,,0,,4,Light,0,-1,1.463,18.651,8.0,17188.0,16888.0,300.0,0.0,0.0,,300000000.0,0.0,300000000.0,0.0,1.0,0.0,
30000062,,,,0,,3,Light,0,-1,1.767,18.663,20.0,16896.0,16596.0,300.0,0.0,0.0,,300000000.0,0.0,300000000.0,0.0,1.0,0.0,
50000063,,,,0,,5,Light,0,-1,1.427,18.903,64.0,17476.0,17176.0,300.0,0.0,0.0,,300000000.0,0.0,300000000.0,0.0,1.0,0.0,
63,,,,0,,0,Light,0,-1,1.359,18.907,16.0,17548.0,17248.0,300.0,0.0,0.0,,300000000.0,0.0,300000000.0,0.0,1.0,0.0,
20000063,,,,0,,2,Light,0,-1,1.723,18.919,16.0,17196.0,16896.0,300.0,0.0,0.0,,300000000.0,0.0,300000000.0,0.0,1.0,0.0,
10000063,,,,0,,1,Light,0,-1,1.331,18.923,4.0,17592.0,17292.0,300.0,0.0,0.0,,300000000.0,0.0,300000000.0,0.0,1.0,0.0,
40000063,,,,0,,4,Light,0,-1,1.479,18.951,16.0,17472.0,17172.0,300.0,0.0,0.0,,300000000.0,0.0,300000000.0,0.0,1.0,0.0,
30000063,,,,0,,3,Light,0,-1,1.807,18.963,40.0,17156.0,16856.0,300.0,0.0,0.0,,300000000.0,0.0,300000000.0,0.0,1.0,0.0,
50000064,,,,0,,5,Light,0,-1,1.475,19.203,48.0,17728.0,17428.0,300.0,0.0,0.0,,300000000.0,0.0,300000000.0,0.0,1.0,0.0,
64,,,,0,,0,Light,0,-1,1.371,19.207,12.0,17836.0,17536.0,300.0,0.0,0.0,,300000000.0,0.0,300000000.0,0.0,1.0,0.0,
20000064,,,,0,,2,Light,0,-1,1.739,19.219,16.0,17480.0,17180.0,300.0,0.0,0.0,,300000000.0,0.0,300000000.0,0.0,1.0,0.0,
10000064,,,,0,,1,Light,0,-1,1.339,19.223,8.0,17884.0,17584.0,300.0,0.0,0.0,,300000000.0,0.0,300000000.0,0.0,1.0,0.0,
40000064,,,,0,,4,Light,0,-1,1.483,19.251,4.0,17768.0,17468.0,300.0,0.0,0.0,,300000000.0,0.0,300000000.0,0.0,1.0,0.0,
30000064,,,,0,,3,Light,0,-1,1.819,19.263,12.0,17444.0,17144.0,300.0,0.0,0.0,,300000000.0,0.0,300000000.0,0.0,1.0,0.0,
50000065,,,,0,,5,Light,0,-1,1.503,19.503,28.0,18000.0,17700.0,300.0,0.0,0.0,,300000000.0,0.0,300000000.0,0.0,1.0,0.0,
65,,,,0,,0,Light,0,-1,1.375,19.507,4.0,18132.0,17832.0,300.0,0.0,0.0,,300000000.0,0.0,300000000.0,0.0,1.0,0.0,
20000065,,,,0,,2,Light,0,-1,1.751,19.519,12.0,17768.0,17468.0,300.0,0.0,0.0,,300000000.0,0.0,300000000.0,0.0,1.0,0.0,
10000065,,,,0,,1,Light,0,-1,1.395,19.523,56.0,18128.0,17828.0,300.0,0.0,0.0,,300000000.0,0.0,300000000.0,0.0,1.0,0.0,
40000065,,,,0,,4,Light,0,-1,1.487,19.551,4.0,18064.0,17764.0,300.0,0.0,0.0,,300000000.0,0.0,300000000.0,0.0,1.0,0.0,
30000065,,,,0,,3,Light,0,-1,1.871,19.563,52.0,17692.0,17392.0,300.0,0.0,0.0,,300000000.0,0.0,300000000.0,0.0,1.0,0.0,
50000066,,,,0,,5,Light,0,-1,1.507,19.803,4.0,18296.0,17996.0,300.0,0.0,0.0,,300000000.0,0.0,300000000.0,0.0,1.0,0.0,
66,,,,0,,0,Light,0,-1,1.399,19.807,24.0,18408.0,18108.0,300.0,0.0,0.0,,300000000.0,0.0,300000000.0,0.0,1.0,0.0,
20000066,,,,0,,2,Light,0,-1,1.771,19.819,20.0,18048.0,17748.0,300.0,0.0,0.0,,300000000.0,0.0,300000000.0,0.0,1.0,0.0,
10000066,,,,0,,1,Light,0,-1,1.411,19.823,16.0,18412.0,18112.0,300.0,0.0,0.0,,300000000.0,0.0,300000000.0,0.0,1.0,0.0,
40000066,,,,0,,4,Light,0,-1,1.563,19.851,76.0,18288.0,17988.0,300.0,0.0,0.0,,300000000.0,0.0,300000000.0,0.0,1.0,0.0,
30000066,,,,0,,3,Light,0,-1,1.927,19.863,56.0,17936.0,17636.0,300.0,0.0,0.0,,300000000.0,0.0,300000000.0,0.0,1.0,0.0,
50000067,,,,0,,5,Light,0,-1,1.531,20.103,24.0,18572.0,18272.0,300.0,0.0,0.0,,300000000.0,0.0,300000000.0,0.0,1.0,0.0,
67,,,,0,,0,Light,0,-1,1.407,20.107,8.0,18700.0,18400.0,300.0,0.0,0.0,,300000000.0,0.0,300000000.0,0.0,1.0,0.0,
20000067,,,,0,,2,Light,0,-1,1.783,20.119,12.0,18336.0,18036.0,300.0,0.0,0.0,,300000000.0,0.0,300000000.0,0.0,1.0,0.0,
10000067,,,,0,,1,Light,0,-1,1.431,20.123,20.0,18692.0,18392.0,300.0,0.0,0.0,,300000000.0,0.0,300000000.0,0.0,1.0,0.0,
40000067,,,,0,,4,Light,0,-1,1.567,20.151,4.0,18584.0,18284.0,300.0,0.0,0.0,,300000000.0,0.0,300000000.0,0.0,1.0,0.0,
30000067,,,,0,,3,Light,0,-1,1.955,20.163,28.0,18208.0,17908.0,300.0,0.0,0.0,,300000000.0,0.0,300000000.0,0.0,1.0,0.0,
50000068,,,,0,,5,Light,0,-1,1.535,20.403,4.0,18868.0,18568.0,300.0,0.0,0.0,,300000000.0,0.0,300000000.0,0.0,1.0,0.0,
68,,,,0,,0,Light,0,-1,1.415,20.407,8.0,18992.0,18692.0,300.0,0.0,0.0,,300000000.0,0.0,300000000.0,0.0,1.0,0.0,
20000068,,,,0,,2,Light,0,-1,1.795,20.419,12.0,18624.0,18324.0,300.0,0.0,0.0,,300000000.0,0.0,300000000.0,0.0,1.0,0.0,
10000068,,,,0,,1,Light,0,-1,1.447,20.423,16.0,18976.0,18676.0,300.0,0.0,0.0,,300000000.0,0.0,300000000.0,0.0,1.0,0.0,
40000068,,,,0,,4,Light,0,-1,1.579,20.451,12.0,18872.0,18572.0,300.0,0.0,0.0,,300000000.0,0.0,300000000.0,0.0,1.0,0.0,
30000068,,,,0,,3,Light,0,-1,1.975,20.463,20.0,18488.0,18188.0,300.0,0.0,0.0,,300000000.0,0.0,300000000.0,0.0,1.0,0.0,
50000069,,,,0,,5,Light,0,-1,1.631,20.703,96.0,19072.0,18772.0,300.0,0.0,0.0,,300000000.0,0.0,300000000.0,0.0,1.0,0.0,
69,,,,0,,0,Light,0,-1,1.423,20.707,8.0,19284.0,18984.0,300.0,0.0,0.0,,300000000.0,0.0,300000000.0,0.0,1.0,0.0,
20000069,,,,0,,2,Light,0,-1,1.855,20.719,60.0,18864.0,18564.0,300.0,0.0,0.0,,300000000.0,0.0,300000000.0,0.0,1.0,0.0,
10000069,,,,0,,1,Light,0,-1,1.499,20.723,52.0,19224.0,18924.0,300.0,0.0,0.0,,300000000.0,0.0,300000000.0,0.0,1.0,0.0,
40000069,,,,0,,4,Light,0,-1,1.587,20.751,8.0,19164.0,18864.0,300.0,0.0,0.0,,300000000.0,0.0,300000000.0,0.0,1.0,0.0,
30000069,,,,0,,3,Light,0,-1,2.007,20.763,32.0,18756.0,18456.0,300.0,0.0,0.0,,300000000.0,0.0,300000000.0,0.0,1.0,0.0,
50000070,,,,0,,5,Light,0,-1,1.643,21.003,12.0,19360.0,19060.0,300.0,0.0,0.0,,300000000.0,0.0,300000000.0,0.0,1.0,0.0,
70,,,,0,,0,Light,0,-1,1.439,21.007,16.0,19568.0,19268.0,300.0,0.0,0.0,,300000000.0,0.0,300000000.0,0.0,1.0,0.0,
20000070,,,,0,,2,Light,0,-1,1.883,21.019,28.0,19136.0,18836.0,300.0,0.0,0.0,,300000000.0,0.0,300000000.0,0.0,1.0,0.0,
10000070,,,,0,,1,Light,0,-1,1.515,21.023,16.0,19508.0,19208.0,300.0,0.0,0.0,,300000000.0,0.0,300000000.0,0.0,1.0,0.0,
40000070,,,,0,,4,Light,0,-1,1.627,21.051,40.0,19424.0,19124.0,300.0,0.0,0.0,,300000000.0,0.0,300000000.0,0.0,1.0,0.0,
30000070,,,,0,,3,Light,0,-1,2.015,21.063,8.0,19048.0,18748.0,300.0,0.0,0.0,,300000000.0,0.0,300000000.0,0.0,1.0,0.0,
50000071,,,,0,,5,Light,0,-1,1.655,21.303,12.0,19648.0,19348.0,300.0,0.0,0.0,,300000000.0,0.0,300000000.0,0.0,1.0,0.0,
71,,,,0,,0,Light,0,-1,1.459,21.307,20.0,19848.0,19548.0,300.0,0.0,0.0,,300000000.0,0.0,300000000.0,0.0,1.0,0.0,
20000071,,,,0,,2,Light,0,-1,1.887,21.319,4.0,19432.0,19132.0,300.0,0.0,0.0,,300000000.0,0.0,300000000.0,0.0,1.0,0.0,
10000071,,,,0,,1,Light,0,-1,1.527,21.323,12.0,19796.0,19496.0,300.0,0.0,0.0,,300000000.0,0.0,300000000.0,0.0,1.0,0.0,
40000071,,,,0,,4,Light,0,-1,1.639,21.351,12.0,19712.0,19412.0,300.0,0.0,0.0,,300000000.0,0.0,300000000.0,0.0,1.0,0.0,
30000071,,,,0,,3,Light,0,-1,2.027,21.363,12.0,19336.0,19036.0,300.0,0.0,0.0,,300000000.0,0.0,300000000.0,0.0,1.0,0.0,
50000072,,,,0,,5,Light,0,-1,1.667,21.603,12.0,19936.0,19636.0,300.0,0.0,0.0,,300000000.0,0.0,300000000.0,0.0,1.0,0.0,
72,,,,0,,0,Light,0,-1,1.467,21.607,8.0,20140.0,19840.0,300.0,0.0,0.0,,300000000.0,0.0,300000000.0,0.0,1.0,0.0,
20000072,,,,0,,2,Light,0,-1,1.895,21.619,8.0,19724.0,19424.0,300.0,0.0,0.0,,300000000.0,0.0,300000000.0,0.0,1.0,0.0,
10000072,,,,0,,1,Light,0,-1,1.583,21.623,56.0,20040.0,19740.0,300.0,0.0,0.0,,300000000.0,0.0,300000000.0,0.0,1.0,0.0,
40000072,,,,0,,4,Light,0,-1,1.647,21.651,8.0,20004.0,19704.0,300.0,0.0,0.0,,300000000.0,0.0,300000000.0,0.0,1.0,0.0,
30000072,,,,0,,3,Light,0,-1,2.059,21.663,32.0,19604.0,19304.0,300.0,0.0,0.0,,300000000.0,0.0,300000000.0,0.0,1.0,0.0,
50000073,,,,0,,5,Light,0,-1,1.691,21.903,24.0,20212.0,19912.0,300.0,0.0,0.0,,300000000.0,0.0,300000000.0,0.0,1.0,0.0,
73,,,,0,,0,Light,0,-1,1.551,21.907,84.0,20356.0,20056.0,300.0,0.0,0.0,,300000000.0,0.0,300000000.0,0.0,1.0,0.0,
20000073,,,,0,,2,Light,0,-1,1.919,21.919,24.0,20000.0,19700.0,300.0,0.0,0.0,,300000000.0,0.0,300000000.0,0.0,1.0,0.0,
10000073,,,,0,,1,Light,0,-1,1.595,21.923,12.0,20328.0,20028.0,300.0,0.0,0.0,,300000000.0,0.0,300000000.0,0.0,1.0,0.0,
40000073,,,,0,,4,Light,0,-1,1.659,21.951,12.0,20292.0,19992.0,300.0,0.0,0.0,,300000000.0,0.0,300000000.0,0.0,1.0,0.0,
30000073,,,,0,,3,Light,0,-1,2.091,21.963,32.0,19872.0,19572.0,300.0,0.0,0.0,,300000000.0,0.0,300000000.0,0.0,1.0,0.0,
50000074,,,,0,,5,Light,0,-1,1.719,22.203,28.0,20484.0,20184.0,300.0,0.0,0.0,,300000000.0,0.0,300000000.0,0.0,1.0,0.0,
74,,,,0,,0,Light,0,-1,1.555,22.207,4.0,20652.0,20352.0,300.0,0.0,0.0,,300000000.0,0.0,300000000.0,0.0,1.0,0.0,
20000074,,,,0,,2,Light,0,-1,1.971,22.219,52.0,20248.0,19948.0,300.0,0.0,0.0,,300000000.0,0.0,300000000.0,0.0,1.0,0.0,
10000074,,,,0,,1,Light,0,-1,1.607,22.223,12.0,20616.0,20316.0,300.0,0.0,0.0,,300000000.0,0.0,300000000.0,0.0,1.0,0.0,
40000074,,,,0,,4,Light,0,-1,1.695,22.251,36.0,20556.0,20256.0,300.0,0.0,0.0,,300000000.0,0.0,300000000.0,0.0,1.0,0.0,
30000074,,,,0,,3,Light,0,-1,2.143,22.263,52.0,20120.0,19820.0,300.0,0.0,0.0,,300000000.0,0.0,300000000.0,0.0,1.0,0.0,
50000075,,,,0,,5,Light,0,-1,1.731,22.503,12.0,20772.0,20472.0,300.0,0.0,0.0,,300000000.0,0.0,300000000.0,0.0,1.0,0.0,
75,,,,0,,0,Light,0,-1,1.571,22.507,16.0,20936.0,20636.0,300.0,0.0,0.0,,300000000.0,0.0,300000000.0,0.0,1.0,0.0,
20000075,,,,0,,2,Light,0,-1,1.991,22.519,20.0,20528.0,20228.0,300.0,0.0,0.0,,300000000.0,0.0,300000000.0,0.0,1.0,0.0,
10000075,,,,0,,1,Light,0,-1,1.619,22.523,12.0,20904.0,20604.0,300.0,0.0,0.0,,300000000.0,0.0,300000000.0,0.0,1.0,0.0,
40000075,,,,0,,4,Light,0,-1,1.711,22.551,16.0,20840.0,20540.0,300.0,0.0,0.0,,300000000.0,0.0,300000000.0,0.0,1.0,0.0,
30000075,,,,0,,3,Light,0,-1,2.159,22.563,16.0,20404.0,20104.0,300.0,0.0,0.0,,300000000.0,0.0,300000000.0,0.0,1.0,0.0,
50000076,,,,0,,5,Light,0,-1,1.735,22.803,4.0,21068.0,20768.0,300.0,0.0,0.0,,300000000.0,0.0,300000000.0,0.0,1.0,0.0,
76,,,,0,,0,Light,0,-1,1.575,22.807,4.0,21232.0,20932.0,300.0,0.0,0.0,,300000000.0,0.0,300000000.0,0.0,1.0,0.0,
20000076,,,,0,,2,Light,0,-1,2.031,22.819,40.0,20788.0,20488.0,300.0,0.0,0.0,,300000000.0,0.0,300000000.0,0.0,1.0,0.0,
10000076,,,,0,,1,Light,0,-1,1.675,22.823,56.0,21148.0,20848.0,300.0,0.0,0.0,,300000000.0,0.0,300000000.0,0.0,1.0,0.0,
40000076,,,,0,,4,Light,0,-1,1.743,22.851,32.0,21108.0,20808.0,300.0,0.0,0.0,,300000000.0,0.0,300000000.0,0.0,1.0,0.0,
30000076,,,,0,,3,Light,0,-1,2.175,22.863,16.0,20688.0,20388.0,300.0,0.0,0.0,,300000000.0,0.0,300000000.0,0.0,1.0,0.0,
50000077,,,,0,,5,Light,0,-1,1.763,23.103,28.0,21340.0,21040.0,300.0,0.0,0.0,,300000000.0,0.0,300000000.0,0.0,1.0,0.0,
77,,,,0,,0,Light,0,-1,1.603,23.107,28.0,21504.0,21204.0,300.0,0.0,0.0,,300000000.0,0.0,300000000.0,0.0,1.0,0.0,
20000077,,,,0,,2,Light,0,-1,2.035,23.119,4.0,21084.0,20784.0,300.0,0.0,0.0,,300000000.0,0.0,300000000.0,0.0,1.0,0.0,
10000077,,,,0,,1,Light,0,-1,1.699,23.123,24.0,21424.0,21124.0,300.0,0.0,0.0,,300000000.0,0.0,300000000.0,0.0,1.0,0.0,
40000077,,,,0,,4,Light,0,-1,1.811,23.151,68.0,21340.0,21040.0,300.0,0.0,0.0,,300000000.0,0.0,300000000.0,0.0,1.0,0.0,
30000077,,,,0,,3,Light,0,-1,2.199,23.163,24.0,20964.0,20664.0,300.0,0.0,0.0,,300000000.0,0.0,300000000.0,0.0,1.0,0.0,
50000078,,,,0,,5,Light,0,-1,1.791,23.403,28.0,21612.0,21312.0,300.0,0.0,0.0,,300000000.0,0.0,300000000.0,0.0,1.0,0.0,
78,,,,0,,0,Light,0,-1,1.651,23.407,48.0,21756.0,21456.0,300.0,0.0,0.0,,300000000.0,0.0,300000000.0,0.0,1.0,0.0,
20000078,,,,0,,2,Light,0,-1,2.063,23.419,28.0,21356.0,21056.0,300.0,0.0,0.0,,300000000.0,0.0,300000000.0,0.0,1.0,0.0,
10000078,,,,0,,1,Light,0,-1,1.715,23.423,16.0,21708.0,21408.0,300.0,0.0,0.0,,300000000.0,0.0,300000000.0,0.0,1.0,0.0,
40000078,,,,0,,4,Light,0,-1,1.823,23.451,12.0,21628.0,21328.0,300.0,0.0,0.0,,300000000.0,0.0,300000000.0,0.0,1.0,0.0,
30000078,,,,0,,3,Light,0,-1,2.243,23.463,44.0,21220.0,20920.0,300.0,0.0,0.0,,300000000.0,0.0,300000000.0,0.0,1.0,0.0,
50000079,,,,0,,5,Light,0,-1,1.803,23.703,12.0,21900.0,21600.0,300.0,0.0,0.0,,300000000.0,0.0,300000000.0,0.0,1.0,0.0,
79,,,,0,,0,Light,0,-1,1.671,23.707,20.0,22036.0,21736.0,300.0,0.0,0.0,,300000000.0,0.0,300000000.0,0.0,1.0,0.0,
20000079,,,,0,,2,Light,0,-1,2.067,23.719,4.0,21652.0,21352.0,300.0,0.0,0.0,,300000000.0,0.0,300000000.0,0.0,1.0,0.0,
10000079,,,,0,,1,Light,0,-1,1.727,23.723,12.0,21996.0,21696.0,300.0,0.0,0.0,,300000000.0,0.0,300000000.0,0.0,1.0,0.0,
40000079,,,,0,,4,Light,0,-1,1.847,23.751,24.0,21904.0,21604.0,300.0,0.0,0.0,,300000000.0,0.0,300000000.0,0.0,1.0,0.0,
30000079,,,,0,,3,Light,0,-1,2.295,23.763,52.0,21468.0,21168.0,300.0,0.0,0.0,,300000000.0,0.0,300000000.0,0.0,1.0,0.0,
50000080,,,,0,,5,Light,0,-1,1.815,24.003,12.0,22188.0,21888.0,300.0,0.0,0.0,,300000000.0,0.0,300000000.0,0.0,1.0,0.0,
80,,,,0,,0,Light,0,-1,1.683,24.007,12.0,22324.0,22024.0,300.0,0.0,0.0,,300000000.0,0.0,300000000.0,0.0,1.0,0.0,
20000080,,,,0,,2,Light,0,-1,2.075,24.019,8.0,21944.0,21644.0,300.0,0.0,0.0,,300000000.0,0.0,300000000.0,0.0,1.0,0.0,
10000080,,,,0,,1,Light,0,-1,1.787,24.023,60.0,22236.0,21936.0,300.0,0.0,0.0,,300000000.0,0.0,300000000.0,0.0,1.0,0.0,
40000080,,,,0,,4,Light,0,-1,1.859,24.051,12.0,22192.0,21892.0,300.0,0.0,0.0,,300000000.0,0.0,300000000.0,0.0,1.0,0.0,
30000080,,,,0,,3,Light,0,-1,2.303,24.063,8.0,21760.0,21460.0,300.0,0.0,0.0,,300000000.0,0.0,300000000.0,0.0,1.0,0.0,
50000081,,,,0,,5,Light,0,-1,1.839,24.303,24.0,22464.0,22164.0,300.0,0.0,0.0,,300000000.0,0.0,300000000.0,0.0,1.0,0.0,
81,,,,0,,0,Light,0,-1,1.687,24.307,4.0,22620.0,22320.0,300.0,0.0,0.0,,300000000.0,0.0,300000000.0,0.0,1.0,0.0,
20000081,,,,0,,2,Light,0,-1,2.079,24.319,4.0,22240.0,21940.0,300.0,0.0,0.0,,300000000.0,0.0,300000000.0,0.0,1.0,0.0,
10000081,,,,0,,1,Light,0,-1,1.799,24.323,12.0,22524.0,22224.0,300.0,0.0,0.0,,300000000.0,0.0,300000000.0,0.0,1.0,0.0,
40000081,,,,0,,4,Light,0,-1,1.863,24.351,4.0,22488.0,22188.0,300.0,0.0,0.0,,300000000.0,0.0,300000000.0,0.0,1.0,0.0,
30000081,,,,0,,3,Light,0,-1,2.327,24.363,24.0,22036.0,21736.0,300.0,0.0,0.0,,300000000.0,0.0,300000000.0,0.0,1.0,0.0,
50000082,,,,0,,5,Light,0,-1,1.903,24.603,64.0,22700.0,22400.0,300.0,0.0,0.0,,300000000.0,0.0,300000000.0,0.0,1.0,0.0,
82,,,,0,,0,Light,0,-1,1.755,24.607,68.0,22852.0,22552.0,300.0,0.0,0.0,,300000000.0,0.0,300000000.0,0.0,1.0,0.0,
20000082,,,,0,,2,Light,0,-1,2.103,24.619,24.0,22516.0,22216.0,300.0,0.0,0.0,,300000000.0,0.0,300000000.0,0.0,1.0,0.0,
10000082,,,,0,,1,Light,0,-1,1.843,24.623,44.0,22780.0,22480.0,300.0,0.0,0.0,,300000000.0,0.0,300000000.0,0.0,1.0,0.0,
40000082,,,,0,,4,Light,0,-1,1.923,24.651,60.0,22728.0,22428.0,300.0,0.0,0.0,,300000000.0,0.0,300000000.0,0.0,1.0,0.0,
30000082,,,,0,,3,Light,0,-1,2.335,24.663,8.0,22328.0,22028.0,300.0,0.0,0.0,,300000000.0,0.0,300000000.0,0.0,1.0,0.0,
50000083,,,,0,,5,Light,0,-1,1.911,24.903,8.0,22992.0,22692.0,300.0,0.0,0.0,,300000000.0,0.0,300000000.0,0.0,1.0,0.0,
83,,,,0,,0,Light,0,-1,1.759,24.907,4.0,23148.0,22848.0,300.0,0.0,0.0,,300000000.0,0.0,300000000.0,0.0,1.0,0.0,
20000083,,,,0,,2,Light,0,-1,2.115,24.919,12.0,22804.0,22504.0,300.0,0.0,0.0,,300000000.0,0.0,300000000.0,0.0,1.0,0.0,
10000083,,,,0,,1,Light,0,-1,1.867,24.923,24.0,23056.0,22756.0,300.0,0.0,0.0,,300000000.0,0.0,300000000.0,0.0,1.0,0.0,
40000083,,,,0,,4,Light,0,-1,1.931,24.951,8.0,23020.0,22720.0,300.0,0.0,0.0,,300000000.0,0.0,300000000.0,0.0,1.0,0.0,
30000083,,,,0,,3,Light,0,-1,2.363,24.963,28.0,22600.0,22300.0,300.0,0.0,0.0,,300000000.0,0.0,300000000.0,0.0,1.0,0.0,
50000084,,,,0,,5,Light,0,-1,1.935,25.203,24.0,23268.0,22968.0,300.0,0.0,0.0,,300000000.0,0.0,300000000.0,0.0,1.0,0.0,
84,,,,0,,0,Light,0,-1,1.775,25.207,16.0,23432.0,23132.0,300.0,0.0,0.0,,300000000.0,0.0,300000000.0,0.0,1.0,0.0,
20000084,,,,0,,2,Light,0,-1,2.127,25.219,12.0,23092.0,22792.0,300.0,0.0,0.0,,300000000.0,0.0,300000000.0,0.0,1.0,0.0,
10000084,,,,0,,1,Light,0,-1,1.875,25.223,8.0,23348.0,23048.0,300.0,0.0,0.0,,300000000.0,0.0,300000000.0,0.0,1.0,0.0,
40000084,,,,0,,4,Light,0,-1,2.087,25.251,156.0,23164.0,22864.0,300.0,0.0,0.0,,300000000.0,0.0,300000000.0,0.0,1.0,0.0,
30000084,,,,0,,3,Light,0,-1,2.387,25.263,24.0,22876.0,22576.0,300.0,0.0,0.0,,300000000.0,0.0,300000000.0,0.0,1.0,0.0,
50000085,,,,0,,5,Light,0,-1,1.967,25.503,32.0,23536.0,23236.0,300.0,0.0,0.0,,300000000.0,0.0,300000000.0,0.0,1.0,0.0,
85,,,,0,,0,Light,0,-1,1.779,25.507,4.0,23728.0,23428.0,300.0,0.0,0.0,,300000000.0,0.0,300000000.0,0.0,1.0,0.0,
20000085,,,,0,,2,Light,0,-1,2.147,25.519,20.0,23372.0,23072.0,300.0,0.0,0.0,,300000000.0,0.0,300000000.0,0.0,1.0,0.0,
10000085,,,,0,,1,Light,0,-1,1.899,25.523,24.0,23624.0,23324.0,300.0,0.0,0.0,,300000000.0,0.0,300000000.0,0.0,1.0,0.0,
40000085,,,,0,,4,Light,0,-1,2.099,25.551,12.0,23452.0,23152.0,300.0,0.0,0.0,,300000000.0,0.0,300000000.0,0.0,1.0,0.0,
30000085,,,,0,,3,Light,0,-1,2.407,25.563,20.0,23156.0,22856.0,300.0,0.0,0.0,,300000000.0,0.0,300000000.0,0.0,1.0,0.0,
50000086,,,,0,,5,Light,0,-1,1.979,25.803,12.0,23824.0,23524.0,300.0,0.0,0.0,,300000000.0,0.0,300000000.0,0.0,1.0,0.0,
86,,,,0,,0,Light,0,-1,1.827,25.807,48.0,23980.0,23680.0,300.0,0.0,0.0,,300000000.0,0.0,300000000.0,0.0,1.0,0.0,
20000086,,,,0,,2,Light,0,-1,2.155,25.819,8.0,23664.0,23364.0,300.0,0.0,0.0,,300000000.0,0.0,300000000.0,0.0,1.0,0.0,
10000086,,,,0,,1,Light,0,-1,1.907,25.823,8.0,23916.0,23616.0,300.0,0.0,0.0,,300000000.0,0.0,300000000.0,0.0,1.0,0.0,
40000086,,,,0,,4,Light,0,-1,2.123,25.851,24.0,23728.0,23428.0,300.0,0.0,0.0,,300000000.0,0.0,300000000.0,0.0,1.0,0.0,
30000086,,,,0,,3,Light,0,-1,2.411,25.863,4.0,23452.0,23152.0,300.0,0.0,0.0,,300000000.0,0.0,300000000.0,0.0,1.0,0.0,
50000087,,,,0,,5,Light,0,-1,1.983,26.103,4.0,24120.0,23820.0,300.0,0.0,0.0,,300000000.0,0.0,300000000.0,0.0,1.0,0.0,
87,,,,0,,0,Light,0,-1,1.831,26.107,4.0,24276.0,23976.0,300.0,0.0,0.0,,300000000.0,0.0,300000000.0,0.0,1.0,0.0,
20000087,,,,0,,2,Light,0,-1,2.187,26.119,32.0,23932.0,23632.0,300.0,0.0,0.0,,300000000.0,0.0,300000000.0,0.0,1.0,0.0,
10000087,,,,0,,1,Light,0,-1,1.939,26.123,32.0,24184.0,23884.0,300.0,0.0,0.0,,300000000.0,0.0,300000000.0,0.0,1.0,0.0,
40000087,,,,0,,4,Light,0,-1,2.139,26.151,16.0,24012.0,23712.0,300.0,0.0,0.0,,300000000.0,0.0,300000000.0,0.0,1.0,0.0,
30000087,,,,0,,3,Light,0,-1,2.415,26.163,4.0,23748.0,23448.0,300.0,0.0,0.0,,300000000.0,0.0,300000000.0,0.0,1.0,0.0,
50000088,,,,0,,5,Light,0,-1,1.999,26.403,16.0,24404.0,24104.0,300.0,0.0,0.0,,300000000.0,0.0,300000000.0,0.0,1.0,0.0,
88,,,,0,,0,Light,0,-1,1.835,26.407,4.0,24572.0,24272.0,300.0,0.0,0.0,,300000000.0,0.0,300000000.0,0.0,1.0,0.0,
20000088,,,,0,,2,Light,0,-1,2.239,26.419,52.0,24180.0,23880.0,300.0,0.0,0.0,,300000000.0,0.0,300000000.0,0.0,1.0,0.0,
10000088,,,,0,,1,Light,0,-1,1.943,26.423,4.0,24480.0,24180.0,300.0,0.0,0.0,,300000000.0,0.0,300000000.0,0.0,1.0,0.0,
40000088,,,,0,,4,Light,0,-1,2.163,26.451,24.0,24288.0,23988.0,300.0,0.0,0.0,,300000000.0,0.0,300000000.0,0.0,1.0,0.0,
30000088,,,,0,,3,Light,0,-1,2.431,26.463,16.0,24032.0,23732.0,300.0,0.0,0.0,,300000000.0,0.0,300000000.0,0.0,1.0,0.0,
50000089,,,,0,,5,Light,0,-1,2.051,26.703,52.0,24652.0,24352.0,300.0,0.0,0.0,,300000000.0,0.0,300000000.0,0.0,1.0,0.0,
89,,,,0,,0,Light,0,-1,1.851,26.707,16.0,24856.0,24556.0,300.0,0.0,0.0,,300000000.0,0.0,300000000.0,0.0,1.0,0.0,
20000089,,,,0,,2,Light,0,-1,2.255,26.719,16.0,24464.0,24164.0,300.0,0.0,0.0,,300000000.0,0.0,300000000.0,0.0,1.0,0.0,
10000089,,,,0,,1,Light,0,-1,1.947,26.723,4.0,24776.0,24476.0,300.0,0.0,0.0,,300000000.0,0.0,300000000.0,0.0,1.0,0.0,
40000089,,,,0,,4,Light,0,-1,2.167,26.751,4.0,24584.0,24284.0,300.0,0.0,0.0,,300000000.0,0.0,300000000.0,0.0,1.0,0.0,
30000089,,,,0,,3,Light,0,-1,2.515,26.763,84.0,24248.0,23948.0,300.0,0.0,0.0,,300000000.0,0.0,300000000.0,0.0,1.0,0.0,
50000090,,,,0,,5,Light,0,-1,2.083,27.003,32.0,24920.0,24620.0,300.0,0.0,0.0,,300000000.0,0.0,300000000.0,0.0,1.0,0.0,
90,,,,0,,0,Light,0,-1,1.879,27.007,28.0,25128.0,24828.0,300.0,0.0,0.0,,300000000.0,0.0,300000000.0,0.0,1.0,0.0,
20000090,,,,0,,2,Light,0,-1,2.263,27.019,8.0,24756.0,24456.0,300.0,0.0,0.0,,300000000.0,0.0,300000000.0,0.0,1.0,0.0,
10000090,,,,0,,1,Light,0,-1,1.951,27.023,4.0,25072.0,24772.0,300.0,0.0,0.0,,300000000.0,0.0,300000000.0,0.0,1.0,0.0,
40000090,,,,0,,4,Light,0,-1,2.179,27.051,12.0,24872.0,24572.0,300.0,0.0,0.0,,300000000.0,0.0,300000000.0,0.0,1.0,0.0,
30000090,,,,0,,3,Light,0,-1,2.527,27.063,12.0,24536.0,24236.0,300.0,0.0,0.0,,300000000.0,0.0,300000000.0,0.0,1.0,0.0,
50000091,,,,0,,5,Light,0,-1,2.095,27.303,12.0,25208.0,24908.0,300.0,0.0,0.0,,300000000.0,0.0,300000000.0,0.0,1.0,0.0,
91,,,,0,,0,Light,0,-1,1.891,27.307,12.0,25416.0,25116.0,300.0,0.0,0.0,,300000000.0,0.0,300000000.0,0.0,1.0,0.0,
20000091,,,,0,,2,Light,0,-1,2.279,27.319,16.0,25040.0,24740.0,300.0,0.0,0.0,,300000000.0,0.0,300000000.0,0.0,1.0,0.0,
10000091,,,,0,,1,Light,0,-1,1.963,27.323,12.0,25360.0,25060.0,300.0,0.0,0.0,,300000000.0,0.0,300000000.0,0.0,1.0,0.0,
40000091,,,,0,,4,Light,0,-1,2.207,27.351,28.0,25144.0,24844.0,300.0,0.0,0.0,,300000000.0,0.0,300000000.0,0.0,1.0,0.0,
30000091,,,,0,,3,Light,0,-1,2.531,27.363,4.0,24832.0,24532.0,300.0,0.0,0.0,,300000000.0,0.0,300000000.0,0.0,1.0,0.0,
50000092,,,,0,,5,Light,0,-1,2.151,27.603,56.0,25452.0,25152.0,300.0,0.0,0.0,,300000000.0,0.0,300000000.0,0.0,1.0,0.0,
92,,,,0,,0,Light,0,-1,1.915,27.607,24.0,25692.0,25392.0,300.0,0.0,0.0,,300000000.0,0.0,300000000.0,0.0,1.0,0.0,
20000092,,,,0,,2,Light,0,-1,2.287,27.619,8.0,25332.0,25032.0,300.0,0.0,0.0,,300000000.0,0.0,300000000.0,0.0,1.0,0.0,
10000092,,,,0,,1,Light,0,-1,1.987,27.623,24.0,25636.0,25336.0,300.0,0.0,0.0,,300000000.0,0.0,300000000.0,0.0,1.0,0.0,
40000092,,,,0,,4,Light,0,-1,2.211,27.651,4.0,25440.0,25140.0,300.0,0.0,0.0,,300000000.0,0.0,300000000.0,0.0,1.0,0.0,
30000092,,,,0,,3,Light,0,-1,2.555,27.663,24.0,25108.0,24808.0,300.0,0.0,0.0,,300000000.0,0.0,300000000.0,0.0,1.0,0.0,
50000093,,,,0,,5,Light,0,-1,2.195,27.903,44.0,25708.0,25408.0,300.0,0.0,0.0,,300000000.0,0.0,300000000.0,0.0,1.0,0.0,
93,,,,0,,0,Light,0,-1,1.959,27.907,44.0,25948.0,25648.0,300.0,0.0,0.0,,300000000.0,0.0,300000000.0,0.0,1.0,0.0,
20000093,,,,0,,2,Light,0,-1,2.299,27.919,12.0,25620.0,25320.0,300.0,0.0,0.0,,300000000.0,0.0,300000000.0,0.0,1.0,0.0,
10000093,,,,0,,1,Light,0,-1,1.995,27.923,8.0,25928.0,25628.0,300.0,0.0,0.0,,300000000.0,0.0,300000000.0,0.0,1.0,0.0,
40000093,,,,0,,4,Light,0,-1,2.259,27.951,48.0,25692.0,25392.0,300.0,0.0,0.0,,300000000.0,0.0,300000000.0,0.0,1.0,0.0,
30000093,,,,0,,3,Light,0,-1,2.559,27.963,4.0,25404.0,25104.0,300.0,0.0,0.0,,300000000.0,0.0,300000000.0,0.0,1.0,0.0,
50000094,,,,0,,5,Light,0,-1,2.215,28.203,20.0,25988.0,25688.0,300.0,0.0,0.0,,300000000.0,0.0,300000000.0,0.0,1.0,0.0,
94,,,,0,,0,Light,0,-1,2.003,28.207,44.0,26204.0,25904.0,300.0,0.0,0.0,,300000000.0,0.0,300000000.0,0.0,1.0,0.0,
20000094,,,,0,,2,Light,0,-1,2.311,28.219,12.0,25908.0,25608.0,300.0,0.0,0.0,,300000000.0,0.0,300000000.0,0.0,1.0,0.0,
10000094,,,,0,,1,Light,0,-1,2.019,28.223,24.0,26204.0,25904.0,300.0,0.0,0.0,,300000000.0,0.0,300000000.0,0.0,1.0,0.0,
40000094,,,,0,,4,Light,0,-1,2.283,28.251,24.0,25968.0,25668.0,300.0,0.0,0.0,,300000000.0,0.0,300000000.0,0.0,1.0,0.0,
30000094,,,,0,,3,Light,0,-1,2.563,28.263,4.0,25700.0,25400.0,300.0,0.0,0.0,,300000000.0,0.0,300000000.0,0.0,1.0,0.0,
50000095,,,,0,,5,Light,0,-1,2.219,28.503,4.0,26284.0,25984.0,300.0,0.0,0.0,,300000000.0,0.0,300000000.0,0.0,1.0,0.0,
95,,,,0,,0,Light,0,-1,2.011,28.507,8.0,26496.0,26196.0,300.0,0.0,0.0,,300000000.0,0.0,300000000.0,0.0,1.0,0.0,
20000095,,,,0,,2,Light,0,-1,2.359,28.519,48.0,26160.0,25860.0,300.0,0.0,0.0,,300000000.0,0.0,300000000.0,0.0,1.0,0.0,
10000095,,,,0,,1,Light,0,-1,2.023,28.523,4.0,26500.0,26200.0,300.0,0.0,0.0,,300000000.0,0.0,300000000.0,0.0,1.0,0.0,
40000095,,,,0,,4,Light,0,-1,2.315,28.551,32.0,26236.0,25936.0,300.0,0.0,0.0,,300000000.0,0.0,300000000.0,0.0,1.0,0.0,
30000095,,,,0,,3,Light,0,-1,2.591,28.563,28.0,25972.0,25672.0,300.0,0.0,0.0,,300000000.0,0.0,300000000.0,0.0,1.0,0.0,
50000096,,,,0,,5,Light,0,-1,2.223,28.803,4.0,26580.0,26280.0,300.0,0.0,0.0,,300000000.0,0.0,300000000.0,0.0,1.0,0.0,
96,,,,0,,0,Light,0,-1,2.047,28.807,36.0,26760.0,26460.0,300.0,0.0,0.0,,300000000.0,0.0,300000000.0,0.0,1.0,0.0,
20000096,,,,0,,2,Light,0,-1,2.375,28.819,16.0,26444.0,26144.0,300.0,0.0,0.0,,300000000.0,0.0,300000000.0,0.0,1.0,0.0,
10000096,,,,0,,1,Light,0,-1,2.039,28.823,16.0,26784.0,26484.0,300.0,0.0,0.0,,300000000.0,0.0,300000000.0,0.0,1.0,0.0,
40000096,,,,0,,4,Light,0,-1,2.351,28.851,36.0,26500.0,26200.0,300.0,0.0,0.0,,300000000.0,0.0,300000000.0,0.0,1.0,0.0,
30000096,,,,0,,3,Light,0,-1,2.611,28.863,20.0,26252.0,25952.0,300.0,0.0,0.0,,300000000.0,0.0,300000000.0,0.0,1.0,0.0,
50000097,,,,0,,5,Light,0,-1,2.227,29.103,4.0,26876.0,26576.0,300.0,0.0,0.0,,300000000.0,0.0,300000000.0,0.0,1.0,0.0,
97,,,,0,,0,Light,0,-1,2.071,29.107,24.0,27036.0,26736.0,300.0,0.0,0.0,,300000000.0,0.0,300000000.0,0.0,1.0,0.0,
20000097,,,,0,,2,Light,0,-1,2.379,29.119,4.0,26740.0,26440.0,300.0,0.0,0.0,,300000000.0,0.0,300000000.0,0.0,1.0,0.0,
10000097,,,,0,,1,Light,0,-1,2.043,29.123,4.0,27080.0,26780.0,300.0,0.0,0.0,,300000000.0,0.0,300000000.0,0.0,1.0,0.0,
40000097,,,,0,,4,Light,0,-1,2.355,29.151,4.0,26796.0,26496.0,300.0,0.0,0.0,,300000000.0,0.0,300000000.0,0.0,1.0,0.0,
30000097,,,,0,,3,Light,0,-1,2.631,29.163,20.0,26532.0,26232.0,300.0,0.0,0.0,,300000000.0,0.0,300000000.0,0.0,1.0,0.0,
50000098,,,,0,,5,Light,0,-1,2.231,29.403,4.0,27172.0,26872.0,300.0,0.0,0.0,,300000000.0,0.0,300000000.0,0.0,1.0,0.0,
98,,,,0,,0,Light,0,-1,2.107,29.407,36.0,27300.0,27000.0,300.0,0.0,0.0,,300000000.0,0.0,300000000.0,0.0,1.0,0.0,
20000098,,,,0,,2,Light,0,-1,2.403,29.419,24.0,27016.0,26716.0,300.0,0.0,0.0,,300000000.0,0.0,300000000.0,0.0,1.0,0.0,
10000098,,,,0,,1,Light,0,-1,2.055,29.423,12.0,27368.0,27068.0,300.0,0.0,0.0,,300000000.0,0.0,300000000.0,0.0,1.0,0.0,
40000098,,,,0,,4,Light,0,-1,2.367,29.451,12.0,27084.0,26784.0,300.0,0.0,0.0,,300000000.0,0.0,300000000.0,0.0,1.0,0.0,
30000098,,,,0,,3,Light,0,-1,2.639,29.463,8.0,26824.0,26524.0,300.0,0.0,0.0,,300000000.0,0.0,300000000.0,0.0,1.0,0.0,
50000099,,,,0,,5,Light,0,-1,2.251,29.703,20.0,27452.0,27152.0,300.0,0.0,0.0,,300000000.0,0.0,300000000.0,0.0,1.0,0.0,
99,,,,0,,0,Light,0,-1,2.111,29.707,4.0,27596.0,27296.0,300.0,0.0,0.0,,300000000.0,0.0,300000000.0,0.0,1.0,0.0,
20000099,,,,0,,2,Light,0,-1,2.451,29.719,48.0,27268.0,26968.0,300.0,0.0,0.0,,300000000.0,0.0,300000000.0,0.0,1.0,0.0,
10000099,,,,0,,1,Light,0,-1,2.119,29.723,64.0,27604.0,27304.0,300.0,0.0,0.0,,300000000.0,0.0,300000000.0,0.0,1.0,0.0,
40000099,,,,0,,4,Light,0,-1,2.391,29.751,24.0,27360.0,27060.0,300.0,0.0,0.0,,300000000.0,0.0,300000000.0,0.0,1.0,0.0,
30000099,,,,0,,3,Light,0,-1,2.663,29.763,24.0,27100.0,26800.0,300.0,0.0,0.0,,300000000.0,0.0,300000000.0,0.0,1.0,0.0,
50000100,,,,0,,5,Light,0,-1,2.267,30.003,16.0,27736.0,27436.0,300.0,0.0,0.0,,300000000.0,0.0,300000000.0,0.0,1.0,0.0,
100,,,,0,,0,Light,0,-1,2.131,30.007,20.0,27876.0,27576.0,300.0,0.0,0.0,,300000000.0,0.0,300000000.0,0.0,1.0,0.0,
20000100,,,,0,,2,Light,0,-1,2.471,30.019,20.0,27548.0,27248.0,300.0,0.0,0.0,,300000000.0,0.0,300000000.0,0.0,1.0,0.0,
10000100,,,,0,,1,Light,0,-1,2.183,30.023,64.0,27840.0,27540.0,300.0,0.0,0.0,,300000000.0,0.0,300000000.0,0.0,1.0,0.0,
40000100,,,,0,,4,Light,0,-1,2.395,30.051,4.0,27656.0,27356.0,300.0,0.0,0.0,,300000000.0,0.0,300000000.0,0.0,1.0,0.0,
30000100,,,,0,,3,Light,0,-1,2.679,30.063,16.0,27384.0,27084.0,300.0,0.0,0.0,,300000000.0,0.0,300000000.0,0.0,1.0,0.0,
50000101,,,,0,,5,Light,0,-1,2.275,30.303,8.0,28028.0,27728.0,300.0,0.0,0.0,,300000000.0,0.0,300000000.0,0.0,1.0,0.0,
101,,,,0,,0,Light,0,-1,2.135,30.307,4.0,28172.0,27872.0,300.0,0.0,0.0,,300000000.0,0.0,300000000.0,0.0,1.0,0.0,
20000101,,,,0,,2,Light,0,-1,2.487,30.319,16.0,27832.0,27532.0,300.0,0.0,0.0,,300000000.0,0.0,300000000.0,0.0,1.0,0.0,
10000101,,,,0,,1,Light,0,-1,2.235,30.323,52.0,28088.0,27788.0,300.0,0.0,0.0,,300000000.0,0.0,300000000.0,0.0,1.0,0.0,
40000101,,,,0,,4,Light,0,-1,2.427,30.351,32.0,27924.0,27624.0,300.0,0.0,0.0,,300000000.0,0.0,300000000.0,0.0,1.0,0.0,
30000101,,,,0,,3,Light,0,-1,2.687,30.363,8.0,27676.0,27376.0,300.0,0.0,0.0,,300000000.0,0.0,300000000.0,0.0,1.0,0.0,
50000102,,,,0,,5,Light,0,-1,2.291,30.603,16.0,28312.0,28012.0,300.0,0.0,0.0,,300000000.0,0.0,300000000.0,0.0,1.0,0.0,
102,,,,0,,0,Light,0,-1,2.171,30.607,36.0,28436.0,28136.0,300.0,0.0,0.0,,300000000.0,0.0,300000000.0,0.0,1.0,0.0,
20000102,,,,0,,2,Light,0,-1,2.659,30.619,172.0,27960.0,27660.0,300.0,0.0,0.0,,300000000.0,0.0,300000000.0,0.0,1.0,0.0,
10000102,,,,0,,1,Light,0,-1,2.319,30.623,84.0,28304.0,28004.0,300.0,0.0,0.0,,300000000.0,0.0,300000000.0,0.0,1.0,0.0,
40000102,,,,0,,4,Light,0,-1,2.455,30.651,28.0,28196.0,27896.0,300.0,0.0,0.0,,300000000.0,0.0,300000000.0,0.0,1.0,0.0,
30000102,,,,0,,3,Light,0,-1,2.699,30.663,12.0,27964.0,27664.0,300.0,0.0,0.0,,300000000.0,0.0,300000000.0,0.0,1.0,0.0,
50000103,,,,0,,5,Light,0,-1,2.307,30.903,16.0,28596.0,28296.0,300.0,0.0,0.0,,300000000.0,0.0,300000000.0,0.0,1.0,0.0,
103,,,,0,,0,Light,0,-1,2.191,30.907,20.0,28716.0,28416.0,300.0,0.0,0.0,,300000000.0,0.0,300000000.0,0.0,1.0,0.0,
20000103,,,,0,,2,Light,0,-1,2.707,30.919,48.0,28212.0,27912.0,300.0,0.0,0.0,,300000000.0,0.0,300000000.0,0.0,1.0,0.0,
10000103,,,,0,,1,Light,0,-1,2.323,30.923,4.0,28600.0,28300.0,300.0,0.0,0.0,,300000000.0,0.0,300000000.0,0.0,1.0,0.0,
40000103,,,,0,,4,Light,0,-1,2.467,30.951,12.0,28484.0,28184.0,300.0,0.0,0.0,,300000000.0,0.0,300000000.0,0.0,1.0,0.0,
30000103,,,,0,,3,Light,0,-1,2.703,30.963,4.0,28260.0,27960.0,300.0,0.0,0.0,,300000000.0,0.0,300000000.0,0.0,1.0,0.0,
50000104,,,,0,,5,Light,0,-1,2.331,31.203,24.0,28872.0,28572.0,300.0,0.0,0.0,,300000000.0,0.0,300000000.0,0.0,1.0,0.0,
104,,,,0,,0,Light,0,-1,2.203,31.207,12.0,29004.0,28704.0,300.0,0.0,0.0,,300000000.0,0.0,300000000.0,0.0,1.0,0.0,
20000104,,,,0,,2,Light,0,-1,2.719,31.219,12.0,28500.0,28200.0,300.0,0.0,0.0,,300000000.0,0.0,300000000.0,0.0,1.0,0.0,
10000104,,,,0,,1,Light,0,-1,2.347,31.223,24.0,28876.0,28576.0,300.0,0.0,0.0,,300000000.0,0.0,300000000.0,0.0,1.0,0.0,
40000104,,,,0,,4,Light,0,-1,2.519,31.251,52.0,28732.0,28432.0,300.0,0.0,0.0,,300000000.0,0.0,300000000.0,0.0,1.0,0.0,
30000104,,,,0,,3,Light,0,-1,2.727,31.263,24.0,28536.0,28236.0,300.0,0.0,0.0,,300000000.0,0.0,300000000.0,0.0,1.0,0.0,
50000105,,,,0,,5,Light,0,-1,2.339,31.503,8.0,29164.0,28864.0,300.0,0.0,0.0,,300000000.0,0.0,300000000.0,0.0,1.0,0.0,
105,,,,0,,0,Light,0,-1,2.247,31.507,44.0,29260.0,28960.0,300.0,0.0,0.0,,300000000.0,0.0,300000000.0,0.0,1.0,0.0,
20000105,,,,0,,2,Light,0,-1,2.739,31.519,20.0,28780.0,28480.0,300.0,0.0,0.0,,300000000.0,0.0,300000000.0,0.0,1.0,0.0,
10000105,,,,0,,1,Light,0,-1,2.383,31.523,36.0,29140.0,28840.0,300.0,0.0,0.0,,300000000.0,0.0,300000000.0,0.0,1.0,0.0,
40000105,,,,0,,4,Light,0,-1,2.539,31.551,20.0,29012.0,28712.0,300.0,0.0,0.0,,300000000.0,0.0,300000000.0,0.0,1.0,0.0,
30000105,,,,0,,3,Light,0,-1,2.743,31.563,16.0,28820.0,28520.0,300.0,0.0,0.0,,300000000.0,0.0,300000000.0,0.0,1.0,0.0,
50000106,,,,0,,5,Light,0,-1,2.343,31.803,4.0,29460.0,29160.0,300.0,0.0,0.0,,300000000.0,0.0,300000000.0,0.0,1.0,0.0,
106,,,,0,,0,Light,0,-1,2.271,31.807,24.0,29536.0,29236.0,300.0,0.0,0.0,,300000000.0,0.0,300000000.0,0.0,1.0,0.0,
20000106,,,,0,,2,Light,0,-1,2.755,31.819,16.0,29064.0,28764.0,300.0,0.0,0.0,,300000000.0,0.0,300000000.0,0.0,1.0,0.0,
10000106,,,,0,,1,Light,0,-1,2.423,31.823,40.0,29400.0,29100.0,300.0,0.0,0.0,,300000000.0,0.0,300000000.0,0.0,1.0,0.0,
40000106,,,,0,,4,Light,0,-1,2.607,31.851,68.0,29244.0,28944.0,300.0,0.0,0.0,,300000000.0,0.0,300000000.0,0.0,1.0,0.0,
30000106,,,,0,,3,Light,0,-1,2.795,31.863,52.0,29068.0,28768.0,300.0,0.0,0.0,,300000000.0,0.0,300000000.0,0.0,1.0,0.0,
50000107,,,,0,,5,Light,0,-1,2.399,32.103,56.0,29704.0,29404.0,300.0,0.0,0.0,,300000000.0,0.0,300000000.0,0.0,1.0,0.0,
107,,,,0,,0,Light,0,-1,2.371,32.107,100.0,29736.0,29436.0,300.0,0.0,0.0,,300000000.0,0.0,300000000.0,0.0,1.0,0.0,
20000107,,,,0,,2,Light,0,-1,2.763,32.119,8.0,29356.0,29056.0,300.0,0.0,0.0,,300000000.0,0.0,300000000.0,0.0,1.0,0.0,
10000107,,,,0,,1,Light,0,-1,2.439,32.123,16.0,29684.0,29384.0,300.0,0.0,0.0,,300000000.0,0.0,300000000.0,0.0,1.0,0.0,
40000107,,,,0,,4,Light,0,-1,2.619,32.151,12.0,29532.0,29232.0,300.0,0.0,0.0,,300000000.0,0.0,300000000.0,0.0,1.0,0.0,
30000107,,,,0,,3,Light,0,-1,2.819,32.163,24.0,29344.0,29044.0,300.0,0.0,0.0,,300000000.0,0.0,300000000.0,0.0,1.0,0.0,
50000108,,,,0,,5,Light,0,-1,2.419,32.403,20.0,29984.0,29684.0,300.0,0.0,0.0,,300000000.0,0.0,300000000.0,0.0,1.0,0.0,
108,,,,0,,0,Light,0,-1,2.447,32.407,76.0,29960.0,29660.0,300.0,0.0,0.0,,300000000.0,0.0,300000000.0,0.0,1.0,0.0,
20000108,,,,0,,2,Light,0,-1,2.767,32.419,4.0,29652.0,29352.0,300.0,0.0,0.0,,300000000.0,0.0,300000000.0,0.0,1.0,0.0,
10000108,,,,0,,1,Light,0,-1,2.479,32.423,40.0,29944.0,29644.0,300.0,0.0,0.0,,300000000.0,0.0,300000000.0,0.0,1.0,0.0,
40000108,,,,0,,4,Light,0,-1,2.647,32.451,28.0,29804.0,29504.0,300.0,0.0,0.0,,300000000.0,0.0,300000000.0,0.0,1.0,0.0,
30000108,,,,0,,3,Light,0,-1,2.823,32.463,4.0,29640.0,29340.0,300.0,0.0,0.0,,300000000.0,0.0,300000000.0,0.0,1.0,0.0,
50000109,,,,0,,5,Light,0,-1,2.435,32.703,16.0,30268.0,29968.0,300.0,0.0,0.0,,300000000.0,0.0,300000000.0,0.0,1.0,0.0,
109,,,,0,,0,Light,0,-1,2.475,32.707,28.0,30232.0,29932.0,300.0,0.0,0.0,,300000000.0,0.0,300000000.0,0.0,1.0,0.0,
20000109,,,,0,,2,Light,0,-1,2.771,32.719,4.0,29948.0,29648.0,300.0,0.0,0.0,,300000000.0,0.0,300000000.0,0.0,1.0,0.0,
10000109,,,,0,,1,Light,0,-1,2.491,32.723,12.0,30232.0,29932.0,300.0,0.0,0.0,,300000000.0,0.0,300000000.0,0.0,1.0,0.0,
40000109,,,,0,,4,Light,0,-1,2.651,32.751,4.0,30100.0,29800.0,300.0,0.0,0.0,,300000000.0,0.0,300000000.0,0.0,1.0,0.0,
30000109,,,,0,,3,Light,0,-1,2.835,32.763,12.0,29928.0,29628.0,300.0,0.0,0.0,,300000000.0,0.0,300000000.0,0.0,1.0,0.0,
50000110,,,,0,,5,Light,0,-1,2.443,33.003,8.0,30560.0,30260.0,300.0,0.0,0.0,,300000000.0,0.0,300000000.0,0.0,1.0,0.0,
110,,,,0,,0,Light,0,-1,2.503,33.007,28.0,30504.0,30204.0,300.0,0.0,0.0,,300000000.0,0.0,300000000.0,0.0,1.0,0.0,
20000110,,,,0,,2,Light,0,-1,2.827,33.019,56.0,30192.0,29892.0,300.0,0.0,0.0,,300000000.0,0.0,300000000.0,0.0,1.0,0.0,
10000110,,,,0,,1,Light,0,-1,2.495,33.023,4.0,30528.0,30228.0,300.0,0.0,0.0,,300000000.0,0.0,300000000.0,0.0,1.0,0.0,
40000110,,,,0,,4,Light,0,-1,2.655,33.051,4.0,30396.0,30096.0,300.0,0.0,0.0,,300000000.0,0.0,300000000.0,0.0,1.0,0.0,
30000110,,,,0,,3,Light,0,-1,2.839,33.063,4.0,30224.0,29924.0,300.0,0.0,0.0,,300000000.0,0.0,300000000.0,0.0,1.0,0.0,
50000111,,,,0,,5,Light,0,-1,2.459,33.303,16.0,30844.0,30544.0,300.0,0.0,0.0,,300000000.0,0.0,300000000.0,0.0,1.0,0.0,
111,,,,0,,0,Light,0,-1,2.507,33.307,4.0,30800.0,30500.0,300.0,0.0,0.0,,300000000.0,0.0,300000000.0,0.0,1.0,0.0,
20000111,,,,0,,2,Light,0,-1,2.887,33.319,60.0,30432.0,30132.0,300.0,0.0,0.0,,300000000.0,0.0,300000000.0,0.0,1.0,0.0,
10000111,,,,0,,1,Light,0,-1,2.499,33.323,4.0,30824.0,30524.0,300.0,0.0,0.0,,300000000.0,0.0,300000000.0,0.0,1.0,0.0,
40000111,,,,0,,4,Light,0,-1,2.667,33.351,12.0,30684.0,30384.0,300.0,0.0,0.0,,300000000.0,0.0,300000000.0,0.0,1.0,0.0,
30000111,,,,0,,3,Light,0,-1,2.851,33.363,12.0,30512.0,30212.0,300.0,0.0,0.0,,300000000.0,0.0,300000000.0,0.0,1.0,0.0,
50000112,,,,0,,5,Light,0,-1,2.463,33.603,4.0,31140.0,30840.0,300.0,0.0,0.0,,300000000.0,0.0,300000000.0,0.0,1.0,0.0,
112,,,,0,,0,Light,0,-1,2.523,33.607,16.0,31084.0,30784.0,300.0,0.0,0.0,,300000000.0,0.0,300000000.0,0.0,1.0,0.0,
20000112,,,,0,,2,Light,0,-1,2.891,33.619,4.0,30728.0,30428.0,300.0,0.0,0.0,,300000000.0,0.0,300000000.0,0.0,1.0,0.0,
10000112,,,,0,,1,Light,0,-1,2.511,33.623,12.0,31112.0,30812.0,300.0,0.0,0.0,,300000000.0,0.0,300000000.0,0.0,1.0,0.0,
40000112,,,,0,,4,Light,0,-1,2.675,33.651,8.0,30976.0,30676.0,300.0,0.0,0.0,,300000000.0,0.0,300000000.0,0.0,1.0,0.0,
30000112,,,,0,,3,Light,0,-1,2.855,33.663,4.0,30808.0,30508.0,300.0,0.0,0.0,,300000000.0,0.0,300000000.0,0.0,1.0,0.0,
50000113,,,,0,,5,Light,0,-1,2.483,33.903,20.0,31420.0,31120.0,300.0,0.0,0.0,,300000000.0,0.0,300000000.0,0.0,1.0,0.0,
113,,,,0,,0,Light,0,-1,2.583,33.907,60.0,31324.0,31024.0,300.0,0.0,0.0,,300000000.0,0.0,300000000.0,0.0,1.0,0.0,
20000113,,,,0,,2,Light,0,-1,2.935,33.919,44.0,30984.0,30684.0,300.0,0.0,0.0,,300000000.0,0.0,300000000.0,0.0,1.0,0.0,
10000113,,,,0,,1,Light,0,-1,2.543,33.923,32.0,31380.0,31080.0,300.0,0.0,0.0,,300000000.0,0.0,300000000.0,0.0,1.0,0.0,
40000113,,,,0,,4,Light,0,-1,2.683,33.951,8.0,31268.0,30968.0,300.0,0.0,0.0,,300000000.0,0.0,300000000.0,0.0,1.0,0.0,
30000113,,,,0,,3,Light,0,-1,2.875,33.963,20.0,31088.0,30788.0,300.0,0.0,0.0,,300000000.0,0.0,300000000.0,0.0,1.0,0.0,
50000114,,,,0,,5,Light,0,-1,2.535,34.203,52.0,31668.0,31368.0,300.0,0.0,0.0,,300000000.0,0.0,300000000.0,0.0,1.0,0.0,
114,,,,0,,0,Light,0,-1,2.587,34.207,4.0,31620.0,31320.0,300.0,0.0,0.0,,300000000.0,0.0,300000000.0,0.0,1.0,0.0,
20000114,,,,0,,2,Light,0,-1,2.955,34.219,20.0,31264.0,30964.0,300.0,0.0,0.0,,300000000.0,0.0,300000000.0,0.0,1.0,0.0,
10000114,,,,0,,1,Light,0,-1,2.567,34.223,24.0,31656.0,31356.0,300.0,0.0,0.0,,300000000.0,0.0,300000000.0,0.0,1.0,0.0,
40000114,,,,0,,4,Light,0,-1,2.723,34.251,40.0,31528.0,31228.0,300.0,0.0,0.0,,300000000.0,0.0,300000000.0,0.0,1.0,0.0,
30000114,,,,0,,3,Light,0,-1,2.879,34.263,4.0,31384.0,31084.0,300.0,0.0,0.0,,300000000.0,0.0,300000000.0,0.0,1.0,0.0,
50000115,,,,0,,5,Light,0,-1,2.547,34.503,12.0,31956.0,31656.0,300.0,0.0,0.0,,300000000.0,0.0,300000000.0,0.0,1.0,0.0,
115,,,,0,,0,Light,0,-1,2.615,34.507,28.0,31892.0,31592.0,300.0,0.0,0.0,,300000000.0,0.0,300000000.0,0.0,1.0,0.0,
20000115,,,,0,,2,Light,0,-1,3.047,34.519,92.0,31472.0,31172.0,300.0,0.0,0.0,,300000000.0,0.0,300000000.0,0.0,1.0,0.0,
10000115,,,,0,,1,Light,0,-1,2.571,34.523,4.0,31952.0,31652.0,300.0,0.0,0.0,,300000000.0,0.0,300000000.0,0.0,1.0,0.0,
40000115,,,,0,,4,Light,0,-1,2.775,34.551,52.0,31776.0,31476.0,300.0,0.0,0.0,,300000000.0,0.0,300000000.0,0.0,1.0,0.0,
30000115,,,,0,,3,Light,0,-1,2.895,34.563,16.0,31668.0,31368.0,300.0,0.0,0.0,,300000000.0,0.0,300000000.0,0.0,1.0,0.0,
50000116,,,,0,,5,Light,0,-1,2.551,34.803,4.0,32252.0,31952.0,300.0,0.0,0.0,,300000000.0,0.0,300000000.0,0.0,1.0,0.0,
116,,,,0,,0,Light,0,-1,2.627,34.807,12.0,32180.0,31880.0,300.0,0.0,0.0,,300000000.0,0.0,300000000.0,0.0,1.0,0.0,
20000116,,,,0,,2,Light,0,-1,3.055,34.819,8.0,31764.0,31464.0,300.0,0.0,0.0,,300000000.0,0.0,300000000.0,0.0,1.0,0.0,
10000116,,,,0,,1,Light,0,-1,2.595,34.823,24.0,32228.0,31928.0,300.0,0.0,0.0,,300000000.0,0.0,300000000.0,0.0,1.0,0.0,
40000116,,,,0,,4,Light,0,-1,2.831,34.851,56.0,32020.0,31720.0,300.0,0.0,0.0,,300000000.0,0.0,300000000.0,0.0,1.0,0.0,
30000116,,,,0,,3,Light,0,-1,2.899,34.863,4.0,31964.0,31664.0,300.0,0.0,0.0,,300000000.0,0.0,300000000.0,0.0,1.0,0.0,
50000117,,,,0,,5,Light,0,-1,2.575,35.103,24.0,32528.0,32228.0,300.0,0.0,0.0,,300000000.0,0.0,300000000.0,0.0,1.0,0.0,
117,,,,0,,0,Light,0,-1,2.747,35.107,120.0,32360.0,32060.0,300.0,0.0,0.0,,300000000.0,0.0,300000000.0,0.0,1.0,0.0,
20000117,,,,0,,2,Light,0,-1,3.067,35.119,12.0,32052.0,31752.0,300.0,0.0,0.0,,300000000.0,0.0,300000000.0,0.0,1.0,0.0,
10000117,,,,0,,1,Light,0,-1,2.599,35.123,4.0,32524.0,32224.0,300.0,0.0,0.0,,300000000.0,0.0,300000000.0,0.0,1.0,0.0,
40000117,,,,0,,4,Light,0,-1,2.859,35.151,28.0,32292.0,31992.0,300.0,0.0,0.0,,300000000.0,0.0,300000000.0,0.0,1.0,0.0,
30000117,,,,0,,3,Light,0,-1,2.927,35.163,28.0,32236.0,31936.0,300.0,0.0,0.0,,300000000.0,0.0,300000000.0,0.0,1.0,0.0,
50000118,,,,0,,5,Light,0,-1,2.579,35.403,4.0,32824.0,32524.0,300.0,0.0,0.0,,300000000.0,0.0,300000000.0,0.0,1.0,0.0,
118,,,,0,,0,Light,0,-1,2.779,35.407,32.0,32628.0,32328.0,300.0,0.0,0.0,,300000000.0,0.0,300000000.0,0.0,1.0,0.0,
20000118,,,,0,,2,Light,0,-1,3.071,35.419,4.0,32348.0,32048.0,300.0,0.0,0.0,,300000000.0,0.0,300000000.0,0.0,1.0,0.0,
10000118,,,,0,,1,Light,0,-1,2.623,35.423,24.0,32800.0,32500.0,300.0,0.0,0.0,,300000000.0,0.0,300000000.0,0.0,1.0,0.0,
40000118,,,,0,,4,Light,0,-1,2.871,35.451,12.0,32580.0,32280.0,300.0,0.0,0.0,,300000000.0,0.0,300000000.0,0.0,1.0,0.0,
30000118,,,,0,,3,Light,0,-1,2.939,35.463,12.0,32524.0,32224.0,300.0,0.0,0.0,,300000000.0,0.0,300000000.0,0.0,1.0,0.0,
50000119,,,,0,,5,Light,0,-1,2.603,35.703,24.0,33100.0,32800.0,300.0,0.0,0.0,,300000000.0,0.0,300000000.0,0.0,1.0,0.0,
119,,,,0,,0,Light,0,-1,2.815,35.707,36.0,32892.0,32592.0,300.0,0.0,0.0,,300000000.0,0.0,300000000.0,0.0,1.0,0.0,
20000119,,,,0,,2,Light,0,-1,3.079,35.719,8.0,32640.0,32340.0,300.0,0.0,0.0,,300000000.0,0.0,300000000.0,0.0,1.0,0.0,
10000119,,,,0,,1,Light,0,-1,2.635,35.723,12.0,33088.0,32788.0,300.0,0.0,0.0,,300000000.0,0.0,300000000.0,0.0,1.0,0.0,
40000119,,,,0,,4,Light,0,-1,2.903,35.751,32.0,32848.0,32548.0,300.0,0.0,0.0,,300000000.0,0.0,300000000.0,0.0,1.0,0.0,
30000119,,,,0,,3,Light,0,-1,2.943,35.763,4.0,32820.0,32520.0,300.0,0.0,0.0,,300000000.0,0.0,300000000.0,0.0,1.0,0.0,
50000120,,,,0,,5,Light,0,-1,2.643,36.003,40.0,33360.0,33060.0,300.0,0.0,0.0,,300000000.0,0.0,300000000.0,0.0,1.0,0.0,
120,,,,0,,0,Light,0,-1,2.843,36.007,28.0,33164.0,32864.0,300.0,0.0,0.0,,300000000.0,0.0,300000000.0,0.0,1.0,0.0,
20000120,,,,0,,2,Light,0,-1,3.087,36.019,8.0,32932.0,32632.0,300.0,0.0,0.0,,300000000.0,0.0,300000000.0,0.0,1.0,0.0,
10000120,,,,0,,1,Light,0,-1,2.691,36.023,56.0,33332.0,33032.0,300.0,0.0,0.0,,300000000.0,0.0,300000000.0,0.0,1.0,0.0,
40000120,,,,0,,4,Light,0,-1,2.915,36.051,12.0,33136.0,32836.0,300.0,0.0,0.0,,300000000.0,0.0,300000000.0,0.0,1.0,0.0,
30000120,,,,0,,3,Light,0,-1,2.951,36.063,8.0,33112.0,32812.0,300.0,0.0,0.0,,300000000.0,0.0,300000000.0,0.0,1.0,0.0,
50000121,,,,0,,5,Light,0,-1,2.671,36.303,28.0,33632.0,33332.0,300.0,0.0,0.0,,300000000.0,0.0,300000000.0,0.0,1.0,0.0,
121,,,,0,,0,Light,0,-1,2.867,36.307,24.0,33440.0,33140.0,300.0,0.0,0.0,,300000000.0,0.0,300000000.0,0.0,1.0,0.0,
20000121,,,,0,,2,Light,0,-1,3.115,36.319,28.0,33204.0,32904.0,300.0,0.0,0.0,,300000000.0,0.0,300000000.0,0.0,1.0,0.0,
10000121,,,,0,,1,Light,0,-1,2.711,36.323,20.0,33612.0,33312.0,300.0,0.0,0.0,,300000000.0,0.0,300000000.0,0.0,1.0,0.0,
40000121,,,,0,,4,Light,0,-1,2.919,36.351,4.0,33432.0,33132.0,300.0,0.0,0.0,,300000000.0,0.0,300000000.0,0.0,1.0,0.0,
30000121,,,,0,,3,Light,0,-1,2.967,36.363,16.0,33396.0,33096.0,300.0,0.0,0.0,,300000000.0,0.0,300000000.0,0.0,1.0,0.0,
50000122,,,,0,,5,Light,0,-1,2.695,36.603,24.0,33908.0,33608.0,300.0,0.0,0.0,,300000000.0,0.0,300000000.0,0.0,1.0,0.0,
122,,,,0,,0,Light,0,-1,2.883,36.607,16.0,33724.0,33424.0,300.0,0.0,0.0,,300000000.0,0.0,300000000.0,0.0,1.0,0.0,
20000122,,,,0,,2,Light,0,-1,3.199,36.619,84.0,33420.0,33120.0,300.0,0.0,0.0,,300000000.0,0.0,300000000.0,0.0,1.0,0.0,
10000122,,,,0,,1,Light,0,-1,2.735,36.623,24.0,33888.0,33588.0,300.0,0.0,0.0,,300000000.0,0.0,300000000.0,0.0,1.0,0.0,
40000122,,,,0,,4,Light,0,-1,2.987,36.651,68.0,33664.0,33364.0,300.0,0.0,0.0,,300000000.0,0.0,300000000.0,0.0,1.0,0.0,
30000122,,,,0,,3,Light,0,-1,2.979,36.663,12.0,33684.0,33384.0,300.0,0.0,0.0,,300000000.0,0.0,300000000.0,0.0,1.0,0.0,
50000123,,,,0,,5,Light,0,-1,2.715,36.903,20.0,34188.0,33888.0,300.0,0.0,0.0,,300000000.0,0.0,300000000.0,0.0,1.0,0.0,
123,,,,0,,0,Light,0,-1,2.947,36.907,64.0,33960.0,33660.0,300.0,0.0,0.0,,300000000.0,0.0,300000000.0,0.0,1.0,0.0,
20000123,,,,0,,2,Light,0,-1,3.203,36.919,4.0,33716.0,33416.0,300.0,0.0,0.0,,300000000.0,0.0,300000000.0,0.0,1.0,0.0,
10000123,,,,0,,1,Light,0,-1,2.759,36.923,24.0,34164.0,33864.0,300.0,0.0,0.0,,300000000.0,0.0,300000000.0,0.0,1.0,0.0,
40000123,,,,0,,4,Light,0,-1,2.991,36.951,4.0,33960.0,33660.0,300.0,0.0,0.0,,300000000.0,0.0,300000000.0,0.0,1.0,0.0,
30000123,,,,0,,3,Light,0,-1,2.999,36.963,20.0,33964.0,33664.0,300.0,0.0,0.0,,300000000.0,0.0,300000000.0,0.0,1.0,0.0,
50000124,,,,0,,5,Light,0,-1,2.731,37.203,16.0,34472.0,34172.0,300.0,0.0,0.0,,300000000.0,0.0,300000000.0,0.0,1.0,0.0,
124,,,,0,,0,Light,0,-1,2.995,37.207,48.0,34212.0,33912.0,300.0,0.0,0.0,,300000000.0,0.0,300000000.0,0.0,1.0,0.0,
20000124,,,,0,,2,Light,0,-1,3.235,37.219,32.0,33984.0,33684.0,300.0,0.0,0.0,,300000000.0,0.0,300000000.0,0.0,1.0,0.0,
10000124,,,,0,,1,Light,0,-1,2.783,37.223,24.0,34440.0,34140.0,300.0,0.0,0.0,,300000000.0,0.0,300000000.0,0.0,1.0,0.0,
40000124,,,,0,,4,Light,0,-1,3.003,37.251,12.0,34248.0,33948.0,300.0,0.0,0.0,,300000000.0,0.0,300000000.0,0.0,1.0,0.0,
30000124,,,,0,,3,Light,0,-1,3.027,37.263,28.0,34236.0,33936.0,300.0,0.0,0.0,,300000000.0,0.0,300000000.0,0.0,1.0,0.0,
50000125,,,,0,,5,Light,0,-1,2.751,37.503,20.0,34752.0,34452.0,300.0,0.0,0.0,,300000000.0,0.0,300000000.0,0.0,1.0,0.0,
125,,,,0,,0,Light,0,-1,3.015,37.507,20.0,34492.0,34192.0,300.0,0.0,0.0,,300000000.0,0.0,300000000.0,0.0,1.0,0.0,
20000125,,,,0,,2,Light,0,-1,3.251,37.519,16.0,34268.0,33968.0,300.0,0.0,0.0,,300000000.0,0.0,300000000.0,0.0,1.0,0.0,
10000125,,,,0,,1,Light,0,-1,2.787,37.523,4.0,34736.0,34436.0,300.0,0.0,0.0,,300000000.0,0.0,300000000.0,0.0,1.0,0.0,
40000125,,,,0,,4,Light,0,-1,3.007,37.551,4.0,34544.0,34244.0,300.0,0.0,0.0,,300000000.0,0.0,300000000.0,0.0,1.0,0.0,
30000125,,,,0,,3,Light,0,-1,3.035,37.563,8.0,34528.0,34228.0,300.0,0.0,0.0,,300000000.0,0.0,300000000.0,0.0,1.0,0.0,
50000126,,,,0,,5,Light,0,-1,2.799,37.803,48.0,35004.0,34704.0,300.0,0.0,0.0,,300000000.0,0.0,300000000.0,0.0,1.0,0.0,
126,,,,0,,0,Light,0,-1,3.019,37.807,4.0,34788.0,34488.0,300.0,0.0,0.0,,300000000.0,0.0,300000000.0,0.0,1.0,0.0,
20000126,,,,0,,2,Light,0,-1,3.307,37.819,56.0,34512.0,34212.0,300.0,0.0,0.0,,300000000.0,0.0,300000000.0,0.0,1.0,0.0,
10000126,,,,0,,1,Light,0,-1,2.791,37.823,4.0,35032.0,34732.0,300.0,0.0,0.0,,300000000.0,0.0,300000000.0,0.0,1.0,0.0,
40000126,,,,0,,4,Light,0,-1,3.107,37.851,100.0,34744.0,34444.0,300.0,0.0,0.0,,300000000.0,0.0,300000000.0,0.0,1.0,0.0,
30000126,,,,0,,3,Light,0,-1,3.051,37.863,16.0,34812.0,34512.0,300.0,0.0,0.0,,300000000.0,0.0,300000000.0,0.0,1.0,0.0,
50000127,,,,0,,5,Light,0,-1,2.807,38.103,8.0,35296.0,34996.0,300.0,0.0,0.0,,300000000.0,0.0,300000000.0,0.0,1.0,0.0,
127,,,,0,,0,Light,0,-1,3.043,38.107,24.0,35064.0,34764.0,300.0,0.0,0.0,,300000000.0,0.0,300000000.0,0.0,1.0,0.0,
20000127,,,,0,,2,Light,0,-1,3.331,38.119,24.0,34788.0,34488.0,300.0,0.0,0.0,,300000000.0,0.0,300000000.0,0.0,1.0,0.0,
10000127,,,,0,,1,Light,0,-1,2.803,38.123,12.0,35320.0,35020.0,300.0,0.0,0.0,,300000000.0,0.0,300000000.0,0.0,1.0,0.0,
40000127,,,,0,,4,Light,0,-1,3.155,38.151,48.0,34996.0,34696.0,300.0,0.0,0.0,,300000000.0,0.0,300000000.0,0.0,1.0,0.0,
30000127,,,,0,,3,Light,0,-1,3.063,38.163,12.0,35100.0,34800.0,300.0,0.0,0.0,,300000000.0,0.0,300000000.0,0.0,1.0,0.0,
50000128,,,,0,,5,Light,0,-1,2.863,38.403,56.0,35540.0,35240.0,300.0,0.0,0.0,,300000000.0,0.0,300000000.0,0.0,1.0,0.0,
128,,,,0,,0,Light,0,-1,3.091,38.407,48.0,35316.0,35016.0,300.0,0.0,0.0,,300000000.0,0.0,300000000.0,0.0,1.0,0.0,
20000128,,,,0,,2,Light,0,-1,3.347,38.419,16.0,35072.0,34772.0,300.0,0.0,0.0,,300000000.0,0.0,300000000.0,0.0,1.0,0.0,
10000128,,,,0,,1,Light,0,-1,2.811,38.423,8.0,35612.0,35312.0,300.0,0.0,0.0,,300000000.0,0.0,300000000.0,0.0,1.0,0.0,
40000128,,,,0,,4,Light,0,-1,3.183,38.451,28.0,35268.0,34968.0,300.0,0.0,0.0,,300000000.0,0.0,300000000.0,0.0,1.0,0.0,
30000128,,,,0,,3,Light,0,-1,3.075,38.463,12.0,35388.0,35088.0,300.0,0.0,0.0,,300000000.0,0.0,300000000.0,0.0,1.0,0.0,
50000129,,,,0,,5,Light,0,-1,2.907,38.703,44.0,35796.0,35496.0,300.0,0.0,0.0,,300000000.0,0.0,300000000.0,0.0,1.0,0.0,
129,,,,0,,0,Light,0,-1,3.099,38.707,8.0,35608.0,35308.0,300.0,0.0,0.0,,300000000.0,0.0,300000000.0,0.0,1.0,0.0,
20000129,,,,0,,2,Light,0,-1,3.363,38.719,16.0,35356.0,35056.0,300.0,0.0,0.0,,300000000.0,0.0,300000000.0,0.0,1.0,0.0,
10000129,,,,0,,1,Light,0,-1,2.847,38.723,36.0,35876.0,35576.0,300.0,0.0,0.0,,300000000.0,0.0,300000000.0,0.0,1.0,0.0,
40000129,,,,0,,4,Light,0,-1,3.211,38.751,28.0,35540.0,35240.0,300.0,0.0,0.0,,300000000.0,0.0,300000000.0,0.0,1.0,0.0,
30000129,,,,0,,3,Light,0,-1,3.083,38.763,8.0,35680.0,35380.0,300.0,0.0,0.0,,300000000.0,0.0,300000000.0,0.0,1.0,0.0,
50000130,,,,0,,5,Light,0,-1,2.911,39.003,4.0,36092.0,35792.0,300.0,0.0,0.0,,300000000.0,0.0,300000000.0,0.0,1.0,0.0,
130,,,,0,,0,Light,0,-1,3.111,39.007,12.0,35896.0,35596.0,300.0,0.0,0.0,,300000000.0,0.0,300000000.0,0.0,1.0,0.0,
20000130,,,,0,,2,Light,0,-1,3.387,39.019,24.0,35632.0,35332.0,300.0,0.0,0.0,,300000000.0,0.0,300000000.0,0.0,1.0,0.0,
10000130,,,,0,,1,Light,0,-1,2.923,39.023,76.0,36100.0,35800.0,300.0,0.0,0.0,,300000000.0,0.0,300000000.0,0.0,1.0,0.0,
40000130,,,,0,,4,Light,0,-1,3.215,39.051,4.0,35836.0,35536.0,300.0,0.0,0.0,,300000000.0,0.0,300000000.0,0.0,1.0,0.0,
30000130,,,,0,,3,Light,0,-1,3.095,39.063,12.0,35968.0,35668.0,300.0,0.0,0.0,,300000000.0,0.0,300000000.0,0.0,1.0,0.0,
50000131,,,,0,,5,Light,0,-1,2.959,39.303,48.0,36344.0,36044.0,300.0,0.0,0.0,,300000000.0,0.0,300000000.0,0.0,1.0,0.0,
131,,,,0,,0,Light,0,-1,3.127,39.307,16.0,36180.0,35880.0,300.0,0.0,0.0,,300000000.0,0.0,300000000.0,0.0,1.0,0.0,
20000131,,,,0,,2,Light,0,-1,3.427,39.319,40.0,35892.0,35592.0,300.0,0.0,0.0,,300000000.0,0.0,300000000.0,0.0,1.0,0.0,
10000131,,,,0,,1,Light,0,-1,2.931,39.323,8.0,36392.0,36092.0,300.0,0.0,0.0,,300000000.0,0.0,300000000.0,0.0,1.0,0.0,
40000131,,,,0,,4,Light,0,-1,3.243,39.351,28.0,36108.0,35808.0,300.0,0.0,0.0,,300000000.0,0.0,300000000.0,0.0,1.0,0.0,
30000131,,,,0,,3,Light,0,-1,3.171,39.363,76.0,36192.0,35892.0,300.0,0.0,0.0,,300000000.0,0.0,300000000.0,0.0,1.0,0.0,
50000132,,,,0,,5,Light,0,-1,2.963,39.603,4.0,36640.0,36340.0,300.0,0.0,0.0,,300000000.0,0.0,300000000.0,0.0,1.0,0.0,
132,,,,0,,0,Light,0,-1,3.135,39.607,8.0,36472.0,36172.0,300.0,0.0,0.0,,300000000.0,0.0,300000000.0,0.0,1.0,0.0,
20000132,,,,0,,2,Light,0,-1,3.459,39.619,32.0,36160.0,35860.0,300.0,0.0,0.0,,300000000.0,0.0,300000000.0,0.0,1.0,0.0,
10000132,,,,0,,1,Light,0,-1,2.975,39.623,44.0,36648.0,36348.0,300.0,0.0,0.0,,300000000.0,0.0,300000000.0,0.0,1.0,0.0,
40000132,,,,0,,4,Light,0,-1,3.255,39.651,12.0,36396.0,36096.0,300.0,0.0,0.0,,300000000.0,0.0,300000000.0,0.0,1.0,0.0,
30000132,,,,0,,3,Light,0,-1,3.191,39.663,20.0,36472.0,36172.0,300.0,0.0,0.0,,300000000.0,0.0,300000000.0,0.0,1.0,0.0,
50000133,,,,0,,5,Light,0,-1,2.971,39.903,8.0,36932.0,36632.0,300.0,0.0,0.0,,300000000.0,0.0,300000000.0,0.0,1.0,0.0,
133,,,,0,,0,Light,0,-1,3.139,39.907,4.0,36768.0,36468.0,300.0,0.0,0.0,,300000000.0,0.0,300000000.0,0.0,1.0,0.0,
20000133,,,,0,,2,Light,0,-1,3.463,39.919,4.0,36456.0,36156.0,300.0,0.0,0.0,,300000000.0,0.0,300000000.0,0.0,1.0,0.0,
10000133,,,,0,,1,Light,0,-1,2.983,39.923,8.0,36940.0,36640.0,300.0,0.0,0.0,,300000000.0,0.0,300000000.0,0.0,1.0,0.0,
40000133,,,,0,,4,Light,0,-1,3.283,39.951,28.0,36668.0,36368.0,300.0,0.0,0.0,,300000000.0,0.0,300000000.0,0.0,1.0,0.0,
30000133,,,,0,,3,Light,0,-1,3.263,39.963,72.0,36700.0,36400.0,300.0,0.0,0.0,,300000000.0,0.0,300000000.0,0.0,1.0,0.0,
50000134,,,,0,,5,Light,0,-1,3.011,40.203,40.0,37192.0,36892.0,300.0,0.0,0.0,,300000000.0,0.0,300000000.0,0.0,1.0,0.0,
134,,,,0,,0,Light,0,-1,3.151,40.207,12.0,37056.0,36756.0,300.0,0.0,0.0,,300000000.0,0.0,300000000.0,0.0,1.0,0.0,
20000134,,,,0,,2,Light,0,-1,3.475,40.219,12.0,36744.0,36444.0,300.0,0.0,0.0,,300000000.0,0.0,300000000.0,0.0,1.0,0.0,
10000134,,,,0,,1,Light,0,-1,3.031,40.223,48.0,37192.0,36892.0,300.0,0.0,0.0,,300000000.0,0.0,300000000.0,0.0,1.0,0.0,
40000134,,,,0,,4,Light,0,-1,3.315,40.251,32.0,36936.0,36636.0,300.0,0.0,0.0,,300000000.0,0.0,300000000.0,0.0,1.0,0.0,
30000134,,,,0,,3,Light,0,-1,3.267,40.263,4.0,36996.0,36696.0,300.0,0.0,0.0,,300000000.0,0.0,300000000.0,0.0,1.0,0.0,
50000135,,,,0,,5,Light,0,-1,3.023,40.503,12.0,37480.0,37180.0,300.0,0.0,0.0,,300000000.0,0.0,300000000.0,0.0,1.0,0.0,
135,,,,0,,0,Light,0,-1,3.179,40.507,28.0,37328.0,37028.0,300.0,0.0,0.0,,300000000.0,0.0,300000000.0,0.0,1.0,0.0,
20000135,,,,0,,2,Light,0,-1,3.507,40.519,32.0,37012.0,36712.0,300.0,0.0,0.0,,300000000.0,0.0,300000000.0,0.0,1.0,0.0,
10000135,,,,0,,1,Light,0,-1,3.039,40.523,8.0,37484.0,37184.0,300.0,0.0,0.0,,300000000.0,0.0,300000000.0,0.0,1.0,0.0,
40000135,,,,0,,4,Light,0,-1,3.323,40.551,8.0,37228.0,36928.0,300.0,0.0,0.0,,300000000.0,0.0,300000000.0,0.0,1.0,0.0,
30000135,,,,0,,3,Light,0,-1,3.339,40.563,72.0,37224.0,36924.0,300.0,0.0,0.0,,300000000.0,0.0,300000000.0,0.0,1.0,0.0,
50000136,,,,0,,5,Light,0,-1,3.103,40.803,80.0,37700.0,37400.0,300.0,0.0,0.0,,300000000.0,0.0,300000000.0,0.0,1.0,0.0,
136,,,,0,,0,Light,0,-1,3.227,40.807,48.0,37580.0,37280.0,300.0,0.0,0.0,,300000000.0,0.0,300000000.0,0.0,1.0,0.0,
20000136,,,,0,,2,Light,0,-1,3.519,40.819,12.0,37300.0,37000.0,300.0,0.0,0.0,,300000000.0,0.0,300000000.0,0.0,1.0,0.0,
10000136,,,,0,,1,Light,0,-1,3.059,40.823,20.0,37764.0,37464.0,300.0,0.0,0.0,,300000000.0,0.0,300000000.0,0.0,1.0,0.0,
40000136,,,,0,,4,Light,0,-1,3.335,40.851,12.0,37516.0,37216.0,300.0,0.0,0.0,,300000000.0,0.0,300000000.0,0.0,1.0,0.0,
30000136,,,,0,,3,Light,0,-1,3.371,40.863,32.0,37492.0,37192.0,300.0,0.0,0.0,,300000000.0,0.0,300000000.0,0.0,1.0,0.0,
50000137,,,,0,,5,Light,0,-1,3.123,41.103,20.0,37980.0,37680.0,300.0,0.0,0.0,,300000000.0,0.0,300000000.0,0.0,1.0,0.0,
137,,,,0,,0,Light,0,-1,3.239,41.107,12.0,37868.0,37568.0,300.0,0.0,0.0,,300000000.0,0.0,300000000.0,0.0,1.0,0.0,
20000137,,,,0,,2,Light,0,-1,3.535,41.119,16.0,37584.0,37284.0,300.0,0.0,0.0,,300000000.0,0.0,300000000.0,0.0,1.0,0.0,
10000137,,,,0,,1,Light,0,-1,3.119,41.123,60.0,38004.0,37704.0,300.0,0.0,0.0,,300000000.0,0.0,300000000.0,0.0,1.0,0.0,
40000137,,,,0,,4,Light,0,-1,3.355,41.151,20.0,37796.0,37496.0,300.0,0.0,0.0,,300000000.0,0.0,300000000.0,0.0,1.0,0.0,
30000137,,,,0,,3,Light,0,-1,3.375,41.163,4.0,37788.0,37488.0,300.0,0.0,0.0,,300000000.0,0.0,300000000.0,0.0,1.0,0.0,
50000138,,,,0,,5,Light,0,-1,3.131,41.403,8.0,38272.0,37972.0,300.0,0.0,0.0,,300000000.0,0.0,300000000.0,0.0,1.0,0.0,
138,,,,0,,0,Light,0,-1,3.247,41.407,8.0,38160.0,37860.0,300.0,0.0,0.0,,300000000.0,0.0,300000000.0,0.0,1.0,0.0,
20000138,,,,0,,2,Light,0,-1,3.539,41.419,4.0,37880.0,37580.0,300.0,0.0,0.0,,300000000.0,0.0,300000000.0,0.0,1.0,0.0,
10000138,,,,0,,1,Light,0,-1,3.143,41.423,24.0,38280.0,37980.0,300.0,0.0,0.0,,300000000.0,0.0,300000000.0,0.0,1.0,0.0,
40000138,,,,0,,4,Light,0,-1,3.419,41.451,64.0,38032.0,37732.0,300.0,0.0,0.0,,300000000.0,0.0,300000000.0,0.0,1.0,0.0,
30000138,,,,0,,3,Light,0,-1,3.383,41.463,8.0,38080.0,37780.0,300.0,0.0,0.0,,300000000.0,0.0,300000000.0,0.0,1.0,0.0,
50000139,,,,0,,5,Light,0,-1,3.175,41.703,44.0,38528.0,38228.0,300.0,0.0,0.0,,300000000.0,0.0,300000000.0,0.0,1.0,0.0,
139,,,,0,,0,Light,0,-1,3.279,41.707,32.0,38428.0,38128.0,300.0,0.0,0.0,,300000000.0,0.0,300000000.0,0.0,1.0,0.0,
20000139,,,,0,,2,Light,0,-1,3.543,41.719,4.0,38176.0,37876.0,300.0,0.0,0.0,,300000000.0,0.0,300000000.0,0.0,1.0,0.0,
10000139,,,,0,,1,Light,0,-1,3.147,41.723,4.0,38576.0,38276.0,300.0,0.0,0.0,,300000000.0,0.0,300000000.0,0.0,1.0,0.0,
40000139,,,,0,,4,Light,0,-1,3.431,41.751,12.0,38320.0,38020.0,300.0,0.0,0.0,,300000000.0,0.0,300000000.0,0.0,1.0,0.0,
30000139,,,,0,,3,Light,0,-1,3.395,41.763,12.0,38368.0,38068.0,300.0,0.0,0.0,,300000000.0,0.0,300000000.0,0.0,1.0,0.0,
50000140,,,,0,,5,Light,0,-1,3.195,42.003,20.0,38808.0,38508.0,300.0,0.0,0.0,,300000000.0,0.0,300000000.0,0.0,1.0,0.0,
140,,,,0,,0,Light,0,-1,3.299,42.007,20.0,38708.0,38408.0,300.0,0.0,0.0,,300000000.0,0.0,300000000.0,0.0,1.0,0.0,
20000140,,,,0,,2,Light,0,-1,3.547,42.019,4.0,38472.0,38172.0,300.0,0.0,0.0,,300000000.0,0.0,300000000.0,0.0,1.0,0.0,
10000140,,,,0,,1,Light,0,-1,3.159,42.023,12.0,38864.0,38564.0,300.0,0.0,0.0,,300000000.0,0.0,300000000.0,0.0,1.0,0.0,
40000140,,,,0,,4,Light,0,-1,3.435,42.051,4.0,38616.0,38316.0,300.0,0.0,0.0,,300000000.0,0.0,300000000.0,0.0,1.0,0.0,
30000140,,,,0,,3,Light,0,-1,3.407,42.063,12.0,38656.0,38356.0,300.0,0.0,0.0,,300000000.0,0.0,300000000.0,0.0,1.0,0.0,
50000141,,,,0,,5,Light,0,-1,3.219,42.303,24.0,39084.0,38784.0,300.0,0.0,0.0,,300000000.0,0.0,300000000.0,0.0,1.0,0.0,
141,,,,0,,0,Light,0,-1,3.319,42.307,20.0,38988.0,38688.0,300.0,0.0,0.0,,300000000.0,0.0,300000000.0,0.0,1.0,0.0,
20000141,,,,0,,2,Light,0,-1,3.559,42.319,12.0,38760.0,38460.0,300.0,0.0,0.0,,300000000.0,0.0,300000000.0,0.0,1.0,0.0,
10000141,,,,0,,1,Light,0,-1,3.163,42.323,4.0,39160.0,38860.0,300.0,0.0,0.0,,300000000.0,0.0,300000000.0,0.0,1.0,0.0,
40000141,,,,0,,4,Light,0,-1,3.455,42.351,20.0,38896.0,38596.0,300.0,0.0,0.0,,300000000.0,0.0,300000000.0,0.0,1.0,0.0,
30000141,,,,0,,3,Light,0,-1,3.439,42.363,32.0,38924.0,38624.0,300.0,0.0,0.0,,300000000.0,0.0,300000000.0,0.0,1.0,0.0,
50000142,,,,0,,5,Light,0,-1,3.223,42.603,4.0,39380.0,39080.0,300.0,0.0,0.0,,300000000.0,0.0,300000000.0,0.0,1.0,0.0,
142,,,,0,,0,Light,0,-1,3.327,42.607,8.0,39280.0,38980.0,300.0,0.0,0.0,,300000000.0,0.0,300000000.0,0.0,1.0,0.0,
20000142,,,,0,,2,Light,0,-1,3.639,42.619,80.0,38980.0,38680.0,300.0,0.0,0.0,,300000000.0,0.0,300000000.0,0.0,1.0,0.0,
10000142,,,,0,,1,Light,0,-1,3.167,42.623,4.0,39456.0,39156.0,300.0,0.0,0.0,,300000000.0,0.0,300000000.0,0.0,1.0,0.0,
40000142,,,,0,,4,Light,0,-1,3.491,42.651,36.0,39160.0,38860.0,300.0,0.0,0.0,,300000000.0,0.0,300000000.0,0.0,1.0,0.0,
30000142,,,,0,,3,Light,0,-1,3.443,42.663,4.0,39220.0,38920.0,300.0,0.0,0.0,,300000000.0,0.0,300000000.0,0.0,1.0,0.0,
50000143,,,,0,,5,Light,0,-1,3.259,42.903,36.0,39644.0,39344.0,300.0,0.0,0.0,,300000000.0,0.0,300000000.0,0.0,1.0,0.0,
143,,,,0,,0,Light,0,-1,3.351,42.907,24.0,39556.0,39256.0,300.0,0.0,0.0,,300000000.0,0.0,300000000.0,0.0,1.0,0.0,
20000143,,,,0,,2,Light,0,-1,3.659,42.919,20.0,39260.0,38960.0,300.0,0.0,0.0,,300000000.0,0.0,300000000.0,0.0,1.0,0.0,
10000143,,,,0,,1,Light,0,-1,3.187,42.923,20.0,39736.0,39436.0,300.0,0.0,0.0,,300000000.0,0.0,300000000.0,0.0,1.0,0.0,
40000143,,,,0,,4,Light,0,-1,3.495,42.951,4.0,39456.0,39156.0,300.0,0.0,0.0,,300000000.0,0.0,300000000.0,0.0,1.0,0.0,
30000143,,,,0,,3,Light,0,-1,3.447,42.963,4.0,39516.0,39216.0,300.0,0.0,0.0,,300000000.0,0.0,300000000.0,0.0,1.0,0.0,
50000144,,,,0,,5,Light,0,-1,3.271,43.203,12.0,39932.0,39632.0,300.0,0.0,0.0,,300000000.0,0.0,300000000.0,0.0,1.0,0.0,
144,,,,0,,0,Light,0,-1,3.367,43.207,16.0,39840.0,39540.0,300.0,0.0,0.0,,300000000.0,0.0,300000000.0,0.0,1.0,0.0,
20000144,,,,0,,2,Light,0,-1,3.671,43.219,12.0,39548.0,39248.0,300.0,0.0,0.0,,300000000.0,0.0,300000000.0,0.0,1.0,0.0,
10000144,,,,0,,1,Light,0,-1,3.207,43.223,20.0,40016.0,39716.0,300.0,0.0,0.0,,300000000.0,0.0,300000000.0,0.0,1.0,0.0,
40000144,,,,0,,4,Light,0,-1,3.551,43.251,56.0,39700.0,39400.0,300.0,0.0,0.0,,300000000.0,0.0,300000000.0,0.0,1.0,0.0,
30000144,,,,0,,3,Light,0,-1,3.479,43.263,32.0,39784.0,39484.0,300.0,0.0,0.0,,300000000.0,0.0,300000000.0,0.0,1.0,0.0,
50000145,,,,0,,5,Light,0,-1,3.287,43.503,16.0,40216.0,39916.0,300.0,0.0,0.0,,300000000.0,0.0,300000000.0,0.0,1.0,0.0,
145,,,,0,,0,Light,0,-1,3.379,43.507,12.0,40128.0,39828.0,300.0,0.0,0.0,,300000000.0,0.0,300000000.0,0.0,1.0,0.0,
20000145,,,,0,,2,Light,0,-1,3.687,43.519,16.0,39832.0,39532.0,300.0,0.0,0.0,,300000000.0,0.0,300000000.0,0.0,1.0,0.0,
10000145,,,,0,,1,Light,0,-1,3.231,43.523,24.0,40292.0,39992.0,300.0,0.0,0.0,,300000000.0,0.0,300000000.0,0.0,1.0,0.0,
40000145,,,,0,,4,Light,0,-1,3.563,43.551,12.0,39988.0,39688.0,300.0,0.0,0.0,,300000000.0,0.0,300000000.0,0.0,1.0,0.0,
30000145,,,,0,,3,Light,0,-1,3.487,43.563,8.0,40076.0,39776.0,300.0,0.0,0.0,,300000000.0,0.0,300000000.0,0.0,1.0,0.0,
50000146,,,,0,,5,Light,0,-1,3.291,43.803,4.0,40512.0,40212.0,300.0,0.0,0.0,,300000000.0,0.0,300000000.0,0.0,1.0,0.0,
146,,,,0,,0,Light,0,-1,3.471,43.807,92.0,40336.0,40036.0,300.0,0.0,0.0,,300000000.0,0.0,300000000.0,0.0,1.0,0.0,
20000146,,,,0,,2,Light,0,-1,3.703,43.819,16.0,40116.0,39816.0,300.0,0.0,0.0,,300000000.0,0.0,300000000.0,0.0,1.0,0.0,
10000146,,,,0,,1,Light,0,-1,3.275,43.823,44.0,40548.0,40248.0,300.0,0.0,0.0,,300000000.0,0.0,300000000.0,0.0,1.0,0.0,
40000146,,,,0,,4,Light,0,-1,3.571,43.851,8.0,40280.0,39980.0,300.0,0.0,0.0,,300000000.0,0.0,300000000.0,0.0,1.0,0.0,
30000146,,,,0,,3,Light,0,-1,3.503,43.863,16.0,40360.0,40060.0,300.0,0.0,0.0,,300000000.0,0.0,300000000.0,0.0,1.0,0.0,
50000147,,,,0,,5,Light,0,-1,3.303,44.103,12.0,40800.0,40500.0,300.0,0.0,0.0,,300000000.0,0.0,300000000.0,0.0,1.0,0.0,
147,,,,0,,0,Light,0,-1,3.511,44.107,40.0,40596.0,40296.0,300.0,0.0,0.0,,300000000.0,0.0,300000000.0,0.0,1.0,0.0,
20000147,,,,0,,2,Light,0,-1,3.707,44.119,4.0,40412.0,40112.0,300.0,0.0,0.0,,300000000.0,0.0,300000000.0,0.0,1.0,0.0,
10000147,,,,0,,1,Light,0,-1,3.295,44.123,20.0,40828.0,40528.0,300.0,0.0,0.0,,300000000.0,0.0,300000000.0,0.0,1.0,0.0,
40000147,,,,0,,4,Light,0,-1,3.599,44.151,28.0,40552.0,40252.0,300.0,0.0,0.0,,300000000.0,0.0,300000000.0,0.0,1.0,0.0,
30000147,,,,0,,3,Light,0,-1,3.515,44.163,12.0,40648.0,40348.0,300.0,0.0,0.0,,300000000.0,0.0,300000000.0,0.0,1.0,0.0,
50000148,,,,0,,5,Light,0,-1,3.311,44.403,8.0,41092.0,40792.0,300.0,0.0,0.0,,300000000.0,0.0,300000000.0,0.0,1.0,0.0,
148,,,,0,,0,Light,0,-1,3.567,44.407,56.0,40840.0,40540.0,300.0,0.0,0.0,,300000000.0,0.0,300000000.0,0.0,1.0,0.0,
20000148,,,,0,,2,Light,0,-1,3.719,44.419,12.0,40700.0,40400.0,300.0,0.0,0.0,,300000000.0,0.0,300000000.0,0.0,1.0,0.0,
10000148,,,,0,,1,Light,0,-1,3.403,44.423,108.0,41020.0,40720.0,300.0,0.0,0.0,,300000000.0,0.0,300000000.0,0.0,1.0,0.0,
40000148,,,,0,,4,Light,0,-1,3.667,44.451,68.0,40784.0,40484.0,300.0,0.0,0.0,,300000000.0,0.0,300000000.0,0.0,1.0,0.0,
30000148,,,,0,,3,Light,0,-1,3.527,44.463,12.0,40936.0,40636.0,300.0,0.0,0.0,,300000000.0,0.0,300000000.0,0.0,1.0,0.0,
50000149,,,,0,,5,Light,0,-1,3.343,44.703,32.0,41360.0,41060.0,300.0,0.0,0.0,,300000000.0,0.0,300000000.0,0.0,1.0,0.0,
149,,,,0,,0,Light,0,-1,3.579,44.707,12.0,41128.0,40828.0,300.0,0.0,0.0,,300000000.0,0.0,300000000.0,0.0,1.0,0.0,
20000149,,,,0,,2,Light,0,-1,3.723,44.719,4.0,40996.0,40696.0,300.0,0.0,0.0,,300000000.0,0.0,300000000.0,0.0,1.0,0.0,
10000149,,,,0,,1,Light,0,-1,3.411,44.723,8.0,41312.0,41012.0,300.0,0.0,0.0,,300000000.0,0.0,300000000.0,0.0,1.0,0.0,
40000149,,,,0,,4,Light,0,-1,3.679,44.751,12.0,41072.0,40772.0,300.0,0.0,0.0,,300000000.0,0.0,300000000.0,0.0,1.0,0.0,
30000149,,,,0,,3,Light,0,-1,3.591,44.763,64.0,41172.0,40872.0,300.0,0.0,0.0,,300000000.0,0.0,300000000.0,0.0,1.0,0.0,
50000150,,,,0,,5,Light,0,-1,3.359,45.003,16.0,41644.0,41344.0,300.0,0.0,0.0,,300000000.0,0.0,300000000.0,0.0,1.0,0.0,
150,,,,0,,0,Light,0,-1,3.631,45.007,52.0,41376.0,41076.0,300.0,0.0,0.0,,300000000.0,0.0,300000000.0,0.0,1.0,0.0,
20000150,,,,0,,2,Light,0,-1,3.727,45.019,4.0,41292.0,40992.0,300.0,0.0,0.0,,300000000.0,0.0,300000000.0,0.0,1.0,0.0,
10000150,,,,0,,1,Light,0,-1,3.467,45.023,56.0,41556.0,41256.0,300.0,0.0,0.0,,300000000.0,0.0,300000000.0,0.0,1.0,0.0,
40000150,,,,0,,4,Light,0,-1,3.683,45.051,4.0,41368.0,41068.0,300.0,0.0,0.0,,300000000.0,0.0,300000000.0,0.0,1.0,0.0,
30000150,,,,0,,3,Light,0,-1,3.595,45.063,4.0,41468.0,41168.0,300.0,0.0,0.0,,300000000.0,0.0,300000000.0,0.0,1.0,0.0,
50000151,,,,0,,5,Light,0,-1,3.391,45.303,32.0,41912.0,41612.0,300.0,0.0,0.0,,300000000.0,0.0,300000000.0,0.0,1.0,0.0,
151,,,,0,,0,Light,0,-1,3.635,45.307,4.0,41672.0,41372.0,300.0,0.0,0.0,,300000000.0,0.0,300000000.0,0.0,1.0,0.0,
20000151,,,,0,,2,Light,0,-1,3.747,45.319,20.0,41572.0,41272.0,300.0,0.0,0.0,,300000000.0,0.0,300000000.0,0.0,1.0,0.0,
10000151,,,,0,,1,Light,0,-1,3.483,45.323,16.0,41840.0,41540.0,300.0,0.0,0.0,,300000000.0,0.0,300000000.0,0.0,1.0,0.0,
40000151,,,,0,,4,Light,0,-1,3.699,45.351,16.0,41652.0,41352.0,300.0,0.0,0.0,,300000000.0,0.0,300000000.0,0.0,1.0,0.0,
30000151,,,,0,,3,Light,0,-1,3.611,45.363,16.0,41752.0,41452.0,300.0,0.0,0.0,,300000000.0,0.0,300000000.0,0.0,1.0,0.0,
50000152,,,,0,,5,Light,0,-1,3.399,45.603,8.0,42204.0,41904.0,300.0,0.0,0.0,,300000000.0,0.0,300000000.0,0.0,1.0,0.0,
152,,,,0,,0,Light,0,-1,3.735,45.607,100.0,41872.0,41572.0,300.0,0.0,0.0,,300000000.0,0.0,300000000.0,0.0,1.0,0.0,
20000152,,,,0,,2,Light,0,-1,3.787,45.619,40.0,41832.0,41532.0,300.0,0.0,0.0,,300000000.0,0.0,300000000.0,0.0,1.0,0.0,
10000152,,,,0,,1,Light,0,-1,3.523,45.623,40.0,42100.0,41800.0,300.0,0.0,0.0,,300000000.0,0.0,300000000.0,0.0,1.0,0.0,
40000152,,,,0,,4,Light,0,-1,3.759,45.651,60.0,41892.0,41592.0,300.0,0.0,0.0,,300000000.0,0.0,300000000.0,0.0,1.0,0.0,
30000152,,,,0,,3,Light,0,-1,3.623,45.663,12.0,42040.0,41740.0,300.0,0.0,0.0,,300000000.0,0.0,300000000.0,0.0,1.0,0.0,
50000153,,,,0,,5,Light,0,-1,3.415,45.903,16.0,42488.0,42188.0,300.0,0.0,0.0,,300000000.0,0.0,300000000.0,0.0,1.0,0.0,
153,,,,0,,0,Light,0,-1,3.751,45.907,16.0,42156.0,41856.0,300.0,0.0,0.0,,300000000.0,0.0,300000000.0,0.0,1.0,0.0,
20000153,,,,0,,2,Light,0,-1,3.807,45.919,20.0,42112.0,41812.0,300.0,0.0,0.0,,300000000.0,0.0,300000000.0,0.0,1.0,0.0,
10000153,,,,0,,1,Light,0,-1,3.531,45.923,8.0,42392.0,42092.0,300.0,0.0,0.0,,300000000.0,0.0,300000000.0,0.0,1.0,0.0,
40000153,,,,0,,4,Light,0,-1,3.795,45.951,36.0,42156.0,41856.0,300.0,0.0,0.0,,300000000.0,0.0,300000000.0,0.0,1.0,0.0,
30000153,,,,0,,3,Light,0,-1,3.627,45.963,4.0,42336.0,42036.0,300.0,0.0,0.0,,300000000.0,0.0,300000000.0,0.0,1.0,0.0,
50000154,,,,0,,5,Light,0,-1,3.423,46.203,8.0,42780.0,42480.0,300.0,0.0,0.0,,300000000.0,0.0,300000000.0,0.0,1.0,0.0,
154,,,,0,,0,Light,0,-1,3.811,46.207,60.0,42396.0,42096.0,300.0,0.0,0.0,,300000000.0,0.0,300000000.0,0.0,1.0,0.0,
20000154,,,,0,,2,Light,0,-1,3.819,46.219,12.0,42400.0,42100.0,300.0,0.0,0.0,,300000000.0,0.0,300000000.0,0.0,1.0,0.0,
10000154,,,,0,,1,Light,0,-1,3.575,46.223,44.0,42648.0,42348.0,300.0,0.0,0.0,,300000000.0,0.0,300000000.0,0.0,1.0,0.0,
40000154,,,,0,,4,Light,0,-1,3.799,46.251,4.0,42452.0,42152.0,300.0,0.0,0.0,,300000000.0,0.0,300000000.0,0.0,1.0,0.0,
30000154,,,,0,,3,Light,0,-1,3.647,46.263,20.0,42616.0,42316.0,300.0,0.0,0.0,,300000000.0,0.0,300000000.0,0.0,1.0,0.0,
50000155,,,,0,,5,Light,0,-1,3.451,46.503,28.0,43052.0,42752.0,300.0,0.0,0.0,,300000000.0,0.0,300000000.0,0.0,1.0,0.0,
155,,,,0,,0,Light,0,-1,3.839,46.507,28.0,42668.0,42368.0,300.0,0.0,0.0,,300000000.0,0.0,300000000.0,0.0,1.0,0.0,
20000155,,,,0,,2,Light,0,-1,3.827,46.519,8.0,42692.0,42392.0,300.0,0.0,0.0,,300000000.0,0.0,300000000.0,0.0,1.0,0.0,
10000155,,,,0,,1,Light,0,-1,3.583,46.523,8.0,42940.0,42640.0,300.0,0.0,0.0,,300000000.0,0.0,300000000.0,0.0,1.0,0.0,
40000155,,,,0,,4,Light,0,-1,3.803,46.551,4.0,42748.0,42448.0,300.0,0.0,0.0,,300000000.0,0.0,300000000.0,0.0,1.0,0.0,
30000155,,,,0,,3,Light,0,-1,3.675,46.563,28.0,42888.0,42588.0,300.0,0.0,0.0,,300000000.0,0.0,300000000.0,0.0,1.0,0.0,
50000156,,,,0,,5,Light,0,-1,3.499,46.803,48.0,43304.0,43004.0,300.0,0.0,0.0,,300000000.0,0.0,300000000.0,0.0,1.0,0.0,
156,,,,0,,0,Light,0,-1,3.859,46.807,20.0,42948.0,42648.0,300.0,0.0,0.0,,300000000.0,0.0,300000000.0,0.0,1.0,0.0,
20000156,,,,0,,2,Light,0,-1,3.835,46.819,8.0,42984.0,42684.0,300.0,0.0,0.0,,300000000.0,0.0,300000000.0,0.0,1.0,0.0,
10000156,,,,0,,1,Light,0,-1,3.603,46.823,20.0,43220.0,42920.0,300.0,0.0,0.0,,300000000.0,0.0,300000000.0,0.0,1.0,0.0,
40000156,,,,0,,4,Light,0,-1,3.847,46.851,44.0,43004.0,42704.0,300.0,0.0,0.0,,300000000.0,0.0,300000000.0,0.0,1.0,0.0,
30000156,,,,0,,3,Light,0,-1,3.691,46.863,16.0,43172.0,42872.0,300.0,0.0,0.0,,300000000.0,0.0,300000000.0,0.0,1.0,0.0,
50000157,,,,0,,5,Light,0,-1,3.555,47.103,56.0,43548.0,43248.0,300.0,0.0,0.0,,300000000.0,0.0,300000000.0,0.0,1.0,0.0,
157,,,,0,,0,Light,0,-1,3.863,47.107,4.0,43244.0,42944.0,300.0,0.0,0.0,,300000000.0,0.0,300000000.0,0.0,1.0,0.0,
20000157,,,,0,,2,Light,0,-1,3.855,47.119,20.0,43264.0,42964.0,300.0,0.0,0.0,,300000000.0,0.0,300000000.0,0.0,1.0,0.0,
10000157,,,,0,,1,Light,0,-1,3.643,47.123,40.0,43480.0,43180.0,300.0,0.0,0.0,,300000000.0,0.0,300000000.0,0.0,1.0,0.0,
40000157,,,,0,,4,Light,0,-1,3.867,47.151,20.0,43284.0,42984.0,300.0,0.0,0.0,,300000000.0,0.0,300000000.0,0.0,1.0,0.0,
30000157,,,,0,,3,Light,0,-1,3.715,47.163,24.0,43448.0,43148.0,300.0,0.0,0.0,,300000000.0,0.0,300000000.0,0.0,1.0,0.0,
50000158,,,,0,,5,Light,0,-1,3.587,47.403,32.0,43816.0,43516.0,300.0,0.0,0.0,,300000000.0,0.0,300000000.0,0.0,1.0,0.0,
158,,,,0,,0,Light,0,-1,3.891,47.407,28.0,43516.0,43216.0,300.0,0.0,0.0,,300000000.0,0.0,300000000.0,0.0,1.0,0.0,
20000158,,,,0,,2,Light,0,-1,3.871,47.419,16.0,43548.0,43248.0,300.0,0.0,0.0,,300000000.0,0.0,300000000.0,0.0,1.0,0.0,
10000158,,,,0,,1,Light,0,-1,3.655,47.423,12.0,43768.0,43468.0,300.0,0.0,0.0,,300000000.0,0.0,300000000.0,0.0,1.0,0.0,
40000158,,,,0,,4,Light,0,-1,3.899,47.451,32.0,43552.0,43252.0,300.0,0.0,0.0,,300000000.0,0.0,300000000.0,0.0,1.0,0.0,
30000158,,,,0,,3,Light,0,-1,3.783,47.463,68.0,43680.0,43380.0,300.0,0.0,0.0,,300000000.0,0.0,300000000.0,0.0,1.0,0.0,
50000159,,,,0,,5,Light,0,-1,3.607,47.703,20.0,44096.0,43796.0,300.0,0.0,0.0,,300000000.0,0.0,300000000.0,0.0,1.0,0.0,
159,,,,0,,0,Light,0,-1,3.895,47.707,4.0,43812.0,43512.0,300.0,0.0,0.0,,300000000.0,0.0,300000000.0,0.0,1.0,0.0,
20000159,,,,0,,2,Light,0,-1,3.903,47.719,32.0,43816.0,43516.0,300.0,0.0,0.0,,300000000.0,0.0,300000000.0,0.0,1.0,0.0,
10000159,,,,0,,1,Light,0,-1,3.731,47.723,76.0,43992.0,43692.0,300.0,0.0,0.0,,300000000.0,0.0,300000000.0,0.0,1.0,0.0,
40000159,,,,0,,4,Light,0,-1,3.959,47.751,60.0,43792.0,43492.0,300.0,0.0,0.0,,300000000.0,0.0,300000000.0,0.0,1.0,0.0,
30000159,,,,0,,3,Light,0,-1,3.887,47.763,104.0,43876.0,43576.0,300.0,0.0,0.0,,300000000.0,0.0,300000000.0,0.0,1.0,0.0,
50000160,,,,0,,5,Light,0,-1,3.615,48.003,8.0,44388.0,44088.0,300.0,0.0,0.0,,300000000.0,0.0,300000000.0,0.0,1.0,0.0,
160,,,,0,,0,Light,0,-1,3.927,48.007,32.0,44080.0,43780.0,300.0,0.0,0.0,,300000000.0,0.0,300000000.0,0.0,1.0,0.0,
20000160,,,,0,,2,Light,0,-1,3.919,48.019,16.0,44100.0,43800.0,300.0,0.0,0.0,,300000000.0,0.0,300000000.0,0.0,1.0,0.0,
10000160,,,,0,,1,Light,0,-1,3.743,48.023,12.0,44280.0,43980.0,300.0,0.0,0.0,,300000000.0,0.0,300000000.0,0.0,1.0,0.0,
40000160,,,,0,,4,Light,0,-1,3.983,48.051,24.0,44068.0,43768.0,300.0,0.0,0.0,,300000000.0,0.0,300000000.0,0.0,1.0,0.0,
30000160,,,,0,,3,Light,0,-1,3.907,48.063,20.0,44156.0,43856.0,300.0,0.0,0.0,,300000000.0,0.0,300000000.0,0.0,1.0,0.0,
50000161,,,,0,,5,Light,0,-1,3.619,48.303,4.0,44684.0,44384.0,300.0,0.0,0.0,,300000000.0,0.0,300000000.0,0.0,1.0,0.0,
161,,,,0,,0,Light,0,-1,3.939,48.307,12.0,44368.0,44068.0,300.0,0.0,0.0,,300000000.0,0.0,300000000.0,0.0,1.0,0.0,
20000161,,,,0,,2,Light,0,-1,3.931,48.319,12.0,44388.0,44088.0,300.0,0.0,0.0,,300000000.0,0.0,300000000.0,0.0,1.0,0.0,
10000161,,,,0,,1,Light,0,-1,3.767,48.323,24.0,44556.0,44256.0,300.0,0.0,0.0,,300000000.0,0.0,300000000.0,0.0,1.0,0.0,
40000161,,,,0,,4,Light,0,-1,4.003,48.351,20.0,44348.0,44048.0,300.0,0.0,0.0,,300000000.0,0.0,300000000.0,0.0,1.0,0.0,
30000161,,,,0,,3,Light,0,-1,3.911,48.363,4.0,44452.0,44152.0,300.0,0.0,0.0,,300000000.0,0.0,300000000.0,0.0,1.0,0.0,
50000162,,,,0,,5,Light,0,-1,3.651,48.603,32.0,44952.0,44652.0,300.0,0.0,0.0,,300000000.0,0.0,300000000.0,0.0,1.0,0.0,
162,,,,0,,0,Light,0,-1,3.943,48.607,4.0,44664.0,44364.0,300.0,0.0,0.0,,300000000.0,0.0,300000000.0,0.0,1.0,0.0,
20000162,,,,0,,2,Light,0,-1,3.987,48.619,56.0,44632.0,44332.0,300.0,0.0,0.0,,300000000.0,0.0,300000000.0,0.0,1.0,0.0,
10000162,,,,0,,1,Light,0,-1,3.771,48.623,4.0,44852.0,44552.0,300.0,0.0,0.0,,300000000.0,0.0,300000000.0,0.0,1.0,0.0,
40000162,,,,0,,4,Light,0,-1,4.011,48.651,8.0,44640.0,44340.0,300.0,0.0,0.0,,300000000.0,0.0,300000000.0,0.0,1.0,0.0,
30000162,,,,0,,3,Light,0,-1,3.915,48.663,4.0,44748.0,44448.0,300.0,0.0,0.0,,300000000.0,0.0,300000000.0,0.0,1.0,0.0,
50000163,,,,0,,5,Light,0,-1,3.663,48.903,12.0,45240.0,44940.0,300.0,0.0,0.0,,300000000.0,0.0,300000000.0,0.0,1.0,0.0,
163,,,,0,,0,Light,0,-1,3.955,48.907,12.0,44952.0,44652.0,300.0,0.0,0.0,,300000000.0,0.0,300000000.0,0.0,1.0,0.0,
20000163,,,,0,,2,Light,0,-1,4.043,48.919,56.0,44876.0,44576.0,300.0,0.0,0.0,,300000000.0,0.0,300000000.0,0.0,1.0,0.0,
10000163,,,,0,,1,Light,0,-1,3.775,48.923,4.0,45148.0,44848.0,300.0,0.0,0.0,,300000000.0,0.0,300000000.0,0.0,1.0,0.0,
40000163,,,,0,,4,Light,0,-1,4.015,48.951,4.0,44936.0,44636.0,300.0,0.0,0.0,,300000000.0,0.0,300000000.0,0.0,1.0,0.0,
30000163,,,,0,,3,Light,0,-1,3.935,48.963,20.0,45028.0,44728.0,300.0,0.0,0.0,,300000000.0,0.0,300000000.0,0.0,1.0,0.0,
50000164,,,,0,,5,Light,0,-1,3.695,49.203,32.0,45508.0,45208.0,300.0,0.0,0.0,,300000000.0,0.0,300000000.0,0.0,1.0,0.0,
164,,,,0,,0,Light,0,-1,3.971,49.207,16.0,45236.0,44936.0,300.0,0.0,0.0,,300000000.0,0.0,300000000.0,0.0,1.0,0.0,
20000164,,,,0,,2,Light,0,-1,4.055,49.219,12.0,45164.0,44864.0,300.0,0.0,0.0,,300000000.0,0.0,300000000.0,0.0,1.0,0.0,
10000164,,,,0,,1,Light,0,-1,3.815,49.223,40.0,45408.0,45108.0,300.0,0.0,0.0,,300000000.0,0.0,300000000.0,0.0,1.0,0.0,
40000164,,,,0,,4,Light,0,-1,4.019,49.251,4.0,45232.0,44932.0,300.0,0.0,0.0,,300000000.0,0.0,300000000.0,0.0,1.0,0.0,
30000164,,,,0,,3,Light,0,-1,3.947,49.263,12.0,45316.0,45016.0,300.0,0.0,0.0,,300000000.0,0.0,300000000.0,0.0,1.0,0.0,
50000165,,,,0,,5,Light,0,-1,3.711,49.503,16.0,45792.0,45492.0,300.0,0.0,0.0,,300000000.0,0.0,300000000.0,0.0,1.0,0.0,
165,,,,0,,0,Light,0,-1,3.991,49.507,20.0,45516.0,45216.0,300.0,0.0,0.0,,300000000.0,0.0,300000000.0,0.0,1.0,0.0,
20000165,,,,0,,2,Light,0,-1,4.095,49.519,40.0,45424.0,45124.0,300.0,0.0,0.0,,300000000.0,0.0,300000000.0,0.0,1.0,0.0,
10000165,,,,0,,1,Light,0,-1,3.823,49.523,8.0,45700.0,45400.0,300.0,0.0,0.0,,300000000.0,0.0,300000000.0,0.0,1.0,0.0,
40000165,,,,0,,4,Light,0,-1,4.027,49.551,8.0,45524.0,45224.0,300.0,0.0,0.0,,300000000.0,0.0,300000000.0,0.0,1.0,0.0,
30000165,,,,0,,3,Light,0,-1,3.951,49.563,4.0,45612.0,45312.0,300.0,0.0,0.0,,300000000.0,0.0,300000000.0,0.0,1.0,0.0,
50000166,,,,0,,5,Light,0,-1,3.739,49.803,28.0,46064.0,45764.0,300.0,0.0,0.0,,300000000.0,0.0,300000000.0,0.0,1.0,0.0,
166,,,,0,,0,Light,0,-1,3.999,49.807,8.0,45808.0,45508.0,300.0,0.0,0.0,,300000000.0,0.0,300000000.0,0.0,1.0,0.0,
20000166,,,,0,,2,Light,0,-1,4.155,49.819,60.0,45664.0,45364.0,300.0,0.0,0.0,,300000000.0,0.0,300000000.0,0.0,1.0,0.0,
10000166,,,,0,,1,Light,0,-1,3.831,49.823,8.0,45992.0,45692.0,300.0,0.0,0.0,,300000000.0,0.0,300000000.0,0.0,1.0,0.0,
40000166,,,,0,,4,Light,0,-1,4.047,49.851,20.0,45804.0,45504.0,300.0,0.0,0.0,,300000000.0,0.0,300000000.0,0.0,1.0,0.0,
30000166,,,,0,,3,Light,0,-1,4.007,49.863,56.0,45856.0,45556.0,300.0,0.0,0.0,,300000000.0,0.0,300000000.0,0.0,1.0,0.0,
50000167,,,,0,,5,Light,0,-1,3.755,50.103,16.0,46348.0,46048.0,300.0,0.0,0.0,,300000000.0,0.0,300000000.0,0.0,1.0,0.0,
167,,,,0,,0,Light,0,-1,4.067,50.107,68.0,46040.0,45740.0,300.0,0.0,0.0,,300000000.0,0.0,300000000.0,0.0,1.0,0.0,
20000167,,,,0,,2,Light,0,-1,4.167,50.119,12.0,45952.0,45652.0,300.0,0.0,0.0,,300000000.0,0.0,300000000.0,0.0,1.0,0.0,
10000167,,,,0,,1,Light,0,-1,3.851,50.123,20.0,46272.0,45972.0,300.0,0.0,0.0,,300000000.0,0.0,300000000.0,0.0,1.0,0.0,
40000167,,,,0,,4,Light,0,-1,4.059,50.151,12.0,46092.0,45792.0,300.0,0.0,0.0,,300000000.0,0.0,300000000.0,0.0,1.0,0.0,
30000167,,,,0,,3,Light,0,-1,4.031,50.163,24.0,46132.0,45832.0,300.0,0.0,0.0,,300000000.0,0.0,300000000.0,0.0,1.0,0.0,
50000168,,,,0,,5,Light,0,-1,3.763,50.403,8.0,46640.0,46340.0,300.0,0.0,0.0,,300000000.0,0.0,300000000.0,0.0,1.0,0.0,
168,,,,0,,0,Light,0,-1,4.079,50.407,12.0,46328.0,46028.0,300.0,0.0,0.0,,300000000.0,0.0,300000000.0,0.0,1.0,0.0,
20000168,,,,0,,2,Light,0,-1,4.175,50.419,8.0,46244.0,45944.0,300.0,0.0,0.0,,300000000.0,0.0,300000000.0,0.0,1.0,0.0,
10000168,,,,0,,1,Light,0,-1,3.879,50.423,28.0,46544.0,46244.0,300.0,0.0,0.0,,300000000.0,0.0,300000000.0,0.0,1.0,0.0,
40000168,,,,0,,4,Light,0,-1,4.063,50.451,4.0,46388.0,46088.0,300.0,0.0,0.0,,300000000.0,0.0,300000000.0,0.0,1.0,0.0,
30000168,,,,0,,3,Light,0,-1,4.035,50.463,4.0,46428.0,46128.0,300.0,0.0,0.0,,300000000.0,0.0,300000000.0,0.0,1.0,0.0,
50000169,,,,0,,5,Light,0,-1,3.779,50.703,16.0,46924.0,46624.0,300.0,0.0,0.0,,300000000.0,0.0,300000000.0,0.0,1.0,0.0,
169,,,,0,,0,Light,0,-1,4.103,50.707,24.0,46604.0,46304.0,300.0,0.0,0.0,,300000000.0,0.0,300000000.0,0.0,1.0,0.0,
20000169,,,,0,,2,Light,0,-1,4.199,50.719,24.0,46520.0,46220.0,300.0,0.0,0.0,,300000000.0,0.0,300000000.0,0.0,1.0,0.0,
10000169,,,,0,,1,Light,0,-1,3.923,50.723,44.0,46800.0,46500.0,300.0,0.0,0.0,,300000000.0,0.0,300000000.0,0.0,1.0,0.0,
40000169,,,,0,,4,Light,0,-1,4.071,50.751,8.0,46680.0,46380.0,300.0,0.0,0.0,,300000000.0,0.0,300000000.0,0.0,1.0,0.0,
30000169,,,,0,,3,Light,0,-1,4.039,50.763,4.0,46724.0,46424.0,300.0,0.0,0.0,,300000000.0,0.0,300000000.0,0.0,1.0,0.0,
50000170,,,,0,,5,Light,0,-1,3.791,51.003,12.0,47212.0,46912.0,300.0,0.0,0.0,,300000000.0,0.0,300000000.0,0.0,1.0,0.0,
170,,,,0,,0,Light,0,-1,4.123,51.007,20.0,46884.0,46584.0,300.0,0.0,0.0,,300000000.0,0.0,300000000.0,0.0,1.0,0.0,
20000170,,,,0,,2,Light,0,-1,4.243,51.019,44.0,46776.0,46476.0,300.0,0.0,0.0,,300000000.0,0.0,300000000.0,0.0,1.0,0.0,
10000170,,,,0,,1,Light,0,-1,3.975,51.023,52.0,47048.0,46748.0,300.0,0.0,0.0,,300000000.0,0.0,300000000.0,0.0,1.0,0.0,
40000170,,,,0,,4,Light,0,-1,4.119,51.051,48.0,46932.0,46632.0,300.0,0.0,0.0,,300000000.0,0.0,300000000.0,0.0,1.0,0.0,
30000170,,,,0,,3,Light,0,-1,4.051,51.063,12.0,47012.0,46712.0,300.0,0.0,0.0,,300000000.0,0.0,300000000.0,0.0,1.0,0.0,
50000171,,,,0,,5,Light,0,-1,3.843,51.303,52.0,47460.0,47160.0,300.0,0.0,0.0,,300000000.0,0.0,300000000.0,0.0,1.0,0.0,
171,,,,0,,0,Light,0,-1,4.131,51.307,8.0,47176.0,46876.0,300.0,0.0,0.0,,300000000.0,0.0,300000000.0,0.0,1.0,0.0,
20000171,,,,0,,2,Light,0,-1,4.263,51.319,20.0,47056.0,46756.0,300.0,0.0,0.0,,300000000.0,0.0,300000000.0,0.0,1.0,0.0,
10000171,,,,0,,1,Light,0,-1,3.979,51.323,4.0,47344.0,47044.0,300.0,0.0,0.0,,300000000.0,0.0,300000000.0,0.0,1.0,0.0,
40000171,,,,0,,4,Light,0,-1,4.147,51.351,28.0,47204.0,46904.0,300.0,0.0,0.0,,300000000.0,0.0,300000000.0,0.0,1.0,0.0,
30000171,,,,0,,3,Light,0,-1,4.135,51.363,84.0,47228.0,46928.0,300.0,0.0,0.0,,300000000.0,0.0,300000000.0,0.0,1.0,0.0,
50000172,,,,0,,5,Light,0,-1,3.875,51.603,32.0,47728.0,47428.0,300.0,0.0,0.0,,300000000.0,0.0,300000000.0,0.0,1.0,0.0,
172,,,,0,,0,Light,0,-1,4.159,51.607,28.0,47448.0,47148.0,300.0,0.0,0.0,,300000000.0,0.0,300000000.0,0.0,1.0,0.0,
20000172,,,,0,,2,Light,0,-1,4.279,51.619,16.0,47340.0,47040.0,300.0,0.0,0.0,,300000000.0,0.0,300000000.0,0.0,1.0,0.0,
10000172,,,,0,,1,Light,0,-1,3.995,51.623,16.0,47628.0,47328.0,300.0,0.0,0.0,,300000000.0,0.0,300000000.0,0.0,1.0,0.0,
40000172,,,,0,,4,Light,0,-1,4.207,51.651,60.0,47444.0,47144.0,300.0,0.0,0.0,,300000000.0,0.0,300000000.0,0.0,1.0,0.0,
30000172,,,,0,,3,Light,0,-1,4.139,51.663,4.0,47524.0,47224.0,300.0,0.0,0.0,,300000000.0,0.0,300000000.0,0.0,1.0,0.0,
50000173,,,,0,,5,Light,0,-1,3.883,51.903,8.0,48020.0,47720.0,300.0,0.0,0.0,,300000000.0,0.0,300000000.0,0.0,1.0,0.0,
173,,,,0,,0,Light,0,-1,4.187,51.907,28.0,47720.0,47420.0,300.0,0.0,0.0,,300000000.0,0.0,300000000.0,0.0,1.0,0.0,
20000173,,,,0,,2,Light,0,-1,4.299,51.919,20.0,47620.0,47320.0,300.0,0.0,0.0,,300000000.0,0.0,300000000.0,0.0,1.0,0.0,
10000173,,,,0,,1,Light,0,-1,4.023,51.923,28.0,47900.0,47600.0,300.0,0.0,0.0,,300000000.0,0.0,300000000.0,0.0,1.0,0.0,
40000173,,,,0,,4,Light,0,-1,4.227,51.951,20.0,47724.0,47424.0,300.0,0.0,0.0,,300000000.0,0.0,300000000.0,0.0,1.0,0.0,
30000173,,,,0,,3,Light,0,-1,4.151,51.963,12.0,47812.0,47512.0,300.0,0.0,0.0,,300000000.0,0.0,300000000.0,0.0,1.0,0.0,
50000174,,,,0,,5,Light,0,-1,3.963,52.203,80.0,48240.0,47940.0,300.0,0.0,0.0,,300000000.0,0.0,300000000.0,0.0,1.0,0.0,
174,,,,0,,0,Light,0,-1,4.223,52.207,36.0,47984.0,47684.0,300.0,0.0,0.0,,300000000.0,0.0,300000000.0,0.0,1.0,0.0,
20000174,,,,0,,2,Light,0,-1,4.311,52.219,12.0,47908.0,47608.0,300.0,0.0,0.0,,300000000.0,0.0,300000000.0,0.0,1.0,0.0,
10000174,,,,0,,1,Light,0,-1,4.083,52.223,60.0,48140.0,47840.0,300.0,0.0,0.0,,300000000.0,0.0,300000000.0,0.0,1.0,0.0,
40000174,,,,0,,4,Light,0,-1,4.267,52.251,40.0,47984.0,47684.0,300.0,0.0,0.0,,300000000.0,0.0,300000000.0,0.0,1.0,0.0,
30000174,,,,0,,3,Light,0,-1,4.183,52.263,32.0,48080.0,47780.0,300.0,0.0,0.0,,300000000.0,0.0,300000000.0,0.0,1.0,0.0,
50000175,,,,0,,5,Light,0,-1,3.967,52.503,4.0,48536.0,48236.0,300.0,0.0,0.0,,300000000.0,0.0,300000000.0,0.0,1.0,0.0,
175,,,,0,,0,Light,0,-1,4.251,52.507,28.0,48256.0,47956.0,300.0,0.0,0.0,,300000000.0,0.0,300000000.0,0.0,1.0,0.0,
20000175,,,,0,,2,Light,0,-1,4.351,52.519,40.0,48168.0,47868.0,300.0,0.0,0.0,,300000000.0,0.0,300000000.0,0.0,1.0,0.0,
10000175,,,,0,,1,Light,0,-1,4.091,52.523,8.0,48432.0,48132.0,300.0,0.0,0.0,,300000000.0,0.0,300000000.0,0.0,1.0,0.0,
40000175,,,,0,,4,Light,0,-1,4.275,52.551,8.0,48276.0,47976.0,300.0,0.0,0.0,,300000000.0,0.0,300000000.0,0.0,1.0,0.0,
30000175,,,,0,,3,Light,0,-1,4.219,52.563,36.0,48344.0,48044.0,300.0,0.0,0.0,,300000000.0,0.0,300000000.0,0.0,1.0,0.0,
50000176,,,,0,,5,Light,0,-1,4.075,52.803,108.0,48728.0,48428.0,300.0,0.0,0.0,,300000000.0,0.0,300000000.0,0.0,1.0,0.0,
176,,,,0,,0,Light,0,-1,4.255,52.807,4.0,48552.0,48252.0,300.0,0.0,0.0,,300000000.0,0.0,300000000.0,0.0,1.0,0.0,
20000176,,,,0,,2,Light,0,-1,4.359,52.819,8.0,48460.0,48160.0,300.0,0.0,0.0,,300000000.0,0.0,300000000.0,0.0,1.0,0.0,
10000176,,,,0,,1,Light,0,-1,4.107,52.823,16.0,48716.0,48416.0,300.0,0.0,0.0,,300000000.0,0.0,300000000.0,0.0,1.0,0.0,
40000176,,,,0,,4,Light,0,-1,4.315,52.851,40.0,48536.0,48236.0,300.0,0.0,0.0,,300000000.0,0.0,300000000.0,0.0,1.0,0.0,
30000176,,,,0,,3,Light,0,-1,4.283,52.863,64.0,48580.0,48280.0,300.0,0.0,0.0,,300000000.0,0.0,300000000.0,0.0,1.0,0.0,
50000177,,,,0,,5,Light,0,-1,4.087,53.103,12.0,49016.0,48716.0,300.0,0.0,0.0,,300000000.0,0.0,300000000.0,0.0,1.0,0.0,
177,,,,0,,0,Light,0,-1,4.287,53.107,32.0,48820.0,48520.0,300.0,0.0,0.0,,300000000.0,0.0,300000000.0,0.0,1.0,0.0,
20000177,,,,0,,2,Light,0,-1,4.395,53.119,36.0,48724.0,48424.0,300.0,0.0,0.0,,300000000.0,0.0,300000000.0,0.0,1.0,0.0,
10000177,,,,0,,1,Light,0,-1,4.111,53.123,4.0,49012.0,48712.0,300.0,0.0,0.0,,300000000.0,0.0,300000000.0,0.0,1.0,0.0,
40000177,,,,0,,4,Light,0,-1,4.319,53.151,4.0,48832.0,48532.0,300.0,0.0,0.0,,300000000.0,0.0,300000000.0,0.0,1.0,0.0,
30000177,,,,0,,3,Light,0,-1,4.291,53.163,8.0,48872.0,48572.0,300.0,0.0,0.0,,300000000.0,0.0,300000000.0,0.0,1.0,0.0,
50000178,,,,0,,5,Light,0,-1,4.099,53.403,12.0,49304.0,49004.0,300.0,0.0,0.0,,300000000.0,0.0,300000000.0,0.0,1.0,0.0,
178,,,,0,,0,Light,0,-1,4.331,53.407,44.0,49076.0,48776.0,300.0,0.0,0.0,,300000000.0,0.0,300000000.0,0.0,1.0,0.0,
20000178,,,,0,,2,Light,0,-1,4.427,53.419,32.0,48992.0,48692.0,300.0,0.0,0.0,,300000000.0,0.0,300000000.0,0.0,1.0,0.0,
10000178,,,,0,,1,Light,0,-1,4.115,53.423,4.0,49308.0,49008.0,300.0,0.0,0.0,,300000000.0,0.0,300000000.0,0.0,1.0,0.0,
40000178,,,,0,,4,Light,0,-1,4.335,53.451,16.0,49116.0,48816.0,300.0,0.0,0.0,,300000000.0,0.0,300000000.0,0.0,1.0,0.0,
30000178,,,,0,,3,Light,0,-1,4.307,53.463,16.0,49156.0,48856.0,300.0,0.0,0.0,,300000000.0,0.0,300000000.0,0.0,1.0,0.0,
50000179,,,,0,,5,Light,0,-1,4.143,53.703,44.0,49560.0,49260.0,300.0,0.0,0.0,,300000000.0,0.0,300000000.0,0.0,1.0,0.0,
179,,,,0,,0,Light,0,-1,4.339,53.707,8.0,49368.0,49068.0,300.0,0.0,0.0,,300000000.0,0.0,300000000.0,0.0,1.0,0.0,
20000179,,,,0,,2,Light,0,-1,4.459,53.719,32.0,49260.0,48960.0,300.0,0.0,0.0,,300000000.0,0.0,300000000.0,0.0,1.0,0.0,
10000179,,,,0,,1,Light,0,-1,4.127,53.723,12.0,49596.0,49296.0,300.0,0.0,0.0,,300000000.0,0.0,300000000.0,0.0,1.0,0.0,
40000179,,,,0,,4,Light,0,-1,4.355,53.751,20.0,49396.0,49096.0,300.0,0.0,0.0,,300000000.0,0.0,300000000.0,0.0,1.0,0.0,
30000179,,,,0,,3,Light,0,-1,4.323,53.763,16.0,49440.0,49140.0,300.0,0.0,0.0,,300000000.0,0.0,300000000.0,0.0,1.0,0.0,
50000180,,,,0,,5,Light,0,-1,4.171,54.003,28.0,49832.0,49532.0,300.0,0.0,0.0,,300000000.0,0.0,300000000.0,0.0,1.0,0.0,
180,,,,0,,0,Light,0,-1,4.363,54.007,24.0,49644.0,49344.0,300.0,0.0,0.0,,300000000.0,0.0,300000000.0,0.0,1.0,0.0,
20000180,,,,0,,2,Light,0,-1,4.467,54.019,8.0,49552.0,49252.0,300.0,0.0,0.0,,300000000.0,0.0,300000000.0,0.0,1.0,0.0,
10000180,,,,0,,1,Light,0,-1,4.163,54.023,36.0,49860.0,49560.0,300.0,0.0,0.0,,300000000.0,0.0,300000000.0,0.0,1.0,0.0,
40000180,,,,0,,4,Light,0,-1,4.379,54.051,24.0,49672.0,49372.0,300.0,0.0,0.0,,300000000.0,0.0,300000000.0,0.0,1.0,0.0,
30000180,,,,0,,3,Light,0,-1,4.327,54.063,4.0,49736.0,49436.0,300.0,0.0,0.0,,300000000.0,0.0,300000000.0,0.0,1.0,0.0,
50000181,,,,0,,5,Light,0,-1,4.179,54.303,8.0,50124.0,49824.0,300.0,0.0,0.0,,300000000.0,0.0,300000000.0,0.0,1.0,0.0,
181,,,,0,,0,Light,0,-1,4.367,54.307,4.0,49940.0,49640.0,300.0,0.0,0.0,,300000000.0,0.0,300000000.0,0.0,1.0,0.0,
20000181,,,,0,,2,Light,0,-1,4.471,54.319,4.0,49848.0,49548.0,300.0,0.0,0.0,,300000000.0,0.0,300000000.0,0.0,1.0,0.0,
10000181,,,,0,,1,Light,0,-1,4.195,54.323,32.0,50128.0,49828.0,300.0,0.0,0.0,,300000000.0,0.0,300000000.0,0.0,1.0,0.0,
40000181,,,,0,,4,Light,0,-1,4.383,54.351,4.0,49968.0,49668.0,300.0,0.0,0.0,,300000000.0,0.0,300000000.0,0.0,1.0,0.0,
30000181,,,,0,,3,Light,0,-1,4.343,54.363,16.0,50020.0,49720.0,300.0,0.0,0.0,,300000000.0,0.0,300000000.0,0.0,1.0,0.0,
50000182,,,,0,,5,Light,0,-1,4.191,54.603,12.0,50412.0,50112.0,300.0,0.0,0.0,,300000000.0,0.0,300000000.0,0.0,1.0,0.0,
182,,,,0,,0,Light,0,-1,4.387,54.607,20.0,50220.0,49920.0,300.0,0.0,0.0,,300000000.0,0.0,300000000.0,0.0,1.0,0.0,
20000182,,,,0,,2,Light,0,-1,4.487,54.619,16.0,50132.0,49832.0,300.0,0.0,0.0,,300000000.0,0.0,300000000.0,0.0,1.0,0.0,
10000182,,,,0,,1,Light,0,-1,4.215,54.623,20.0,50408.0,50108.0,300.0,0.0,0.0,,300000000.0,0.0,300000000.0,0.0,1.0,0.0,
40000182,,,,0,,4,Light,0,-1,4.399,54.651,16.0,50252.0,49952.0,300.0,0.0,0.0,,300000000.0,0.0,300000000.0,0.0,1.0,0.0,
30000182,,,,0,,3,Light,0,-1,4.411,54.663,68.0,50252.0,49952.0,300.0,0.0,0.0,,300000000.0,0.0,300000000.0,0.0,1.0,0.0,
50000183,,,,0,,5,Light,0,-1,4.203,54.903,12.0,50700.0,50400.0,300.0,0.0,0.0,,300000000.0,0.0,300000000.0,0.0,1.0,0.0,
183,,,,0,,0,Light,0,-1,4.403,54.907,16.0,50504.0,50204.0,300.0,0.0,0.0,,300000000.0,0.0,300000000.0,0.0,1.0,0.0,
20000183,,,,0,,2,Light,0,-1,4.503,54.919,16.0,50416.0,50116.0,300.0,0.0,0.0,,300000000.0,0.0,300000000.0,0.0,1.0,0.0,
10000183,,,,0,,1,Light,0,-1,4.231,54.923,16.0,50692.0,50392.0,300.0,0.0,0.0,,300000000.0,0.0,300000000.0,0.0,1.0,0.0,
40000183,,,,0,,4,Light,0,-1,4.415,54.951,16.0,50536.0,50236.0,300.0,0.0,0.0,,300000000.0,0.0,300000000.0,0.0,1.0,0.0,
30000183,,,,0,,3,Light,0,-1,4.423,54.963,12.0,50540.0,50240.0,300.0,0.0,0.0,,300000000.0,0.0,300000000.0,0.0,1.0,0.0,
50000184,,,,0,,5,Light,0,-1,4.211,55.203,8.0,50992.0,50692.0,300.0,0.0,0.0,,300000000.0,0.0,300000000.0,0.0,1.0,0.0,
184,,,,0,,0,Light,0,-1,4.451,55.207,48.0,50756.0,50456.0,300.0,0.0,0.0,,300000000.0,0.0,300000000.0,0.0,1.0,0.0,
20000184,,,,0,,2,Light,0,-1,4.531,55.219,28.0,50688.0,50388.0,300.0,0.0,0.0,,300000000.0,0.0,300000000.0,0.0,1.0,0.0,
10000184,,,,0,,1,Light,0,-1,4.239,55.223,8.0,50984.0,50684.0,300.0,0.0,0.0,,300000000.0,0.0,300000000.0,0.0,1.0,0.0,
40000184,,,,0,,4,Light,0,-1,4.435,55.251,20.0,50816.0,50516.0,300.0,0.0,0.0,,300000000.0,0.0,300000000.0,0.0,1.0,0.0,
30000184,,,,0,,3,Light,0,-1,4.439,55.263,16.0,50824.0,50524.0,300.0,0.0,0.0,,300000000.0,0.0,300000000.0,0.0,1.0,0.0,
50000185,,,,0,,5,Light,0,-1,4.235,55.503,24.0,51268.0,50968.0,300.0,0.0,0.0,,300000000.0,0.0,300000000.0,0.0,1.0,0.0,
185,,,,0,,0,Light,0,-1,4.479,55.507,28.0,51028.0,50728.0,300.0,0.0,0.0,,300000000.0,0.0,300000000.0,0.0,1.0,0.0,
20000185,,,,0,,2,Light,0,-1,4.535,55.519,4.0,50984.0,50684.0,300.0,0.0,0.0,,300000000.0,0.0,300000000.0,0.0,1.0,0.0,
10000185,,,,0,,1,Light,0,-1,4.247,55.523,8.0,51276.0,50976.0,300.0,0.0,0.0,,300000000.0,0.0,300000000.0,0.0,1.0,0.0,
40000185,,,,0,,4,Light,0,-1,4.515,55.551,80.0,51036.0,50736.0,300.0,0.0,0.0,,300000000.0,0.0,300000000.0,0.0,1.0,0.0,
30000185,,,,0,,3,Light,0,-1,4.447,55.563,8.0,51116.0,50816.0,300.0,0.0,0.0,,300000000.0,0.0,300000000.0,0.0,1.0,0.0,
50000186,,,,0,,5,Light,0,-1,4.271,55.803,36.0,51532.0,51232.0,300.0,0.0,0.0,,300000000.0,0.0,300000000.0,0.0,1.0,0.0,
186,,,,0,,0,Light,0,-1,4.519,55.807,40.0,51288.0,50988.0,300.0,0.0,0.0,,300000000.0,0.0,300000000.0,0.0,1.0,0.0,
20000186,,,,0,,2,Light,0,-1,4.539,55.819,4.0,51280.0,50980.0,300.0,0.0,0.0,,300000000.0,0.0,300000000.0,0.0,1.0,0.0,
10000186,,,,0,,1,Light,0,-1,4.259,55.823,12.0,51564.0,51264.0,300.0,0.0,0.0,,300000000.0,0.0,300000000.0,0.0,1.0,0.0,
40000186,,,,0,,4,Light,0,-1,4.551,55.851,36.0,51300.0,51000.0,300.0,0.0,0.0,,300000000.0,0.0,300000000.0,0.0,1.0,0.0,
30000186,,,,0,,3,Light,0,-1,4.455,55.863,8.0,51408.0,51108.0,300.0,0.0,0.0,,300000000.0,0.0,300000000.0,0.0,1.0,0.0,
50000187,,,,0,,5,Light,0,-1,4.295,56.103,24.0,51808.0,51508.0,300.0,0.0,0.0,,300000000.0,0.0,300000000.0,0.0,1.0,0.0,
187,,,,0,,0,Light,0,-1,4.527,56.107,8.0,51580.0,51280.0,300.0,0.0,0.0,,300000000.0,0.0,300000000.0,0.0,1.0,0.0,
20000187,,,,0,,2,Light,0,-1,4.587,56.119,48.0,51532.0,51232.0,300.0,0.0,0.0,,300000000.0,0.0,300000000.0,0.0,1.0,0.0,
10000187,,,,0,,1,Light,0,-1,4.371,56.123,112.0,51752.0,51452.0,300.0,0.0,0.0,,300000000.0,0.0,300000000.0,0.0,1.0,0.0,
40000187,,,,0,,4,Light,0,-1,4.563,56.151,12.0,51588.0,51288.0,300.0,0.0,0.0,,300000000.0,0.0,300000000.0,0.0,1.0,0.0,
30000187,,,,0,,3,Light,0,-1,4.463,56.163,8.0,51700.0,51400.0,300.0,0.0,0.0,,300000000.0,0.0,300000000.0,0.0,1.0,0.0,
50000188,,,,0,,5,Light,0,-1,4.303,56.403,8.0,52100.0,51800.0,300.0,0.0,0.0,,300000000.0,0.0,300000000.0,0.0,1.0,0.0,
188,,,,0,,0,Light,0,-1,4.543,56.407,16.0,51864.0,51564.0,300.0,0.0,0.0,,300000000.0,0.0,300000000.0,0.0,1.0,0.0,
20000188,,,,0,,2,Light,0,-1,4.615,56.419,28.0,51804.0,51504.0,300.0,0.0,0.0,,300000000.0,0.0,300000000.0,0.0,1.0,0.0,
10000188,,,,0,,1,Light,0,-1,4.407,56.423,36.0,52016.0,51716.0,300.0,0.0,0.0,,300000000.0,0.0,300000000.0,0.0,1.0,0.0,
40000188,,,,0,,4,Light,0,-1,4.583,56.451,20.0,51868.0,51568.0,300.0,0.0,0.0,,300000000.0,0.0,300000000.0,0.0,1.0,0.0,
30000188,,,,0,,3,Light,0,-1,4.491,56.463,28.0,51972.0,51672.0,300.0,0.0,0.0,,300000000.0,0.0,300000000.0,0.0,1.0,0.0,
50000189,,,,0,,5,Light,0,-1,4.347,56.703,44.0,52356.0,52056.0,300.0,0.0,0.0,,300000000.0,0.0,300000000.0,0.0,1.0,0.0,
189,,,,0,,0,Light,0,-1,4.555,56.707,12.0,52152.0,51852.0,300.0,0.0,0.0,,300000000.0,0.0,300000000.0,0.0,1.0,0.0,
20000189,,,,0,,2,Light,0,-1,4.627,56.719,12.0,52092.0,51792.0,300.0,0.0,0.0,,300000000.0,0.0,300000000.0,0.0,1.0,0.0,
10000189,,,,0,,1,Light,0,-1,4.431,56.723,24.0,52292.0,51992.0,300.0,0.0,0.0,,300000000.0,0.0,300000000.0,0.0,1.0,0.0,
40000189,,,,0,,4,Light,0,-1,4.591,56.751,8.0,52160.0,51860.0,300.0,0.0,0.0,,300000000.0,0.0,300000000.0,0.0,1.0,0.0,
30000189,,,,0,,3,Light,0,-1,4.499,56.763,8.0,52264.0,51964.0,300.0,0.0,0.0,,300000000.0,0.0,300000000.0,0.0,1.0,0.0,
50000190,,,,0,,5,Light,0,-1,4.375,57.003,28.0,52628.0,52328.0,300.0,0.0,0.0,,300000000.0,0.0,300000000.0,0.0,1.0,0.0,
190,,,,0,,0,Light,0,-1,4.575,57.007,20.0,52432.0,52132.0,300.0,0.0,0.0,,300000000.0,0.0,300000000.0,0.0,1.0,0.0,
20000190,,,,0,,2,Light,0,-1,4.671,57.019,44.0,52348.0,52048.0,300.0,0.0,0.0,,300000000.0,0.0,300000000.0,0.0,1.0,0.0,
10000190,,,,0,,1,Light,0,-1,4.483,57.023,52.0,52540.0,52240.0,300.0,0.0,0.0,,300000000.0,0.0,300000000.0,0.0,1.0,0.0,
40000190,,,,0,,4,Light,0,-1,4.619,57.051,28.0,52432.0,52132.0,300.0,0.0,0.0,,300000000.0,0.0,300000000.0,0.0,1.0,0.0,
30000190,,,,0,,3,Light,0,-1,4.511,57.063,12.0,52552.0,52252.0,300.0,0.0,0.0,,300000000.0,0.0,300000000.0,0.0,1.0,0.0,
50000191,,,,0,,5,Light,0,-1,4.391,57.303,16.0,52912.0,52612.0,300.0,0.0,0.0,,300000000.0,0.0,300000000.0,0.0,1.0,0.0,
191,,,,0,,0,Light,0,-1,4.607,57.307,32.0,52700.0,52400.0,300.0,0.0,0.0,,300000000.0,0.0,300000000.0,0.0,1.0,0.0,
20000191,,,,0,,2,Light,0,-1,4.727,57.319,56.0,52592.0,52292.0,300.0,0.0,0.0,,300000000.0,0.0,300000000.0,0.0,1.0,0.0,
10000191,,,,0,,1,Light,0,-1,4.579,57.323,96.0,52744.0,52444.0,300.0,0.0,0.0,,300000000.0,0.0,300000000.0,0.0,1.0,0.0,
40000191,,,,0,,4,Light,0,-1,4.655,57.351,36.0,52696.0,52396.0,300.0,0.0,0.0,,300000000.0,0.0,300000000.0,0.0,1.0,0.0,
30000191,,,,0,,3,Light,0,-1,4.523,57.363,12.0,52840.0,52540.0,300.0,0.0,0.0,,300000000.0,0.0,300000000.0,0.0,1.0,0.0,
50000192,,,,0,,5,Light,0,-1,4.419,57.603,28.0,53184.0,52884.0,300.0,0.0,0.0,,300000000.0,0.0,300000000.0,0.0,1.0,0.0,
192,,,,0,,0,Light,0,-1,4.643,57.607,36.0,52964.0,52664.0,300.0,0.0,0.0,,300000000.0,0.0,300000000.0,0.0,1.0,0.0,
20000192,,,,0,,2,Light,0,-1,4.739,57.619,12.0,52880.0,52580.0,300.0,0.0,0.0,,300000000.0,0.0,300000000.0,0.0,1.0,0.0,
10000192,,,,0,,1,Light,0,-1,4.611,57.623,32.0,53012.0,52712.0,300.0,0.0,0.0,,300000000.0,0.0,300000000.0,0.0,1.0,0.0,
40000192,,,,0,,4,Light,0,-1,4.675,57.651,20.0,52976.0,52676.0,300.0,0.0,0.0,,300000000.0,0.0,300000000.0,0.0,1.0,0.0,
30000192,,,,0,,3,Light,0,-1,4.547,57.663,24.0,53116.0,52816.0,300.0,0.0,0.0,,300000000.0,0.0,300000000.0,0.0,1.0,0.0,
50000193,,,,0,,5,Light,0,-1,4.443,57.903,24.0,53460.0,53160.0,300.0,0.0,0.0,,300000000.0,0.0,300000000.0,0.0,1.0,0.0,
193,,,,0,,0,Light,0,-1,4.647,57.907,4.0,53260.0,52960.0,300.0,0.0,0.0,,300000000.0,0.0,300000000.0,0.0,1.0,0.0,
20000193,,,,0,,2,Light,0,-1,4.799,57.919,60.0,53120.0,52820.0,300.0,0.0,0.0,,300000000.0,0.0,300000000.0,0.0,1.0,0.0,
10000193,,,,0,,1,Light,0,-1,4.623,57.923,12.0,53300.0,53000.0,300.0,0.0,0.0,,300000000.0,0.0,300000000.0,0.0,1.0,0.0,
40000193,,,,0,,4,Light,0,-1,4.683,57.951,8.0,53268.0,52968.0,300.0,0.0,0.0,,300000000.0,0.0,300000000.0,0.0,1.0,0.0,
30000193,,,,0,,3,Light,0,-1,4.567,57.963,20.0,53396.0,53096.0,300.0,0.0,0.0,,300000000.0,0.0,300000000.0,0.0,1.0,0.0,
50000194,,,,0,,5,Light,0,-1,4.475,58.203,32.0,53728.0,53428.0,300.0,0.0,0.0,,300000000.0,0.0,300000000.0,0.0,1.0,0.0,
194,,,,0,,0,Light,0,-1,4.679,58.207,32.0,53528.0,53228.0,300.0,0.0,0.0,,300000000.0,0.0,300000000.0,0.0,1.0,0.0,
20000194,,,,0,,2,Light,0,-1,4.807,58.219,8.0,53412.0,53112.0,300.0,0.0,0.0,,300000000.0,0.0,300000000.0,0.0,1.0,0.0,
10000194,,,,0,,1,Light,0,-1,4.659,58.223,36.0,53564.0,53264.0,300.0,0.0,0.0,,300000000.0,0.0,300000000.0,0.0,1.0,0.0,
40000194,,,,0,,4,Light,0,-1,4.731,58.251,48.0,53520.0,53220.0,300.0,0.0,0.0,,300000000.0,0.0,300000000.0,0.0,1.0,0.0,
30000194,,,,0,,3,Light,0,-1,4.571,58.263,4.0,53692.0,53392.0,300.0,0.0,0.0,,300000000.0,0.0,300000000.0,0.0,1.0,0.0,
50000195,,,,0,,5,Light,0,-1,4.495,58.503,20.0,54008.0,53708.0,300.0,0.0,0.0,,300000000.0,0.0,300000000.0,0.0,1.0,0.0,
195,,,,0,,0,Light,0,-1,4.691,58.507,12.0,53816.0,53516.0,300.0,0.0,0.0,,300000000.0,0.0,300000000.0,0.0,1.0,0.0,
20000195,,,,0,,2,Light,0,-1,4.815,58.519,8.0,53704.0,53404.0,300.0,0.0,0.0,,300000000.0,0.0,300000000.0,0.0,1.0,0.0,
10000195,,,,0,,1,Light,0,-1,4.667,58.523,8.0,53856.0,53556.0,300.0,0.0,0.0,,300000000.0,0.0,300000000.0,0.0,1.0,0.0,
40000195,,,,0,,4,Light,0,-1,4.763,58.551,32.0,53788.0,53488.0,300.0,0.0,0.0,,300000000.0,0.0,300000000.0,0.0,1.0,0.0,
30000195,,,,0,,3,Light,0,-1,4.595,58.563,24.0,53968.0,53668.0,300.0,0.0,0.0,,300000000.0,0.0,300000000.0,0.0,1.0,0.0,
50000196,,,,0,,5,Light,0,-1,4.507,58.803,12.0,54296.0,53996.0,300.0,0.0,0.0,,300000000.0,0.0,300000000.0,0.0,1.0,0.0,
196,,,,0,,0,Light,0,-1,4.699,58.807,8.0,54108.0,53808.0,300.0,0.0,0.0,,300000000.0,0.0,300000000.0,0.0,1.0,0.0,
20000196,,,,0,,2,Light,0,-1,4.823,58.819,8.0,53996.0,53696.0,300.0,0.0,0.0,,300000000.0,0.0,300000000.0,0.0,1.0,0.0,
10000196,,,,0,,1,Light,0,-1,4.695,58.823,28.0,54128.0,53828.0,300.0,0.0,0.0,,300000000.0,0.0,300000000.0,0.0,1.0,0.0,
40000196,,,,0,,4,Light,0,-1,4.779,58.851,16.0,54072.0,53772.0,300.0,0.0,0.0,,300000000.0,0.0,300000000.0,0.0,1.0,0.0,
30000196,,,,0,,3,Light,0,-1,4.603,58.863,8.0,54260.0,53960.0,300.0,0.0,0.0,,300000000.0,0.0,300000000.0,0.0,1.0,0.0,
50000197,,,,0,,5,Light,0,-1,4.559,59.103,52.0,54544.0,54244.0,300.0,0.0,0.0,,300000000.0,0.0,300000000.0,0.0,1.0,0.0,
197,,,,0,,0,Light,0,-1,4.707,59.107,8.0,54400.0,54100.0,300.0,0.0,0.0,,300000000.0,0.0,300000000.0,0.0,1.0,0.0,
20000197,,,,0,,2,Light,0,-1,4.831,59.119,8.0,54288.0,53988.0,300.0,0.0,0.0,,300000000.0,0.0,300000000.0,0.0,1.0,0.0,
10000197,,,,0,,1,Light,0,-1,4.715,59.123,20.0,54408.0,54108.0,300.0,0.0,0.0,,300000000.0,0.0,300000000.0,0.0,1.0,0.0,
40000197,,,,0,,4,Light,0,-1,4.783,59.151,4.0,54368.0,54068.0,300.0,0.0,0.0,,300000000.0,0.0,300000000.0,0.0,1.0,0.0,
30000197,,,,0,,3,Light,0,-1,4.631,59.163,28.0,54532.0,54232.0,300.0,0.0,0.0,,300000000.0,0.0,300000000.0,0.0,1.0,0.0,
50000198,,,,0,,5,Light,0,-1,4.599,59.403,40.0,54804.0,54504.0,300.0,0.0,0.0,,300000000.0,0.0,300000000.0,0.0,1.0,0.0,
198,,,,0,,0,Light,0,-1,4.795,59.407,88.0,54612.0,54312.0,300.0,0.0,0.0,,300000000.0,0.0,300000000.0,0.0,1.0,0.0,
20000198,,,,0,,2,Light,0,-1,4.867,59.419,36.0,54552.0,54252.0,300.0,0.0,0.0,,300000000.0,0.0,300000000.0,0.0,1.0,0.0,
10000198,,,,0,,1,Light,0,-1,4.755,59.423,40.0,54668.0,54368.0,300.0,0.0,0.0,,300000000.0,0.0,300000000.0,0.0,1.0,0.0,
40000198,,,,0,,4,Light,0,-1,4.811,59.451,28.0,54640.0,54340.0,300.0,0.0,0.0,,300000000.0,0.0,300000000.0,0.0,1.0,0.0,
30000198,,,,0,,3,Light,0,-1,4.639,59.463,8.0,54824.0,54524.0,300.0,0.0,0.0,,300000000.0,0.0,300000000.0,0.0,1.0,0.0,
50000199,,,,0,,5,Light,0,-1,4.635,59.703,36.0,55068.0,54768.0,300.0,0.0,0.0,,300000000.0,0.0,300000000.0,0.0,1.0,0.0,
199,,,,0,,0,Light,0,-1,4.819,59.707,24.0,54888.0,54588.0,300.0,0.0,0.0,,300000000.0,0.0,300000000.0,0.0,1.0,0.0,
20000199,,,,0,,2,Light,0,-1,4.871,59.719,4.0,54848.0,54548.0,300.0,0.0,0.0,,300000000.0,0.0,300000000.0,0.0,1.0,0.0,
10000199,,,,0,,1,Light,0,-1,4.767,59.723,12.0,54956.0,54656.0,300.0,0.0,0.0,,300000000.0,0.0,300000000.0,0.0,1.0,0.0,
40000199,,,,0,,4,Light,0,-1,4.835,59.751,24.0,54916.0,54616.0,300.0,0.0,0.0,,300000000.0,0.0,300000000.0,0.0,1.0,0.0,
30000199,,,,0,,3,Light,0,-1,4.687,59.763,48.0,55076.0,54776.0,300.0,0.0,0.0,,300000000.0,0.0,300000000.0,0.0,1.0,0.0,
