task_id,job_id,app_name,node_name,ucb_reward,ucb_arm,user_id,task_type,offloaded,edge_id,arrival_time,finish_time,inter_arrival_ms,latency_ms,waiting_ms,proc_ms,tx_delay_ms,transit_ms,channel_rate_mbps,cycles_total,split_ratio,cycles_local,cycles_edge,local_ratio,edge_ratio,finish_time_edge
50000001,,,,0,,5,Light,0,-1,0.049,0.349,,300.0,0.0,300.0,0.0,0.0,,300000000.0,0.0,300000000.0,0.0,1.0,0.0,
1,,,,0,,0,Light,0,-1,0.099,0.399,,300.0,0.0,300.0,0.0,0.0,,300000000.0,0.0,300000000.0,0.0,1.0,0.0,
20000001,,,,0,,2,Light,0,-1,0.249,0.549,,300.0,0.0,300.0,0.0,0.0,,300000000.0,0.0,300000000.0,0.0,1.0,0.0,
10000001,,,,0,,1,Light,0,-1,0.299,0.599,,300.0,0.0,300.0,0.0,0.0,,300000000.0,0.0,300000000.0,0.0,1.0,0.0,
50000002,,,,0,,5,Light,0,-1,0.199,0.649,150.0,450.0,150.0,300.0,0.0,0.0,,300000000.0,0.0,300000000.0,0.0,1.0,0.0,
2,,,,0,,0,Light,0,-1,0.149,0.699,50.0,550.0,250.0,300.0,0.0,0.0,,300000000.0,0.0,300000000.0,0.0,1.0,0.0,
10000002,,,,0,,1,Light,0,-1,0.349,0.899,50.0,550.0,250.0,300.0,0.0,0.0,,300000000.0,0.0,300000000.0,0.0,1.0,0.0,
40000001,,,,0,,4,Light,0,-1,0.649,0.949,,300.0,0.0,300.0,0.0,0.0,,300000000.0,0.0,300000000.0,0.0,1.0,0.0,
50000003,,,,0,,5,Light,0,-1,0.449,0.949,250.0,500.0,200.0,300.0,0.0,0.0,,300000000.0,0.0,300000000.0,0.0,1.0,0.0,
3,,,,0,,0,Light,0,-1,0.499,0.999,350.0,500.0,200.0,300.0,0.0,0.0,,300000000.0,0.0,300000000.0,0.0,1.0,0.0,
30000001,,,,0,,3,Light,0,-1,0.799,1.099,,300.0,0.0,300.0,0.0,0.0,,300000000.0,0.0,300000000.0,0.0,1.0,0.0,
10000003,,,,0,,1,Light,0,-1,0.399,1.199,50.0,800.0,500.0,300.0,0.0,0.0,,300000000.0,0.0,300000000.0,0.0,1.0,0.0,
40000002,,,,0,,4,Light,0,-1,0.749,1.249,100.0,500.0,200.0,300.0,0.0,0.0,,300000000.0,0.0,300000000.0,0.0,1.0,0.0,
50000004,,,,0,,5,Light,0,-1,0.549,1.249,100.0,700.0,400.0,300.0,0.0,0.0,,300000000.0,0.0,300000000.0,0.0,1.0,0.0,
4,,,,0,,0,Light,0,-1,0.699,1.299,200.0,600.0,300.0,300.0,0.0,0.0,,300000000.0,0.0,300000000.0,0.0,1.0,0.0,
10000004,,,,0,,1,Light,0,-1,0.999,1.499,600.0,500.0,200.0,300.0,0.0,0.0,,300000000.0,0.0,300000000.0,0.0,1.0,0.0,
40000003,,,,0,,4,Light,0,-1,1.099,1.549,350.0,450.0,150.0,300.0,0.0,0.0,,300000000.0,0.0,300000000.0,0.0,1.0,0.0,
50000005,,,,0,,5,Light,0,-1,0.599,1.549,50.0,950.0,650.0,300.0,0.0,0.0,,300000000.0,0.0,300000000.0,0.0,1.0,0.0,
5,,,,0,,0,Light,0,-1,0.849,1.599,150.0,750.0,450.0,300.0,0.0,0.0,,300000000.0,0.0,300000000.0,0.0,1.0,0.0,
10000005,,,,0,,1,Light,0,-1,1.049,1.799,50.0,750.0,450.0,300.0,0.0,0.0,,300000000.0,0.0,300000000.0,0.0,1.0,0.0,
30000002,,,,0,,3,Light,0,-1,1.549,1.849,750.0,300.0,0.0,300.0,0.0,0.0,,300000000.0,0.0,300000000.0,0.0,1.0,0.0,
40000004,,,,0,,4,Light,0,-1,1.149,1.849,50.0,700.0,400.0,300.0,0.0,0.0,,300000000.0,0.0,300000000.0,0.0,1.0,0.0,
50000006,,,,0,,5,Light,0,-1,1.349,1.849,750.0,500.0,200.0,300.0,0.0,0.0,,300000000.0,0.0,300000000.0,0.0,1.0,0.0,
6,,,,0,,0,Light,0,-1,0.899,1.899,50.0,1000.0,700.0,300.0,0.0,0.0,,300000000.0,0.0,300000000.0,0.0,1.0,0.0,
20000002,,,,0,,2,Light,0,-1,1.749,2.049,1500.0,300.0,0.0,300.0,0.0,0.0,,300000000.0,0.0,300000000.0,0.0,1.0,0.0,
10000006,,,,0,,1,Light,0,-1,1.299,2.099,250.0,800.0,500.0,300.0,0.0,0.0,,300000000.0,0.0,300000000.0,0.0,1.0,0.0,
30000003,,,,0,,3,Light,0,-1,1.649,2.149,100.0,500.0,200.0,300.0,0.0,0.0,,300000000.0,0.0,300000000.0,0.0,1.0,0.0,
40000005,,,,0,,4,Light,0,-1,1.249,2.149,100.0,900.0,600.0,300.0,0.0,0.0,,300000000.0,0.0,300000000.0,0.0,1.0,0.0,
50000007,,,,0,,5,Light,0,-1,1.399,2.149,50.0,750.0,450.0,300.0,0.0,0.0,,300000000.0,0.0,300000000.0,0.0,1.0,0.0,
7,,,,0,,0,Light,0,-1,0.949,2.199,50.0,1250.0,950.0,300.0,0.0,0.0,,300000000.0,0.0,300000000.0,0.0,1.0,0.0,
20000003,,,,0,,2,Light,0,-1,1.999,2.349,250.0,350.0,50.0,300.0,0.0,0.0,,300000000.0,0.0,300000000.0,0.0,1.0,0.0,
10000007,,,,0,,1,Light,0,-1,1.599,2.399,300.0,800.0,500.0,300.0,0.0,0.0,,300000000.0,0.0,300000000.0,0.0,1.0,0.0,
30000004,,,,0,,3,Light,0,-1,1.949,2.449,300.0,500.0,200.0,300.0,0.0,0.0,,300000000.0,0.0,300000000.0,0.0,1.0,0.0,
40000006,,,,0,,4,Light,0,-1,1.499,2.449,250.0,950.0,650.0,300.0,0.0,0.0,,300000000.0,0.0,300000000.0,0.0,1.0,0.0,
50000008,,,,0,,5,Light,0,-1,1.449,2.449,50.0,1000.0,700.0,300.0,0.0,0.0,,300000000.0,0.0,300000000.0,0.0,1.0,0.0,
8,,,,0,,0,Light,0,-1,1.199,2.499,250.0,1300.0,1000.0,300.0,0.0,0.0,,300000000.0,0.0,300000000.0,0.0,1.0,0.0,
20000004,,,,0,,2,Light,0,-1,2.049,2.649,50.0,600.0,300.0,300.0,0.0,0.0,,300000000.0,0.0,300000000.0,0.0,1.0,0.0,
10000008,,,,0,,1,Light,0,-1,1.849,2.699,250.0,850.0,550.0,300.0,0.0,0.0,,300000000.0,0.0,300000000.0,0.0,1.0,0.0,
30000005,,,,0,,3,Light,0,-1,2.349,2.749,400.0,400.0,100.0,300.0,0.0,0.0,,300000000.0,0.0,300000000.0,0.0,1.0,0.0,
40000007,,,,0,,4,Light,0,-1,1.699,2.749,200.0,1050.0,750.0,300.0,0.0,0.0,,300000000.0,0.0,300000000.0,0.0,1.0,0.0,
50000009,,,,0,,5,Light,0,-1,1.899,2.749,450.0,850.0,550.0,300.0,0.0,0.0,,300000000.0,0.0,300000000.0,0.0,1.0,0.0,
9,,,,0,,0,Light,0,-1,1.799,2.799,600.0,1000.0,700.0,300.0,0.0,0.0,,300000000.0,0.0,300000000.0,0.0,1.0,0.0,
20000005,,,,0,,2,Light,0,-1,2.199,2.949,150.0,750.0,450.0,300.0,0.0,0.0,,300000000.0,0.0,300000000.0,0.0,1.0,0.0,
10000009,,,,0,,1,Light,0,-1,2.099,2.999,250.0,900.0,600.0,300.0,0.0,0.0,,300000000.0,0.0,300000000.0,0.0,1.0,0.0,
30000006,,,,0,,3,Light,0,-1,2.749,3.049,400.0,300.0,0.0,300.0,0.0,0.0,,300000000.0,0.0,300000000.0,0.0,1.0,0.0,
40000008,,,,0,,4,Light,0,-1,2.549,3.049,850.0,500.0,200.0,300.0,0.0,0.0,,300000000.0,0.0,300000000.0,0.0,1.0,0.0,
50000010,,,,0,,5,Light,0,-1,2.699,3.049,800.0,350.0,50.0,300.0,0.0,0.0,,300000000.0,0.0,300000000.0,0.0,1.0,0.0,
10,,,,0,,0,Light,0,-1,2.249,3.099,450.0,850.0,550.0,300.0,0.0,0.0,,300000000.0,0.0,300000000.0,0.0,1.0,0.0,
20000006,,,,0,,2,Light,0,-1,2.449,3.249,250.0,800.0,500.0,300.0,0.0,0.0,,300000000.0,0.0,300000000.0,0.0,1.0,0.0,
10000010,,,,0,,1,Light,0,-1,2.149,3.299,50.0,1150.0,850.0,300.0,0.0,0.0,,300000000.0,0.0,300000000.0,0.0,1.0,0.0,
30000007,,,,0,,3,Light,0,-1,2.899,3.349,150.0,450.0,150.0,300.0,0.0,0.0,,300000000.0,0.0,300000000.0,0.0,1.0,0.0,
40000009,,,,0,,4,Light,0,-1,2.799,3.349,250.0,550.0,250.0,300.0,0.0,0.0,,300000000.0,0.0,300000000.0,0.0,1.0,0.0,
11,,,,0,,0,Light,0,-1,2.299,3.399,50.0,1100.0,800.0,300.0,0.0,0.0,,300000000.0,0.0,300000000.0,0.0,1.0,0.0,
50000011,,,,0,,5,Light,0,-1,3.099,3.399,400.0,300.0,0.0,300.0,0.0,0.0,,300000000.0,0.0,300000000.0,0.0,1.0,0.0,
20000007,,,,0,,2,Light,0,-1,2.499,3.549,50.0,1050.0,750.0,300.0,0.0,0.0,,300000000.0,0.0,300000000.0,0.0,1.0,0.0,
10000011,,,,0,,1,Light,0,-1,3.299,3.599,1150.0,300.0,0.0,300.0,0.0,0.0,,300000000.0,0.0,300000000.0,0.0,1.0,0.0,
40000010,,,,0,,4,Light,0,-1,2.999,3.649,200.0,650.0,350.0,300.0,0.0,0.0,,300000000.0,0.0,300000000.0,0.0,1.0,0.0,
12,,,,0,,0,Light,0,-1,2.399,3.699,100.0,1300.0,1000.0,300.0,0.0,0.0,,300000000.0,0.0,300000000.0,0.0,1.0,0.0,
50000012,,,,0,,5,Light,0,-1,3.349,3.699,250.0,350.0,50.0,300.0,0.0,0.0,,300000000.0,0.0,300000000.0,0.0,1.0,0.0,
20000008,,,,0,,2,Light,0,-1,2.599,3.849,100.0,1250.0,950.0,300.0,0.0,0.0,,300000000.0,0.0,300000000.0,0.0,1.0,0.0,
10000012,,,,0,,1,Light,0,-1,3.549,3.899,250.0,350.0,50.0,300.0,0.0,0.0,,300000000.0,0.0,300000000.0,0.0,1.0,0.0,
40000011,,,,0,,4,Light,0,-1,3.149,3.949,150.0,800.0,500.0,300.0,0.0,0.0,,300000000.0,0.0,300000000.0,0.0,1.0,0.0,
13,,,,0,,0,Light,0,-1,2.649,3.999,250.0,1350.0,1050.0,300.0,0.0,0.0,,300000000.0,0.0,300000000.0,0.0,1.0,0.0,
50000013,,,,0,,5,Light,0,-1,3.499,3.999,150.0,500.0,200.0,300.0,0.0,0.0,,300000000.0,0.0,300000000.0,0.0,1.0,0.0,
30000008,,,,0,,3,Light,0,-1,3.799,4.099,900.0,300.0,0.0,300.0,0.0,0.0,,300000000.0,0.0,300000000.0,0.0,1.0,0.0,
20000009,,,,0,,2,Light,0,-1,3.049,4.149,450.0,1100.0,800.0,300.0,0.0,0.0,,300000000.0,0.0,300000000.0,0.0,1.0,0.0,
10000013,,,,0,,1,Light,0,-1,3.699,4.199,150.0,500.0,200.0,300.0,0.0,0.0,,300000000.0,0.0,300000000.0,0.0,1.0,0.0,
40000012,,,,0,,4,Light,0,-1,3.249,4.249,100.0,1000.0,700.0,300.0,0.0,0.0,,300000000.0,0.0,300000000.0,0.0,1.0,0.0,
14,,,,0,,0,Light,0,-1,2.849,4.299,200.0,1450.0,1150.0,300.0,0.0,0.0,,300000000.0,0.0,300000000.0,0.0,1.0,0.0,
50000014,,,,0,,5,Light,0,-1,3.949,4.299,450.0,350.0,50.0,300.0,0.0,0.0,,300000000.0,0.0,300000000.0,0.0,1.0,0.0,
30000009,,,,0,,3,Light,0,-1,3.899,4.399,100.0,500.0,200.0,300.0,0.0,0.0,,300000000.0,0.0,300000000.0,0.0,1.0,0.0,
20000010,,,,0,,2,Light,0,-1,3.199,4.449,150.0,1250.0,950.0,300.0,0.0,0.0,,300000000.0,0.0,300000000.0,0.0,1.0,0.0,
10000014,,,,0,,1,Light,0,-1,4.049,4.499,350.0,450.0,150.0,300.0,0.0,0.0,,300000000.0,0.0,300000000.0,0.0,1.0,0.0,
15,,,,0,,0,Light,0,-1,2.949,4.599,100.0,1650.0,1350.0,300.0,0.0,0.0,,300000000.0,0.0,300000000.0,0.0,1.0,0.0,
50000015,,,,0,,5,Light,0,-1,4.249,4.599,300.0,350.0,50.0,300.0,0.0,0.0,,300000000.0,0.0,300000000.0,0.0,1.0,0.0,
20000011,,,,0,,2,Light,0,-1,3.599,4.749,400.0,1150.0,850.0,300.0,0.0,0.0,,300000000.0,0.0,300000000.0,0.0,1.0,0.0,
10000015,,,,0,,1,Light,0,-1,4.199,4.799,150.0,600.0,300.0,300.0,0.0,0.0,,300000000.0,0.0,300000000.0,0.0,1.0,0.0,
40000013,,,,0,,4,Light,0,-1,4.549,4.849,1300.0,300.0,0.0,300.0,0.0,0.0,,300000000.0,0.0,300000000.0,0.0,1.0,0.0,
16,,,,0,,0,Light,0,-1,3.399,4.899,450.0,1500.0,1200.0,300.0,0.0,0.0,,300000000.0,0.0,300000000.0,0.0,1.0,0.0,
50000016,,,,0,,5,Light,0,-1,4.349,4.899,100.0,550.0,250.0,300.0,0.0,0.0,,300000000.0,0.0,300000000.0,0.0,1.0,0.0,
20000012,,,,0,,2,Light,0,-1,3.849,5.049,250.0,1200.0,900.0,300.0,0.0,0.0,,300000000.0,0.0,300000000.0,0.0,1.0,0.0,
10000016,,,,0,,1,Light,0,-1,4.649,5.099,450.0,450.0,150.0,300.0,0.0,0.0,,300000000.0,0.0,300000000.0,0.0,1.0,0.0,
40000014,,,,0,,4,Light,0,-1,4.699,5.149,150.0,450.0,150.0,300.0,0.0,0.0,,300000000.0,0.0,300000000.0,0.0,1.0,0.0,
17,,,,0,,0,Light,0,-1,3.449,5.199,50.0,1750.0,1450.0,300.0,0.0,0.0,,300000000.0,0.0,300000000.0,0.0,1.0,0.0,
30000010,,,,0,,3,Light,0,-1,4.899,5.199,1000.0,300.0,0.0,300.0,0.0,0.0,,300000000.0,0.0,300000000.0,0.0,1.0,0.0,
50000017,,,,0,,5,Light,0,-1,4.399,5.199,50.0,800.0,500.0,300.0,0.0,0.0,,300000000.0,0.0,300000000.0,0.0,1.0,0.0,
20000013,,,,0,,2,Light,0,-1,3.999,5.349,150.0,1350.0,1050.0,300.0,0.0,0.0,,300000000.0,0.0,300000000.0,0.0,1.0,0.0,
10000017,,,,0,,1,Light,0,-1,4.799,5.399,150.0,600.0,300.0,300.0,0.0,0.0,,300000000.0,0.0,300000000.0,0.0,1.0,0.0,
40000015,,,,0,,4,Light,0,-1,5.149,5.449,450.0,300.0,0.0,300.0,0.0,0.0,,300000000.0,0.0,300000000.0,0.0,1.0,0.0,
18,,,,0,,0,Light,0,-1,3.649,5.499,200.0,1850.0,1550.0,300.0,0.0,0.0,,300000000.0,0.0,300000000.0,0.0,1.0,0.0,
30000011,,,,0,,3,Light,0,-1,4.949,5.499,50.0,550.0,250.0,300.0,0.0,0.0,,300000000.0,0.0,300000000.0,0.0,1.0,0.0,
50000018,,,,0,,5,Light,0,-1,4.449,5.499,50.0,1050.0,750.0,300.0,0.0,0.0,,300000000.0,0.0,300000000.0,0.0,1.0,0.0,
20000014,,,,0,,2,Light,0,-1,4.099,5.649,100.0,1550.0,1250.0,300.0,0.0,0.0,,300000000.0,0.0,300000000.0,0.0,1.0,0.0,
10000018,,,,0,,1,Light,0,-1,4.849,5.699,50.0,850.0,550.0,300.0,0.0,0.0,,300000000.0,0.0,300000000.0,0.0,1.0,0.0,
19,,,,0,,0,Light,0,-1,3.749,5.799,100.0,2050.0,1750.0,300.0,0.0,0.0,,300000000.0,0.0,300000000.0,0.0,1.0,0.0,
50000019,,,,0,,5,Light,0,-1,4.599,5.799,150.0,1200.0,900.0,300.0,0.0,0.0,,300000000.0,0.0,300000000.0,0.0,1.0,0.0,
30000012,,,,0,,3,Light,0,-1,5.549,5.849,600.0,300.0,0.0,300.0,0.0,0.0,,300000000.0,0.0,300000000.0,0.0,1.0,0.0,
20000015,,,,0,,2,Light,0,-1,4.149,5.949,50.0,1800.0,1500.0,300.0,0.0,0.0,,300000000.0,0.0,300000000.0,0.0,1.0,0.0,
10000019,,,,0,,1,Light,0,-1,5.199,5.999,350.0,800.0,500.0,300.0,0.0,0.0,,300000000.0,0.0,300000000.0,0.0,1.0,0.0,
40000016,,,,0,,4,Light,0,-1,5.749,6.049,600.0,300.0,0.0,300.0,0.0,0.0,,300000000.0,0.0,300000000.0,0.0,1.0,0.0,
20,,,,0,,0,Light,0,-1,4.499,6.099,750.0,1600.0,1300.0,300.0,0.0,0.0,,300000000.0,0.0,300000000.0,0.0,1.0,0.0,
50000020,,,,0,,5,Light,0,-1,4.749,6.099,150.0,1350.0,1050.0,300.0,0.0,0.0,,300000000.0,0.0,300000000.0,0.0,1.0,0.0,
20000016,,,,0,,2,Light,0,-1,4.299,6.249,150.0,1950.0,1650.0,300.0,0.0,0.0,,300000000.0,0.0,300000000.0,0.0,1.0,0.0,
10000020,,,,0,,1,Light,0,-1,5.399,6.299,200.0,900.0,600.0,300.0,0.0,0.0,,300000000.0,0.0,300000000.0,0.0,1.0,0.0,
30000013,,,,0,,3,Light,0,-1,5.999,6.299,450.0,300.0,0.0,300.0,0.0,0.0,,300000000.0,0.0,300000000.0,0.0,1.0,0.0,
21,,,,0,,0,Light,0,-1,5.349,6.399,850.0,1050.0,750.0,300.0,0.0,0.0,,300000000.0,0.0,300000000.0,0.0,1.0,0.0,
50000021,,,,0,,5,Light,0,-1,5.049,6.399,300.0,1350.0,1050.0,300.0,0.0,0.0,,300000000.0,0.0,300000000.0,0.0,1.0,0.0,
20000017,,,,0,,2,Light,0,-1,4.999,6.549,700.0,1550.0,1250.0,300.0,0.0,0.0,,300000000.0,0.0,300000000.0,0.0,1.0,0.0,
10000021,,,,0,,1,Light,0,-1,5.699,6.599,300.0,900.0,600.0,300.0,0.0,0.0,,300000000.0,0.0,300000000.0,0.0,1.0,0.0,
30000014,,,,0,,3,Light,0,-1,6.049,6.599,50.0,550.0,250.0,300.0,0.0,0.0,,300000000.0,0.0,300000000.0,0.0,1.0,0.0,
22,,,,0,,0,Light,0,-1,5.449,6.699,100.0,1250.0,950.0,300.0,0.0,0.0,,300000000.0,0.0,300000000.0,0.0,1.0,0.0,
50000022,,,,0,,5,Light,0,-1,5.099,6.699,50.0,1600.0,1300.0,300.0,0.0,0.0,,300000000.0,0.0,300000000.0,0.0,1.0,0.0,
40000017,,,,0,,4,Light,0,-1,6.449,6.749,700.0,300.0,0.0,300.0,0.0,0.0,,300000000.0,0.0,300000000.0,0.0,1.0,0.0,
20000018,,,,0,,2,Light,0,-1,5.299,6.849,300.0,1550.0,1250.0,300.0,0.0,0.0,,300000000.0,0.0,300000000.0,0.0,1.0,0.0,
10000022,,,,0,,1,Light,0,-1,5.899,6.899,200.0,1000.0,700.0,300.0,0.0,0.0,,300000000.0,0.0,300000000.0,0.0,1.0,0.0,
30000015,,,,0,,3,Light,0,-1,6.149,6.899,100.0,750.0,450.0,300.0,0.0,0.0,,300000000.0,0.0,300000000.0,0.0,1.0,0.0,
23,,,,0,,0,Light,0,-1,5.649,6.999,200.0,1350.0,1050.0,300.0,0.0,0.0,,300000000.0,0.0,300000000.0,0.0,1.0,0.0,
50000023,,,,0,,5,Light,0,-1,5.249,6.999,150.0,1750.0,1450.0,300.0,0.0,0.0,,300000000.0,0.0,300000000.0,0.0,1.0,0.0,
40000018,,,,0,,4,Light,0,-1,6.499,7.049,50.0,550.0,250.0,300.0,0.0,0.0,,300000000.0,0.0,300000000.0,0.0,1.0,0.0,
20000019,,,,0,,2,Light,0,-1,5.499,7.149,200.0,1650.0,1350.0,300.0,0.0,0.0,,300000000.0,0.0,300000000.0,0.0,1.0,0.0,
10000023,,,,0,,1,Light,0,-1,6.199,7.199,300.0,1000.0,700.0,300.0,0.0,0.0,,300000000.0,0.0,300000000.0,0.0,1.0,0.0,
30000016,,,,0,,3,Light,0,-1,6.699,7.199,550.0,500.0,200.0,300.0,0.0,0.0,,300000000.0,0.0,300000000.0,0.0,1.0,0.0,
50000024,,,,0,,5,Light,0,-1,5.799,7.299,550.0,1500.0,1200.0,300.0,0.0,0.0,,300000000.0,0.0,300000000.0,0.0,1.0,0.0,
40000019,,,,0,,4,Light,0,-1,6.649,7.349,150.0,700.0,400.0,300.0,0.0,0.0,,300000000.0,0.0,300000000.0,0.0,1.0,0.0,
24,,,,0,,0,Light,0,-1,7.099,7.399,1450.0,300.0,0.0,300.0,0.0,0.0,,300000000.0,0.0,300000000.0,0.0,1.0,0.0,
20000020,,,,0,,2,Light,0,-1,5.599,7.449,100.0,1850.0,1550.0,300.0,0.0,0.0,,300000000.0,0.0,300000000.0,0.0,1.0,0.0,
10000024,,,,0,,1,Light,0,-1,6.299,7.499,100.0,1200.0,900.0,300.0,0.0,0.0,,300000000.0,0.0,300000000.0,0.0,1.0,0.0,
30000017,,,,0,,3,Light,0,-1,6.799,7.499,100.0,700.0,400.0,300.0,0.0,0.0,,300000000.0,0.0,300000000.0,0.0,1.0,0.0,
50000025,,,,0,,5,Light,0,-1,5.949,7.599,150.0,1650.0,1350.0,300.0,0.0,0.0,,300000000.0,0.0,300000000.0,0.0,1.0,0.0,
40000020,,,,0,,4,Light,0,-1,6.749,7.649,100.0,900.0,600.0,300.0,0.0,0.0,,300000000.0,0.0,300000000.0,0.0,1.0,0.0,
25,,,,0,,0,Light,0,-1,7.149,7.699,50.0,550.0,250.0,300.0,0.0,0.0,,300000000.0,0.0,300000000.0,0.0,1.0,0.0,
20000021,,,,0,,2,Light,0,-1,5.849,7.749,250.0,1900.0,1600.0,300.0,0.0,0.0,,300000000.0,0.0,300000000.0,0.0,1.0,0.0,
10000025,,,,0,,1,Light,0,-1,6.349,7.799,50.0,1450.0,1150.0,300.0,0.0,0.0,,300000000.0,0.0,300000000.0,0.0,1.0,0.0,
30000018,,,,0,,3,Light,0,-1,7.049,7.799,250.0,750.0,450.0,300.0,0.0,0.0,,300000000.0,0.0,300000000.0,0.0,1.0,0.0,
50000026,,,,0,,5,Light,0,-1,6.099,7.899,150.0,1800.0,1500.0,300.0,0.0,0.0,,300000000.0,0.0,300000000.0,0.0,1.0,0.0,
40000021,,,,0,,4,Light,0,-1,6.999,7.949,250.0,950.0,650.0,300.0,0.0,0.0,,300000000.0,0.0,300000000.0,0.0,1.0,0.0,
26,,,,0,,0,Light,0,-1,7.199,7.999,50.0,800.0,500.0,300.0,0.0,0.0,,300000000.0,0.0,300000000.0,0.0,1.0,0.0,
20000022,,,,0,,2,Light,0,-1,6.249,8.049,400.0,1800.0,1500.0,300.0,0.0,0.0,,300000000.0,0.0,300000000.0,0.0,1.0,0.0,
10000026,,,,0,,1,Light,0,-1,6.899,8.099,550.0,1200.0,900.0,300.0,0.0,0.0,,300000000.0,0.0,300000000.0,0.0,1.0,0.0,
30000019,,,,0,,3,Light,0,-1,7.449,8.099,400.0,650.0,350.0,300.0,0.0,0.0,,300000000.0,0.0,300000000.0,0.0,1.0,0.0,
50000027,,,,0,,5,Light,0,-1,6.399,8.199,300.0,1800.0,1500.0,300.0,0.0,0.0,,300000000.0,0.0,300000000.0,0.0,1.0,0.0,
40000022,,,,0,,4,Light,0,-1,7.499,8.249,500.0,750.0,450.0,300.0,0.0,0.0,,300000000.0,0.0,300000000.0,0.0,1.0,0.0,
27,,,,0,,0,Light,0,-1,7.549,8.299,350.0,750.0,450.0,300.0,0.0,0.0,,300000000.0,0.0,300000000.0,0.0,1.0,0.0,
20000023,,,,0,,2,Light,0,-1,6.549,8.349,300.0,1800.0,1500.0,300.0,0.0,0.0,,300000000.0,0.0,300000000.0,0.0,1.0,0.0,
10000027,,,,0,,1,Light,0,-1,6.949,8.399,50.0,1450.0,1150.0,300.0,0.0,0.0,,300000000.0,0.0,300000000.0,0.0,1.0,0.0,
30000020,,,,0,,3,Light,0,-1,7.599,8.399,150.0,800.0,500.0,300.0,0.0,0.0,,300000000.0,0.0,300000000.0,0.0,1.0,0.0,
50000028,,,,0,,5,Light,0,-1,6.599,8.499,200.0,1900.0,1600.0,300.0,0.0,0.0,,300000000.0,0.0,300000000.0,0.0,1.0,0.0,
40000023,,,,0,,4,Light,0,-1,7.699,8.549,200.0,850.0,550.0,300.0,0.0,0.0,,300000000.0,0.0,300000000.0,0.0,1.0,0.0,
28,,,,0,,0,Light,0,-1,7.949,8.599,400.0,650.0,350.0,300.0,0.0,0.0,,300000000.0,0.0,300000000.0,0.0,1.0,0.0,
20000024,,,,0,,2,Light,0,-1,6.849,8.649,300.0,1800.0,1500.0,300.0,0.0,0.0,,300000000.0,0.0,300000000.0,0.0,1.0,0.0,
10000028,,,,0,,1,Light,0,-1,7.249,8.699,300.0,1450.0,1150.0,300.0,0.0,0.0,,300000000.0,0.0,300000000.0,0.0,1.0,0.0,
30000021,,,,0,,3,Light,0,-1,7.649,8.699,50.0,1050.0,750.0,300.0,0.0,0.0,,300000000.0,0.0,300000000.0,0.0,1.0,0.0,
50000029,,,,0,,5,Light,0,-1,7.299,8.799,700.0,1500.0,1200.0,300.0,0.0,0.0,,300000000.0,0.0,300000000.0,0.0,1.0,0.0,
40000024,,,,0,,4,Light,0,-1,7.799,8.849,100.0,1050.0,750.0,300.0,0.0,0.0,,300000000.0,0.0,300000000.0,0.0,1.0,0.0,
29,,,,0,,0,Light,0,-1,8.099,8.899,150.0,800.0,500.0,300.0,0.0,0.0,,300000000.0,0.0,300000000.0,0.0,1.0,0.0,
20000025,,,,0,,2,Light,0,-1,7.849,8.949,1000.0,1100.0,800.0,300.0,0.0,0.0,,300000000.0,0.0,300000000.0,0.0,1.0,0.0,
10000029,,,,0,,1,Light,0,-1,7.349,8.999,100.0,1650.0,1350.0,300.0,0.0,0.0,,300000000.0,0.0,300000000.0,0.0,1.0,0.0,
30000022,,,,0,,3,Light,0,-1,7.749,8.999,100.0,1250.0,950.0,300.0,0.0,0.0,,300000000.0,0.0,300000000.0,0.0,1.0,0.0,
50000030,,,,0,,5,Light,0,-1,7.399,9.099,100.0,1700.0,1400.0,300.0,0.0,0.0,,300000000.0,0.0,300000000.0,0.0,1.0,0.0,
40000025,,,,0,,4,Light,0,-1,7.899,9.149,100.0,1250.0,950.0,300.0,0.0,0.0,,300000000.0,0.0,300000000.0,0.0,1.0,0.0,
30,,,,0,,0,Light,0,-1,8.399,9.199,300.0,800.0,500.0,300.0,0.0,0.0,,300000000.0,0.0,300000000.0,0.0,1.0,0.0,
20000026,,,,0,,2,Light,0,-1,8.249,9.249,400.0,1000.0,700.0,300.0,0.0,0.0,,300000000.0,0.0,300000000.0,0.0,1.0,0.0,
10000030,,,,0,,1,Light,0,-1,8.549,9.299,1200.0,750.0,450.0,300.0,0.0,0.0,,300000000.0,0.0,300000000.0,0.0,1.0,0.0,
30000023,,,,0,,3,Light,0,-1,8.499,9.299,750.0,800.0,500.0,300.0,0.0,0.0,,300000000.0,0.0,300000000.0,0.0,1.0,0.0,
50000031,,,,0,,5,Light,0,-1,7.999,9.399,600.0,1400.0,1100.0,300.0,0.0,0.0,,300000000.0,0.0,300000000.0,0.0,1.0,0.0,
40000026,,,,0,,4,Light,0,-1,8.199,9.449,300.0,1250.0,950.0,300.0,0.0,0.0,,300000000.0,0.0,300000000.0,0.0,1.0,0.0,
31,,,,0,,0,Light,0,-1,8.649,9.499,250.0,850.0,550.0,300.0,0.0,0.0,,300000000.0,0.0,300000000.0,0.0,1.0,0.0,
20000027,,,,0,,2,Light,0,-1,8.349,9.549,100.0,1200.0,900.0,300.0,0.0,0.0,,300000000.0,0.0,300000000.0,0.0,1.0,0.0,
10000031,,,,0,,1,Light,0,-1,8.899,9.599,350.0,700.0,400.0,300.0,0.0,0.0,,300000000.0,0.0,300000000.0,0.0,1.0,0.0,
30000024,,,,0,,3,Light,0,-1,8.599,9.599,100.0,1000.0,700.0,300.0,0.0,0.0,,300000000.0,0.0,300000000.0,0.0,1.0,0.0,
50000032,,,,0,,5,Light,0,-1,8.049,9.699,50.0,1650.0,1350.0,300.0,0.0,0.0,,300000000.0,0.0,300000000.0,0.0,1.0,0.0,
40000027,,,,0,,4,Light,0,-1,8.849,9.749,650.0,900.0,600.0,300.0,0.0,0.0,,300000000.0,0.0,300000000.0,0.0,1.0,0.0,
32,,,,0,,0,Light,0,-1,8.999,9.799,350.0,800.0,500.0,300.0,0.0,0.0,,300000000.0,0.0,300000000.0,0.0,1.0,0.0,
20000028,,,,0,,2,Light,0,-1,8.449,9.849,100.0,1400.0,1100.0,300.0,0.0,0.0,,300000000.0,0.0,300000000.0,0.0,1.0,0.0,
10000032,,,,0,,1,Light,0,-1,9.299,9.899,400.0,600.0,300.0,300.0,0.0,0.0,,300000000.0,0.0,300000000.0,0.0,1.0,0.0,
50000033,,,,0,,5,Light,0,-1,8.149,9.999,100.0,1850.0,1550.0,300.0,0.0,0.0,,300000000.0,0.0,300000000.0,0.0,1.0,0.0,
30000025,,,,0,,3,Light,0,-1,9.749,10.049,1150.0,300.0,0.0,300.0,0.0,0.0,,300000000.0,0.0,300000000.0,0.0,1.0,0.0,
40000028,,,,0,,4,Light,0,-1,8.949,10.049,100.0,1100.0,800.0,300.0,0.0,0.0,,300000000.0,0.0,300000000.0,0.0,1.0,0.0,
33,,,,0,,0,Light,0,-1,9.599,10.099,600.0,500.0,200.0,300.0,0.0,0.0,,300000000.0,0.0,300000000.0,0.0,1.0,0.0,
20000029,,,,0,,2,Light,0,-1,8.799,10.149,350.0,1350.0,1050.0,300.0,0.0,0.0,,300000000.0,0.0,300000000.0,0.0,1.0,0.0,
10000033,,,,0,,1,Light,0,-1,9.349,10.199,50.0,850.0,550.0,300.0,0.0,0.0,,300000000.0,0.0,300000000.0,0.0,1.0,0.0,
50000034,,,,0,,5,Light,0,-1,8.299,10.299,150.0,2000.0,1700.0,300.0,0.0,0.0,,300000000.0,0.0,300000000.0,0.0,1.0,0.0,
40000029,,,,0,,4,Light,0,-1,9.199,10.349,250.0,1150.0,850.0,300.0,0.0,0.0,,300000000.0,0.0,300000000.0,0.0,1.0,0.0,
34,,,,0,,0,Light,0,-1,9.799,10.399,200.0,600.0,300.0,300.0,0.0,0.0,,300000000.0,0.0,300000000.0,0.0,1.0,0.0,
20000030,,,,0,,2,Light,0,-1,9.099,10.449,300.0,1350.0,1050.0,300.0,0.0,0.0,,300000000.0,0.0,300000000.0,0.0,1.0,0.0,
10000034,,,,0,,1,Light,0,-1,9.449,10.499,100.0,1050.0,750.0,300.0,0.0,0.0,,300000000.0,0.0,300000000.0,0.0,1.0,0.0,
50000035,,,,0,,5,Light,0,-1,8.699,10.599,400.0,1900.0,1600.0,300.0,0.0,0.0,,300000000.0,0.0,300000000.0,0.0,1.0,0.0,
30000026,,,,0,,3,Light,0,-1,10.349,10.649,600.0,300.0,0.0,300.0,0.0,0.0,,300000000.0,0.0,300000000.0,0.0,1.0,0.0,
40000030,,,,0,,4,Light,0,-1,9.249,10.649,50.0,1400.0,1100.0,300.0,0.0,0.0,,300000000.0,0.0,300000000.0,0.0,1.0,0.0,
35,,,,0,,0,Light,0,-1,9.849,10.699,50.0,850.0,550.0,300.0,0.0,0.0,,300000000.0,0.0,300000000.0,0.0,1.0,0.0,
20000031,,,,0,,2,Light,0,-1,9.399,10.749,300.0,1350.0,1050.0,300.0,0.0,0.0,,300000000.0,0.0,300000000.0,0.0,1.0,0.0,
10000035,,,,0,,1,Light,0,-1,9.999,10.799,550.0,800.0,500.0,300.0,0.0,0.0,,300000000.0,0.0,300000000.0,0.0,1.0,0.0,
50000036,,,,0,,5,Light,0,-1,8.749,10.899,50.0,2150.0,1850.0,300.0,0.0,0.0,,300000000.0,0.0,300000000.0,0.0,1.0,0.0,
30000027,,,,0,,3,Light,0,-1,10.649,10.949,300.0,300.0,0.0,300.0,0.0,0.0,,300000000.0,0.0,300000000.0,0.0,1.0,0.0,
40000031,,,,0,,4,Light,0,-1,9.499,10.949,250.0,1450.0,1150.0,300.0,0.0,0.0,,300000000.0,0.0,300000000.0,0.0,1.0,0.0,
36,,,,0,,0,Light,0,-1,10.049,10.999,200.0,950.0,650.0,300.0,0.0,0.0,,300000000.0,0.0,300000000.0,0.0,1.0,0.0,
20000032,,,,0,,2,Light,0,-1,9.699,11.049,300.0,1350.0,1050.0,300.0,0.0,0.0,,300000000.0,0.0,300000000.0,0.0,1.0,0.0,
10000036,,,,0,,1,Light,0,-1,10.099,11.099,100.0,1000.0,700.0,300.0,0.0,0.0,,300000000.0,0.0,300000000.0,0.0,1.0,0.0,
50000037,,,,0,,5,Light,0,-1,9.049,11.199,300.0,2150.0,1850.0,300.0,0.0,0.0,,300000000.0,0.0,300000000.0,0.0,1.0,0.0,
30000028,,,,0,,3,Light,0,-1,10.949,11.249,300.0,300.0,0.0,300.0,0.0,0.0,,300000000.0,0.0,300000000.0,0.0,1.0,0.0,
40000032,,,,0,,4,Light,0,-1,9.549,11.249,50.0,1700.0,1400.0,300.0,0.0,0.0,,300000000.0,0.0,300000000.0,0.0,1.0,0.0,
37,,,,0,,0,Light,0,-1,10.199,11.299,150.0,1100.0,800.0,300.0,0.0,0.0,,300000000.0,0.0,300000000.0,0.0,1.0,0.0,
20000033,,,,0,,2,Light,0,-1,9.899,11.349,200.0,1450.0,1150.0,300.0,0.0,0.0,,300000000.0,0.0,300000000.0,0.0,1.0,0.0,
10000037,,,,0,,1,Light,0,-1,10.499,11.399,400.0,900.0,600.0,300.0,0.0,0.0,,300000000.0,0.0,300000000.0,0.0,1.0,0.0,
50000038,,,,0,,5,Light,0,-1,9.149,11.499,100.0,2350.0,2050.0,300.0,0.0,0.0,,300000000.0,0.0,300000000.0,0.0,1.0,0.0,
40000033,,,,0,,4,Light,0,-1,9.649,11.549,100.0,1900.0,1600.0,300.0,0.0,0.0,,300000000.0,0.0,300000000.0,0.0,1.0,0.0,
38,,,,0,,0,Light,0,-1,10.249,11.599,50.0,1350.0,1050.0,300.0,0.0,0.0,,300000000.0,0.0,300000000.0,0.0,1.0,0.0,
20000034,,,,0,,2,Light,0,-1,9.949,11.649,50.0,1700.0,1400.0,300.0,0.0,0.0,,300000000.0,0.0,300000000.0,0.0,1.0,0.0,
30000029,,,,0,,3,Light,0,-1,11.349,11.649,400.0,300.0,0.0,300.0,0.0,0.0,,300000000.0,0.0,300000000.0,0.0,1.0,0.0,
10000038,,,,0,,1,Light,0,-1,10.549,11.699,50.0,1150.0,850.0,300.0,0.0,0.0,,300000000.0,0.0,300000000.0,0.0,1.0,0.0,
50000039,,,,0,,5,Light,0,-1,10.299,11.799,1150.0,1500.0,1200.0,300.0,0.0,0.0,,300000000.0,0.0,300000000.0,0.0,1.0,0.0,
40000034,,,,0,,4,Light,0,-1,10.149,11.849,500.0,1700.0,1400.0,300.0,0.0,0.0,,300000000.0,0.0,300000000.0,0.0,1.0,0.0,
39,,,,0,,0,Light,0,-1,10.399,11.899,150.0,1500.0,1200.0,300.0,0.0,0.0,,300000000.0,0.0,300000000.0,0.0,1.0,0.0,
20000035,,,,0,,2,Light,0,-1,10.799,11.949,850.0,1150.0,850.0,300.0,0.0,0.0,,300000000.0,0.0,300000000.0,0.0,1.0,0.0,
30000030,,,,0,,3,Light,0,-1,11.549,11.949,200.0,400.0,100.0,300.0,0.0,0.0,,300000000.0,0.0,300000000.0,0.0,1.0,0.0,
10000039,,,,0,,1,Light,0,-1,10.749,11.999,200.0,1250.0,950.0,300.0,0.0,0.0,,300000000.0,0.0,300000000.0,0.0,1.0,0.0,
50000040,,,,0,,5,Light,0,-1,10.599,12.099,300.0,1500.0,1200.0,300.0,0.0,0.0,,300000000.0,0.0,300000000.0,0.0,1.0,0.0,
40000035,,,,0,,4,Light,0,-1,10.449,12.149,300.0,1700.0,1400.0,300.0,0.0,0.0,,300000000.0,0.0,300000000.0,0.0,1.0,0.0,
40,,,,0,,0,Light,0,-1,11.699,12.199,1300.0,500.0,200.0,300.0,0.0,0.0,,300000000.0,0.0,300000000.0,0.0,1.0,0.0,
20000036,,,,0,,2,Light,0,-1,11.299,12.249,500.0,950.0,650.0,300.0,0.0,0.0,,300000000.0,0.0,300000000.0,0.0,1.0,0.0,
30000031,,,,0,,3,Light,0,-1,11.649,12.249,100.0,600.0,300.0,300.0,0.0,0.0,,300000000.0,0.0,300000000.0,0.0,1.0,0.0,
10000040,,,,0,,1,Light,0,-1,10.999,12.299,250.0,1300.0,1000.0,300.0,0.0,0.0,,300000000.0,0.0,300000000.0,0.0,1.0,0.0,
50000041,,,,0,,5,Light,0,-1,11.099,12.399,500.0,1300.0,1000.0,300.0,0.0,0.0,,300000000.0,0.0,300000000.0,0.0,1.0,0.0,
40000036,,,,0,,4,Light,0,-1,10.699,12.449,250.0,1750.0,1450.0,300.0,0.0,0.0,,300000000.0,0.0,300000000.0,0.0,1.0,0.0,
41,,,,0,,0,Light,0,-1,11.849,12.499,150.0,650.0,350.0,300.0,0.0,0.0,,300000000.0,0.0,300000000.0,0.0,1.0,0.0,
20000037,,,,0,,2,Light,0,-1,11.499,12.549,200.0,1050.0,750.0,300.0,0.0,0.0,,300000000.0,0.0,300000000.0,0.0,1.0,0.0,
10000041,,,,0,,1,Light,0,-1,11.199,12.599,200.0,1400.0,1100.0,300.0,0.0,0.0,,300000000.0,0.0,300000000.0,0.0,1.0,0.0,
50000042,,,,0,,5,Light,0,-1,11.149,12.699,50.0,1550.0,1250.0,300.0,0.0,0.0,,300000000.0,0.0,300000000.0,0.0,1.0,0.0,
40000037,,,,0,,4,Light,0,-1,10.849,12.749,150.0,1900.0,1600.0,300.0,0.0,0.0,,300000000.0,0.0,300000000.0,0.0,1.0,0.0,
42,,,,0,,0,Light,0,-1,11.949,12.799,100.0,850.0,550.0,300.0,0.0,0.0,,300000000.0,0.0,300000000.0,0.0,1.0,0.0,
20000038,,,,0,,2,Light,0,-1,11.899,12.849,400.0,950.0,650.0,300.0,0.0,0.0,,300000000.0,0.0,300000000.0,0.0,1.0,0.0,
10000042,,,,0,,1,Light,0,-1,11.749,12.899,550.0,1150.0,850.0,300.0,0.0,0.0,,300000000.0,0.0,300000000.0,0.0,1.0,0.0,
50000043,,,,0,,5,Light,0,-1,11.249,12.999,100.0,1750.0,1450.0,300.0,0.0,0.0,,300000000.0,0.0,300000000.0,0.0,1.0,0.0,
40000038,,,,0,,4,Light,0,-1,10.899,13.049,50.0,2150.0,1850.0,300.0,0.0,0.0,,300000000.0,0.0,300000000.0,0.0,1.0,0.0,
43,,,,0,,0,Light,0,-1,12.249,13.099,300.0,850.0,550.0,300.0,0.0,0.0,,300000000.0,0.0,300000000.0,0.0,1.0,0.0,
20000039,,,,0,,2,Light,0,-1,12.649,13.149,750.0,500.0,200.0,300.0,0.0,0.0,,300000000.0,0.0,300000000.0,0.0,1.0,0.0,
10000043,,,,0,,1,Light,0,-1,11.799,13.199,50.0,1400.0,1100.0,300.0,0.0,0.0,,300000000.0,0.0,300000000.0,0.0,1.0,0.0,
30000032,,,,0,,3,Light,0,-1,12.949,13.249,1300.0,300.0,0.0,300.0,0.0,0.0,,300000000.0,0.0,300000000.0,0.0,1.0,0.0,
50000044,,,,0,,5,Light,0,-1,11.399,13.299,150.0,1900.0,1600.0,300.0,0.0,0.0,,300000000.0,0.0,300000000.0,0.0,1.0,0.0,
40000039,,,,0,,4,Light,0,-1,11.049,13.349,150.0,2300.0,2000.0,300.0,0.0,0.0,,300000000.0,0.0,300000000.0,0.0,1.0,0.0,
44,,,,0,,0,Light,0,-1,12.299,13.399,50.0,1100.0,800.0,300.0,0.0,0.0,,300000000.0,0.0,300000000.0,0.0,1.0,0.0,
20000040,,,,0,,2,Light,0,-1,12.849,13.449,200.0,600.0,300.0,300.0,0.0,0.0,,300000000.0,0.0,300000000.0,0.0,1.0,0.0,
10000044,,,,0,,1,Light,0,-1,12.099,13.499,300.0,1400.0,1100.0,300.0,0.0,0.0,,300000000.0,0.0,300000000.0,0.0,1.0,0.0,
30000033,,,,0,,3,Light,0,-1,13.299,13.599,350.0,300.0,0.0,300.0,0.0,0.0,,300000000.0,0.0,300000000.0,0.0,1.0,0.0,
50000045,,,,0,,5,Light,0,-1,11.449,13.599,50.0,2150.0,1850.0,300.0,0.0,0.0,,300000000.0,0.0,300000000.0,0.0,1.0,0.0,
40000040,,,,0,,4,Light,0,-1,11.599,13.649,550.0,2050.0,1750.0,300.0,0.0,0.0,,300000000.0,0.0,300000000.0,0.0,1.0,0.0,
45,,,,0,,0,Light,0,-1,12.449,13.699,150.0,1250.0,950.0,300.0,0.0,0.0,,300000000.0,0.0,300000000.0,0.0,1.0,0.0,
10000045,,,,0,,1,Light,0,-1,12.199,13.799,100.0,1600.0,1300.0,300.0,0.0,0.0,,300000000.0,0.0,300000000.0,0.0,1.0,0.0,
30000034,,,,0,,3,Light,0,-1,13.399,13.899,100.0,500.0,200.0,300.0,0.0,0.0,,300000000.0,0.0,300000000.0,0.0,1.0,0.0,
50000046,,,,0,,5,Light,0,-1,12.349,13.899,900.0,1550.0,1250.0,300.0,0.0,0.0,,300000000.0,0.0,300000000.0,0.0,1.0,0.0,
40000041,,,,0,,4,Light,0,-1,11.999,13.949,400.0,1950.0,1650.0,300.0,0.0,0.0,,300000000.0,0.0,300000000.0,0.0,1.0,0.0,
46,,,,0,,0,Light,0,-1,12.549,13.999,100.0,1450.0,1150.0,300.0,0.0,0.0,,300000000.0,0.0,300000000.0,0.0,1.0,0.0,
20000041,,,,0,,2,Light,0,-1,13.749,14.049,900.0,300.0,0.0,300.0,0.0,0.0,,300000000.0,0.0,300000000.0,0.0,1.0,0.0,
10000046,,,,0,,1,Light,0,-1,12.499,14.099,300.0,1600.0,1300.0,300.0,0.0,0.0,,300000000.0,0.0,300000000.0,0.0,1.0,0.0,
30000035,,,,0,,3,Light,0,-1,13.449,14.199,50.0,750.0,450.0,300.0,0.0,0.0,,300000000.0,0.0,300000000.0,0.0,1.0,0.0,
50000047,,,,0,,5,Light,0,-1,12.399,14.199,50.0,1800.0,1500.0,300.0,0.0,0.0,,300000000.0,0.0,300000000.0,0.0,1.0,0.0,
40000042,,,,0,,4,Light,0,-1,12.049,14.249,50.0,2200.0,1900.0,300.0,0.0,0.0,,300000000.0,0.0,300000000.0,0.0,1.0,0.0,
47,,,,0,,0,Light,0,-1,12.599,14.299,50.0,1700.0,1400.0,300.0,0.0,0.0,,300000000.0,0.0,300000000.0,0.0,1.0,0.0,
10000047,,,,0,,1,Light,0,-1,12.799,14.399,300.0,1600.0,1300.0,300.0,0.0,0.0,,300000000.0,0.0,300000000.0,0.0,1.0,0.0,
30000036,,,,0,,3,Light,0,-1,13.699,14.499,250.0,800.0,500.0,300.0,0.0,0.0,,300000000.0,0.0,300000000.0,0.0,1.0,0.0,
50000048,,,,0,,5,Light,0,-1,12.899,14.499,500.0,1600.0,1300.0,300.0,0.0,0.0,,300000000.0,0.0,300000000.0,0.0,1.0,0.0,
40000043,,,,0,,4,Light,0,-1,12.149,14.549,100.0,2400.0,2100.0,300.0,0.0,0.0,,300000000.0,0.0,300000000.0,0.0,1.0,0.0,
48,,,,0,,0,Light,0,-1,12.699,14.599,100.0,1900.0,1600.0,300.0,0.0,0.0,,300000000.0,0.0,300000000.0,0.0,1.0,0.0,
10000048,,,,0,,1,Light,0,-1,12.999,14.699,200.0,1700.0,1400.0,300.0,0.0,0.0,,300000000.0,0.0,300000000.0,0.0,1.0,0.0,
20000042,,,,0,,2,Light,0,-1,14.399,14.699,650.0,300.0,0.0,300.0,0.0,0.0,,300000000.0,0.0,300000000.0,0.0,1.0,0.0,
30000037,,,,0,,3,Light,0,-1,13.799,14.799,100.0,1000.0,700.0,300.0,0.0,0.0,,300000000.0,0.0,300000000.0,0.0,1.0,0.0,
50000049,,,,0,,5,Light,0,-1,13.149,14.799,250.0,1650.0,1350.0,300.0,0.0,0.0,,300000000.0,0.0,300000000.0,0.0,1.0,0.0,
40000044,,,,0,,4,Light,0,-1,12.749,14.849,600.0,2100.0,1800.0,300.0,0.0,0.0,,300000000.0,0.0,300000000.0,0.0,1.0,0.0,
49,,,,0,,0,Light,0,-1,13.549,14.899,850.0,1350.0,1050.0,300.0,0.0,0.0,,300000000.0,0.0,300000000.0,0.0,1.0,0.0,
10000049,,,,0,,1,Light,0,-1,13.099,14.999,100.0,1900.0,1600.0,300.0,0.0,0.0,,300000000.0,0.0,300000000.0,0.0,1.0,0.0,
30000038,,,,0,,3,Light,0,-1,13.849,15.099,50.0,1250.0,950.0,300.0,0.0,0.0,,300000000.0,0.0,300000000.0,0.0,1.0,0.0,
50000050,,,,0,,5,Light,0,-1,13.649,15.099,500.0,1450.0,1150.0,300.0,0.0,0.0,,300000000.0,0.0,300000000.0,0.0,1.0,0.0,
40000045,,,,0,,4,Light,0,-1,13.049,15.149,300.0,2100.0,1800.0,300.0,0.0,0.0,,300000000.0,0.0,300000000.0,0.0,1.0,0.0,
50,,,,0,,0,Light,0,-1,13.599,15.199,50.0,1600.0,1300.0,300.0,0.0,0.0,,300000000.0,0.0,300000000.0,0.0,1.0,0.0,
20000043,,,,0,,2,Light,0,-1,14.899,15.199,500.0,300.0,0.0,300.0,0.0,0.0,,300000000.0,0.0,300000000.0,0.0,1.0,0.0,
10000050,,,,0,,1,Light,0,-1,13.349,15.299,250.0,1950.0,1650.0,300.0,0.0,0.0,,300000000.0,0.0,300000000.0,0.0,1.0,0.0,
30000039,,,,0,,3,Light,0,-1,13.899,15.399,50.0,1500.0,1200.0,300.0,0.0,0.0,,300000000.0,0.0,300000000.0,0.0,1.0,0.0,
50000051,,,,0,,5,Light,0,-1,13.949,15.399,300.0,1450.0,1150.0,300.0,0.0,0.0,,300000000.0,0.0,300000000.0,0.0,1.0,0.0,
40000046,,,,0,,4,Light,0,-1,13.199,15.449,150.0,2250.0,1950.0,300.0,0.0,0.0,,300000000.0,0.0,300000000.0,0.0,1.0,0.0,
51,,,,0,,0,Light,0,-1,13.999,15.499,400.0,1500.0,1200.0,300.0,0.0,0.0,,300000000.0,0.0,300000000.0,0.0,1.0,0.0,
10000051,,,,0,,1,Light,0,-1,13.499,15.599,150.0,2100.0,1800.0,300.0,0.0,0.0,,300000000.0,0.0,300000000.0,0.0,1.0,0.0,
30000040,,,,0,,3,Light,0,-1,14.299,15.699,400.0,1400.0,1100.0,300.0,0.0,0.0,,300000000.0,0.0,300000000.0,0.0,1.0,0.0,
50000052,,,,0,,5,Light,0,-1,14.049,15.699,100.0,1650.0,1350.0,300.0,0.0,0.0,,300000000.0,0.0,300000000.0,0.0,1.0,0.0,
40000047,,,,0,,4,Light,0,-1,13.249,15.749,50.0,2500.0,2200.0,300.0,0.0,0.0,,300000000.0,0.0,300000000.0,0.0,1.0,0.0,
52,,,,0,,0,Light,0,-1,14.199,15.799,200.0,1600.0,1300.0,300.0,0.0,0.0,,300000000.0,0.0,300000000.0,0.0,1.0,0.0,
10000052,,,,0,,1,Light,0,-1,14.499,15.899,1000.0,1400.0,1100.0,300.0,0.0,0.0,,300000000.0,0.0,300000000.0,0.0,1.0,0.0,
30000041,,,,0,,3,Light,0,-1,14.699,15.999,400.0,1300.0,1000.0,300.0,0.0,0.0,,300000000.0,0.0,300000000.0,0.0,1.0,0.0,
50000053,,,,0,,5,Light,0,-1,14.099,15.999,50.0,1900.0,1600.0,300.0,0.0,0.0,,300000000.0,0.0,300000000.0,0.0,1.0,0.0,
40000048,,,,0,,4,Light,0,-1,14.649,16.049,1400.0,1400.0,1100.0,300.0,0.0,0.0,,300000000.0,0.0,300000000.0,0.0,1.0,0.0,
53,,,,0,,0,Light,0,-1,14.249,16.099,50.0,1850.0,1550.0,300.0,0.0,0.0,,300000000.0,0.0,300000000.0,0.0,1.0,0.0,
10000053,,,,0,,1,Light,0,-1,14.549,16.199,50.0,1650.0,1350.0,300.0,0.0,0.0,,300000000.0,0.0,300000000.0,0.0,1.0,0.0,
30000042,,,,0,,3,Light,0,-1,14.799,16.299,100.0,1500.0,1200.0,300.0,0.0,0.0,,300000000.0,0.0,300000000.0,0.0,1.0,0.0,
50000054,,,,0,,5,Light,0,-1,14.149,16.299,50.0,2150.0,1850.0,300.0,0.0,0.0,,300000000.0,0.0,300000000.0,0.0,1.0,0.0,
40000049,,,,0,,4,Light,0,-1,15.149,16.349,500.0,1200.0,900.0,300.0,0.0,0.0,,300000000.0,0.0,300000000.0,0.0,1.0,0.0,
54,,,,0,,0,Light,0,-1,14.449,16.399,200.0,1950.0,1650.0,300.0,0.0,0.0,,300000000.0,0.0,300000000.0,0.0,1.0,0.0,
20000044,,,,0,,2,Light,0,-1,16.099,16.399,1200.0,300.0,0.0,300.0,0.0,0.0,,300000000.0,0.0,300000000.0,0.0,1.0,0.0,
10000054,,,,0,,1,Light,0,-1,14.599,16.499,50.0,1900.0,1600.0,300.0,0.0,0.0,,300000000.0,0.0,300000000.0,0.0,1.0,0.0,
30000043,,,,0,,3,Light,0,-1,14.949,16.599,150.0,1650.0,1350.0,300.0,0.0,0.0,,300000000.0,0.0,300000000.0,0.0,1.0,0.0,
50000055,,,,0,,5,Light,0,-1,14.349,16.599,200.0,2250.0,1950.0,300.0,0.0,0.0,,300000000.0,0.0,300000000.0,0.0,1.0,0.0,
40000050,,,,0,,4,Light,0,-1,15.349,16.649,200.0,1300.0,1000.0,300.0,0.0,0.0,,300000000.0,0.0,300000000.0,0.0,1.0,0.0,
55,,,,0,,0,Light,0,-1,15.049,16.699,600.0,1650.0,1350.0,300.0,0.0,0.0,,300000000.0,0.0,300000000.0,0.0,1.0,0.0,
20000045,,,,0,,2,Light,0,-1,16.199,16.699,100.0,500.0,200.0,300.0,0.0,0.0,,300000000.0,0.0,300000000.0,0.0,1.0,0.0,
10000055,,,,0,,1,Light,0,-1,14.749,16.799,150.0,2050.0,1750.0,300.0,0.0,0.0,,300000000.0,0.0,300000000.0,0.0,1.0,0.0,
30000044,,,,0,,3,Light,0,-1,15.099,16.899,150.0,1800.0,1500.0,300.0,0.0,0.0,,300000000.0,0.0,300000000.0,0.0,1.0,0.0,
50000056,,,,0,,5,Light,0,-1,15.299,16.899,950.0,1600.0,1300.0,300.0,0.0,0.0,,300000000.0,0.0,300000000.0,0.0,1.0,0.0,
40000051,,,,0,,4,Light,0,-1,16.399,16.949,1050.0,550.0,250.0,300.0,0.0,0.0,,300000000.0,0.0,300000000.0,0.0,1.0,0.0,
56,,,,0,,0,Light,0,-1,15.199,16.999,150.0,1800.0,1500.0,300.0,0.0,0.0,,300000000.0,0.0,300000000.0,0.0,1.0,0.0,
20000046,,,,0,,2,Light,0,-1,16.699,16.999,500.0,300.0,0.0,300.0,0.0,0.0,,300000000.0,0.0,300000000.0,0.0,1.0,0.0,
10000056,,,,0,,1,Light,0,-1,14.849,17.099,100.0,2250.0,1950.0,300.0,0.0,0.0,,300000000.0,0.0,300000000.0,0.0,1.0,0.0,
30000045,,,,0,,3,Light,0,-1,15.599,17.199,500.0,1600.0,1300.0,300.0,0.0,0.0,,300000000.0,0.0,300000000.0,0.0,1.0,0.0,
50000057,,,,0,,5,Light,0,-1,16.299,17.199,1000.0,900.0,600.0,300.0,0.0,0.0,,300000000.0,0.0,300000000.0,0.0,1.0,0.0,
40000052,,,,0,,4,Light,0,-1,16.849,17.249,450.0,400.0,100.0,300.0,0.0,0.0,,300000000.0,0.0,300000000.0,0.0,1.0,0.0,
57,,,,0,,0,Light,0,-1,15.249,17.299,50.0,2050.0,1750.0,300.0,0.0,0.0,,300000000.0,0.0,300000000.0,0.0,1.0,0.0,
10000057,,,,0,,1,Light,0,-1,14.999,17.399,150.0,2400.0,2100.0,300.0,0.0,0.0,,300000000.0,0.0,300000000.0,0.0,1.0,0.0,
20000047,,,,0,,2,Light,0,-1,17.099,17.399,400.0,300.0,0.0,300.0,0.0,0.0,,300000000.0,0.0,300000000.0,0.0,1.0,0.0,
30000046,,,,0,,3,Light,0,-1,15.649,17.499,50.0,1850.0,1550.0,300.0,0.0,0.0,,300000000.0,0.0,300000000.0,0.0,1.0,0.0,
50000058,,,,0,,5,Light,0,-1,16.349,17.499,50.0,1150.0,850.0,300.0,0.0,0.0,,300000000.0,0.0,300000000.0,0.0,1.0,0.0,
40000053,,,,0,,4,Light,0,-1,16.949,17.549,100.0,600.0,300.0,300.0,0.0,0.0,,300000000.0,0.0,300000000.0,0.0,1.0,0.0,
58,,,,0,,0,Light,0,-1,15.399,17.599,150.0,2200.0,1900.0,300.0,0.0,0.0,,300000000.0,0.0,300000000.0,0.0,1.0,0.0,
10000058,,,,0,,1,Light,0,-1,15.499,17.699,500.0,2200.0,1900.0,300.0,0.0,0.0,,300000000.0,0.0,300000000.0,0.0,1.0,0.0,
30000047,,,,0,,3,Light,0,-1,15.699,17.799,50.0,2100.0,1800.0,300.0,0.0,0.0,,300000000.0,0.0,300000000.0,0.0,1.0,0.0,
50000059,,,,0,,5,Light,0,-1,16.449,17.799,100.0,1350.0,1050.0,300.0,0.0,0.0,,300000000.0,0.0,300000000.0,0.0,1.0,0.0,
40000054,,,,0,,4,Light,0,-1,17.249,17.849,300.0,600.0,300.0,300.0,0.0,0.0,,300000000.0,0.0,300000000.0,0.0,1.0,0.0,
59,,,,0,,0,Light,0,-1,15.449,17.899,50.0,2450.0,2150.0,300.0,0.0,0.0,,300000000.0,0.0,300000000.0,0.0,1.0,0.0,
10000059,,,,0,,1,Light,0,-1,15.549,17.999,50.0,2450.0,2150.0,300.0,0.0,0.0,,300000000.0,0.0,300000000.0,0.0,1.0,0.0,
30000048,,,,0,,3,Light,0,-1,15.799,18.099,100.0,2300.0,2000.0,300.0,0.0,0.0,,300000000.0,0.0,300000000.0,0.0,1.0,0.0,
50000060,,,,0,,5,Light,0,-1,16.499,18.099,50.0,1600.0,1300.0,300.0,0.0,0.0,,300000000.0,0.0,300000000.0,0.0,1.0,0.0,
40000055,,,,0,,4,Light,0,-1,17.349,18.149,100.0,800.0,500.0,300.0,0.0,0.0,,300000000.0,0.0,300000000.0,0.0,1.0,0.0,
60,,,,0,,0,Light,0,-1,15.849,18.199,400.0,2350.0,2050.0,300.0,0.0,0.0,,300000000.0,0.0,300000000.0,0.0,1.0,0.0,
10000060,,,,0,,1,Light,0,-1,15.749,18.299,200.0,2550.0,2250.0,300.0,0.0,0.0,,300000000.0,0.0,300000000.0,0.0,1.0,0.0,
30000049,,,,0,,3,Light,0,-1,15.949,18.399,150.0,2450.0,2150.0,300.0,0.0,0.0,,300000000.0,0.0,300000000.0,0.0,1.0,0.0,
50000061,,,,0,,5,Light,0,-1,16.899,18.399,400.0,1500.0,1200.0,300.0,0.0,0.0,,300000000.0,0.0,300000000.0,0.0,1.0,0.0,
40000056,,,,0,,4,Light,0,-1,17.399,18.449,50.0,1050.0,750.0,300.0,0.0,0.0,,300000000.0,0.0,300000000.0,0.0,1.0,0.0,
61,,,,0,,0,Light,0,-1,15.999,18.499,150.0,2500.0,2200.0,300.0,0.0,0.0,,300000000.0,0.0,300000000.0,0.0,1.0,0.0,
10000061,,,,0,,1,Light,0,-1,15.899,18.599,150.0,2700.0,2400.0,300.0,0.0,0.0,,300000000.0,0.0,300000000.0,0.0,1.0,0.0,
30000050,,,,0,,3,Light,0,-1,16.049,18.699,100.0,2650.0,2350.0,300.0,0.0,0.0,,300000000.0,0.0,300000000.0,0.0,1.0,0.0,
50000062,,,,0,,5,Light,0,-1,17.049,18.699,150.0,1650.0,1350.0,300.0,0.0,0.0,,300000000.0,0.0,300000000.0,0.0,1.0,0.0,
40000057,,,,0,,4,Light,0,-1,17.549,18.749,150.0,1200.0,900.0,300.0,0.0,0.0,,300000000.0,0.0,300000000.0,0.0,1.0,0.0,
62,,,,0,,0,Light,0,-1,16.799,18.799,800.0,2000.0,1700.0,300.0,0.0,0.0,,300000000.0,0.0,300000000.0,0.0,1.0,0.0,
10000062,,,,0,,1,Light,0,-1,16.599,18.899,700.0,2300.0,2000.0,300.0,0.0,0.0,,300000000.0,0.0,300000000.0,0.0,1.0,0.0,
20000048,,,,0,,2,Light,0,-1,18.649,18.949,1550.0,300.0,0.0,300.0,0.0,0.0,,300000000.0,0.0,300000000.0,0.0,1.0,0.0,
30000051,,,,0,,3,Light,0,-1,16.149,18.999,100.0,2850.0,2550.0,300.0,0.0,0.0,,300000000.0,0.0,300000000.0,0.0,1.0,0.0,
50000063,,,,0,,5,Light,0,-1,17.849,18.999,800.0,1150.0,850.0,300.0,0.0,0.0,,300000000.0,0.0,300000000.0,0.0,1.0,0.0,
40000058,,,,0,,4,Light,0,-1,17.749,19.049,200.0,1300.0,1000.0,300.0,0.0,0.0,,300000000.0,0.0,300000000.0,0.0,1.0,0.0,
63,,,,0,,0,Light,0,-1,16.999,19.099,200.0,2100.0,1800.0,300.0,0.0,0.0,,300000000.0,0.0,300000000.0,0.0,1.0,0.0,
10000063,,,,0,,1,Light,0,-1,16.649,19.199,50.0,2550.0,2250.0,300.0,0.0,0.0,,300000000.0,0.0,300000000.0,0.0,1.0,0.0,
20000049,,,,0,,2,Light,0,-1,18.699,19.249,50.0,550.0,250.0,300.0,0.0,0.0,,300000000.0,0.0,300000000.0,0.0,1.0,0.0,
30000052,,,,0,,3,Light,0,-1,16.249,19.299,100.0,3050.0,2750.0,300.0,0.0,0.0,,300000000.0,0.0,300000000.0,0.0,1.0,0.0,
50000064,,,,0,,5,Light,0,-1,18.449,19.299,600.0,850.0,550.0,300.0,0.0,0.0,,300000000.0,0.0,300000000.0,0.0,1.0,0.0,
40000059,,,,0,,4,Light,0,-1,18.049,19.349,300.0,1300.0,1000.0,300.0,0.0,0.0,,300000000.0,0.0,300000000.0,0.0,1.0,0.0,
64,,,,0,,0,Light,0,-1,17.149,19.399,150.0,2250.0,1950.0,300.0,0.0,0.0,,300000000.0,0.0,300000000.0,0.0,1.0,0.0,
10000064,,,,0,,1,Light,0,-1,16.749,19.499,100.0,2750.0,2450.0,300.0,0.0,0.0,,300000000.0,0.0,300000000.0,0.0,1.0,0.0,
20000050,,,,0,,2,Light,0,-1,18.899,19.549,200.0,650.0,350.0,300.0,0.0,0.0,,300000000.0,0.0,300000000.0,0.0,1.0,0.0,
30000053,,,,0,,3,Light,0,-1,16.549,19.599,300.0,3050.0,2750.0,300.0,0.0,0.0,,300000000.0,0.0,300000000.0,0.0,1.0,0.0,
50000065,,,,0,,5,Light,0,-1,18.799,19.599,350.0,800.0,500.0,300.0,0.0,0.0,,300000000.0,0.0,300000000.0,0.0,1.0,0.0,
40000060,,,,0,,4,Light,0,-1,18.149,19.649,100.0,1500.0,1200.0,300.0,0.0,0.0,,300000000.0,0.0,300000000.0,0.0,1.0,0.0,
65,,,,0,,0,Light,0,-1,17.199,19.699,50.0,2500.0,2200.0,300.0,0.0,0.0,,300000000.0,0.0,300000000.0,0.0,1.0,0.0,
10000065,,,,0,,1,Light,0,-1,17.449,19.799,700.0,2350.0,2050.0,300.0,0.0,0.0,,300000000.0,0.0,300000000.0,0.0,1.0,0.0,
20000051,,,,0,,2,Light,0,-1,18.999,19.849,100.0,850.0,550.0,300.0,0.0,0.0,,300000000.0,0.0,300000000.0,0.0,1.0,0.0,
30000054,,,,0,,3,Light,0,-1,17.299,19.899,750.0,2600.0,2300.0,300.0,0.0,0.0,,300000000.0,0.0,300000000.0,0.0,1.0,0.0,
50000066,,,,0,,5,Light,0,-1,18.849,19.899,50.0,1050.0,750.0,300.0,0.0,0.0,,300000000.0,0.0,300000000.0,0.0,1.0,0.0,
40000061,,,,0,,4,Light,0,-1,18.199,19.949,50.0,1750.0,1450.0,300.0,0.0,0.0,,300000000.0,0.0,300000000.0,0.0,1.0,0.0,
66,,,,0,,0,Light,0,-1,17.499,19.999,300.0,2500.0,2200.0,300.0,0.0,0.0,,300000000.0,0.0,300000000.0,0.0,1.0,0.0,
10000066,,,,0,,1,Light,0,-1,17.649,20.099,200.0,2450.0,2150.0,300.0,0.0,0.0,,300000000.0,0.0,300000000.0,0.0,1.0,0.0,
20000052,,,,0,,2,Light,0,-1,19.249,20.149,250.0,900.0,600.0,300.0,0.0,0.0,,300000000.0,0.0,300000000.0,0.0,1.0,0.0,
30000055,,,,0,,3,Light,0,-1,17.949,20.199,650.0,2250.0,1950.0,300.0,0.0,0.0,,300000000.0,0.0,300000000.0,0.0,1.0,0.0,
50000067,,,,0,,5,Light,0,-1,19.149,20.199,300.0,1050.0,750.0,300.0,0.0,0.0,,300000000.0,0.0,300000000.0,0.0,1.0,0.0,
40000062,,,,0,,4,Light,0,-1,18.299,20.249,100.0,1950.0,1650.0,300.0,0.0,0.0,,300000000.0,0.0,300000000.0,0.0,1.0,0.0,
67,,,,0,,0,Light,0,-1,17.599,20.299,100.0,2700.0,2400.0,300.0,0.0,0.0,,300000000.0,0.0,300000000.0,0.0,1.0,0.0,
10000067,,,,0,,1,Light,0,-1,17.899,20.399,250.0,2500.0,2200.0,300.0,0.0,0.0,,300000000.0,0.0,300000000.0,0.0,1.0,0.0,
20000053,,,,0,,2,Light,0,-1,19.349,20.449,100.0,1100.0,800.0,300.0,0.0,0.0,,300000000.0,0.0,300000000.0,0.0,1.0,0.0,
30000056,,,,0,,3,Light,0,-1,18.399,20.499,450.0,2100.0,1800.0,300.0,0.0,0.0,,300000000.0,0.0,300000000.0,0.0,1.0,0.0,
50000068,,,,0,,5,Light,0,-1,19.199,20.499,50.0,1300.0,1000.0,300.0,0.0,0.0,,300000000.0,0.0,300000000.0,0.0,1.0,0.0,
40000063,,,,0,,4,Light,0,-1,18.499,20.549,200.0,2050.0,1750.0,300.0,0.0,0.0,,300000000.0,0.0,300000000.0,0.0,1.0,0.0,
68,,,,0,,0,Light,0,-1,17.699,20.599,100.0,2900.0,2600.0,300.0,0.0,0.0,,300000000.0,0.0,300000000.0,0.0,1.0,0.0,
10000068,,,,0,,1,Light,0,-1,18.099,20.699,200.0,2600.0,2300.0,300.0,0.0,0.0,,300000000.0,0.0,300000000.0,0.0,1.0,0.0,
20000054,,,,0,,2,Light,0,-1,19.899,20.749,550.0,850.0,550.0,300.0,0.0,0.0,,300000000.0,0.0,300000000.0,0.0,1.0,0.0,
30000057,,,,0,,3,Light,0,-1,19.049,20.799,650.0,1750.0,1450.0,300.0,0.0,0.0,,300000000.0,0.0,300000000.0,0.0,1.0,0.0,
50000069,,,,0,,5,Light,0,-1,20.399,20.799,1200.0,400.0,100.0,300.0,0.0,0.0,,300000000.0,0.0,300000000.0,0.0,1.0,0.0,
40000064,,,,0,,4,Light,0,-1,18.549,20.849,50.0,2300.0,2000.0,300.0,0.0,0.0,,300000000.0,0.0,300000000.0,0.0,1.0,0.0,
69,,,,0,,0,Light,0,-1,17.799,20.899,100.0,3100.0,2800.0,300.0,0.0,0.0,,300000000.0,0.0,300000000.0,0.0,1.0,0.0,
10000069,,,,0,,1,Light,0,-1,18.749,20.999,650.0,2250.0,1950.0,300.0,0.0,0.0,,300000000.0,0.0,300000000.0,0.0,1.0,0.0,
20000055,,,,0,,2,Light,0,-1,19.999,21.049,100.0,1050.0,750.0,300.0,0.0,0.0,,300000000.0,0.0,300000000.0,0.0,1.0,0.0,
30000058,,,,0,,3,Light,0,-1,19.299,21.099,250.0,1800.0,1500.0,300.0,0.0,0.0,,300000000.0,0.0,300000000.0,0.0,1.0,0.0,
50000070,,,,0,,5,Light,0,-1,20.549,21.099,150.0,550.0,250.0,300.0,0.0,0.0,,300000000.0,0.0,300000000.0,0.0,1.0,0.0,
40000065,,,,0,,4,Light,0,-1,18.599,21.149,50.0,2550.0,2250.0,300.0,0.0,0.0,,300000000.0,0.0,300000000.0,0.0,1.0,0.0,
70,,,,0,,0,Light,0,-1,17.999,21.199,200.0,3200.0,2900.0,300.0,0.0,0.0,,300000000.0,0.0,300000000.0,0.0,1.0,0.0,
10000070,,,,0,,1,Light,0,-1,18.949,21.299,200.0,2350.0,2050.0,300.0,0.0,0.0,,300000000.0,0.0,300000000.0,0.0,1.0,0.0,
20000056,,,,0,,2,Light,0,-1,20.149,21.349,150.0,1200.0,900.0,300.0,0.0,0.0,,300000000.0,0.0,300000000.0,0.0,1.0,0.0,
30000059,,,,0,,3,Light,0,-1,19.499,21.399,200.0,1900.0,1600.0,300.0,0.0,0.0,,300000000.0,0.0,300000000.0,0.0,1.0,0.0,
50000071,,,,0,,5,Light,0,-1,20.699,21.399,150.0,700.0,400.0,300.0,0.0,0.0,,300000000.0,0.0,300000000.0,0.0,1.0,0.0,
40000066,,,,0,,4,Light,0,-1,19.549,21.449,950.0,1900.0,1600.0,300.0,0.0,0.0,,300000000.0,0.0,300000000.0,0.0,1.0,0.0,
71,,,,0,,0,Light,0,-1,18.249,21.499,250.0,3250.0,2950.0,300.0,0.0,0.0,,300000000.0,0.0,300000000.0,0.0,1.0,0.0,
10000071,,,,0,,1,Light,0,-1,19.099,21.599,150.0,2500.0,2200.0,300.0,0.0,0.0,,300000000.0,0.0,300000000.0,0.0,1.0,0.0,
20000057,,,,0,,2,Light,0,-1,20.199,21.649,50.0,1450.0,1150.0,300.0,0.0,0.0,,300000000.0,0.0,300000000.0,0.0,1.0,0.0,
30000060,,,,0,,3,Light,0,-1,20.299,21.699,800.0,1400.0,1100.0,300.0,0.0,0.0,,300000000.0,0.0,300000000.0,0.0,1.0,0.0,
50000072,,,,0,,5,Light,0,-1,20.849,21.699,150.0,850.0,550.0,300.0,0.0,0.0,,300000000.0,0.0,300000000.0,0.0,1.0,0.0,
40000067,,,,0,,4,Light,0,-1,19.599,21.749,50.0,2150.0,1850.0,300.0,0.0,0.0,,300000000.0,0.0,300000000.0,0.0,1.0,0.0,
72,,,,0,,0,Light,0,-1,18.349,21.799,100.0,3450.0,3150.0,300.0,0.0,0.0,,300000000.0,0.0,300000000.0,0.0,1.0,0.0,
10000072,,,,0,,1,Light,0,-1,19.799,21.899,700.0,2100.0,1800.0,300.0,0.0,0.0,,300000000.0,0.0,300000000.0,0.0,1.0,0.0,
20000058,,,,0,,2,Light,0,-1,20.449,21.949,250.0,1500.0,1200.0,300.0,0.0,0.0,,300000000.0,0.0,300000000.0,0.0,1.0,0.0,
50000073,,,,0,,5,Light,0,-1,21.149,21.999,300.0,850.0,550.0,300.0,0.0,0.0,,300000000.0,0.0,300000000.0,0.0,1.0,0.0,
40000068,,,,0,,4,Light,0,-1,19.749,22.049,150.0,2300.0,2000.0,300.0,0.0,0.0,,300000000.0,0.0,300000000.0,0.0,1.0,0.0,
73,,,,0,,0,Light,0,-1,19.399,22.099,1050.0,2700.0,2400.0,300.0,0.0,0.0,,300000000.0,0.0,300000000.0,0.0,1.0,0.0,
30000061,,,,0,,3,Light,0,-1,21.849,22.149,1550.0,300.0,0.0,300.0,0.0,0.0,,300000000.0,0.0,300000000.0,0.0,1.0,0.0,
10000073,,,,0,,1,Light,0,-1,19.949,22.199,150.0,2250.0,1950.0,300.0,0.0,0.0,,300000000.0,0.0,300000000.0,0.0,1.0,0.0,
20000059,,,,0,,2,Light,0,-1,20.799,22.249,350.0,1450.0,1150.0,300.0,0.0,0.0,,300000000.0,0.0,300000000.0,0.0,1.0,0.0,
50000074,,,,0,,5,Light,0,-1,21.499,22.299,350.0,800.0,500.0,300.0,0.0,0.0,,300000000.0,0.0,300000000.0,0.0,1.0,0.0,
40000069,,,,0,,4,Light,0,-1,19.849,22.349,100.0,2500.0,2200.0,300.0,0.0,0.0,,300000000.0,0.0,300000000.0,0.0,1.0,0.0,
74,,,,0,,0,Light,0,-1,19.449,22.399,50.0,2950.0,2650.0,300.0,0.0,0.0,,300000000.0,0.0,300000000.0,0.0,1.0,0.0,
30000062,,,,0,,3,Light,0,-1,22.099,22.449,250.0,350.0,50.0,300.0,0.0,0.0,,300000000.0,0.0,300000000.0,0.0,1.0,0.0,
10000074,,,,0,,1,Light,0,-1,20.099,22.499,150.0,2400.0,2100.0,300.0,0.0,0.0,,300000000.0,0.0,300000000.0,0.0,1.0,0.0,
20000060,,,,0,,2,Light,0,-1,20.999,22.549,200.0,1550.0,1250.0,300.0,0.0,0.0,,300000000.0,0.0,300000000.0,0.0,1.0,0.0,
50000075,,,,0,,5,Light,0,-1,21.649,22.599,150.0,950.0,650.0,300.0,0.0,0.0,,300000000.0,0.0,300000000.0,0.0,1.0,0.0,
40000070,,,,0,,4,Light,0,-1,20.349,22.649,500.0,2300.0,2000.0,300.0,0.0,0.0,,300000000.0,0.0,300000000.0,0.0,1.0,0.0,
75,,,,0,,0,Light,0,-1,19.649,22.699,200.0,3050.0,2750.0,300.0,0.0,0.0,,300000000.0,0.0,300000000.0,0.0,1.0,0.0,
10000075,,,,0,,1,Light,0,-1,20.249,22.799,150.0,2550.0,2250.0,300.0,0.0,0.0,,300000000.0,0.0,300000000.0,0.0,1.0,0.0,
20000061,,,,0,,2,Light,0,-1,21.299,22.849,300.0,1550.0,1250.0,300.0,0.0,0.0,,300000000.0,0.0,300000000.0,0.0,1.0,0.0,
30000063,,,,0,,3,Light,0,-1,22.599,22.899,500.0,300.0,0.0,300.0,0.0,0.0,,300000000.0,0.0,300000000.0,0.0,1.0,0.0,
50000076,,,,0,,5,Light,0,-1,21.699,22.899,50.0,1200.0,900.0,300.0,0.0,0.0,,300000000.0,0.0,300000000.0,0.0,1.0,0.0,
40000071,,,,0,,4,Light,0,-1,20.499,22.949,150.0,2450.0,2150.0,300.0,0.0,0.0,,300000000.0,0.0,300000000.0,0.0,1.0,0.0,
76,,,,0,,0,Light,0,-1,19.699,22.999,50.0,3300.0,3000.0,300.0,0.0,0.0,,300000000.0,0.0,300000000.0,0.0,1.0,0.0,
10000076,,,,0,,1,Light,0,-1,20.949,23.099,700.0,2150.0,1850.0,300.0,0.0,0.0,,300000000.0,0.0,300000000.0,0.0,1.0,0.0,
20000062,,,,0,,2,Light,0,-1,21.349,23.149,50.0,1800.0,1500.0,300.0,0.0,0.0,,300000000.0,0.0,300000000.0,0.0,1.0,0.0,
30000064,,,,0,,3,Light,0,-1,22.749,23.199,150.0,450.0,150.0,300.0,0.0,0.0,,300000000.0,0.0,300000000.0,0.0,1.0,0.0,
50000077,,,,0,,5,Light,0,-1,22.049,23.199,350.0,1150.0,850.0,300.0,0.0,0.0,,300000000.0,0.0,300000000.0,0.0,1.0,0.0,
40000072,,,,0,,4,Light,0,-1,20.599,23.249,100.0,2650.0,2350.0,300.0,0.0,0.0,,300000000.0,0.0,300000000.0,0.0,1.0,0.0,
77,,,,0,,0,Light,0,-1,20.049,23.299,350.0,3250.0,2950.0,300.0,0.0,0.0,,300000000.0,0.0,300000000.0,0.0,1.0,0.0,
10000077,,,,0,,1,Light,0,-1,21.249,23.399,300.0,2150.0,1850.0,300.0,0.0,0.0,,300000000.0,0.0,300000000.0,0.0,1.0,0.0,
20000063,,,,0,,2,Light,0,-1,21.549,23.449,200.0,1900.0,1600.0,300.0,0.0,0.0,,300000000.0,0.0,300000000.0,0.0,1.0,0.0,
50000078,,,,0,,5,Light,0,-1,22.399,23.499,350.0,1100.0,800.0,300.0,0.0,0.0,,300000000.0,0.0,300000000.0,0.0,1.0,0.0,
40000073,,,,0,,4,Light,0,-1,20.749,23.549,150.0,2800.0,2500.0,300.0,0.0,0.0,,300000000.0,0.0,300000000.0,0.0,1.0,0.0,
78,,,,0,,0,Light,0,-1,20.649,23.599,600.0,2950.0,2650.0,300.0,0.0,0.0,,300000000.0,0.0,300000000.0,0.0,1.0,0.0,
10000078,,,,0,,1,Light,0,-1,21.449,23.699,200.0,2250.0,1950.0,300.0,0.0,0.0,,300000000.0,0.0,300000000.0,0.0,1.0,0.0,
30000065,,,,0,,3,Light,0,-1,23.399,23.699,650.0,300.0,0.0,300.0,0.0,0.0,,300000000.0,0.0,300000000.0,0.0,1.0,0.0,
20000064,,,,0,,2,Light,0,-1,21.749,23.749,200.0,2000.0,1700.0,300.0,0.0,0.0,,300000000.0,0.0,300000000.0,0.0,1.0,0.0,
50000079,,,,0,,5,Light,0,-1,22.549,23.799,150.0,1250.0,950.0,300.0,0.0,0.0,,300000000.0,0.0,300000000.0,0.0,1.0,0.0,
40000074,,,,0,,4,Light,0,-1,21.199,23.849,450.0,2650.0,2350.0,300.0,0.0,0.0,,300000000.0,0.0,300000000.0,0.0,1.0,0.0,
79,,,,0,,0,Light,0,-1,20.899,23.899,250.0,3000.0,2700.0,300.0,0.0,0.0,,300000000.0,0.0,300000000.0,0.0,1.0,0.0,
10000079,,,,0,,1,Light,0,-1,21.599,23.999,150.0,2400.0,2100.0,300.0,0.0,0.0,,300000000.0,0.0,300000000.0,0.0,1.0,0.0,
20000065,,,,0,,2,Light,0,-1,21.899,24.049,150.0,2150.0,1850.0,300.0,0.0,0.0,,300000000.0,0.0,300000000.0,0.0,1.0,0.0,
50000080,,,,0,,5,Light,0,-1,22.699,24.099,150.0,1400.0,1100.0,300.0,0.0,0.0,,300000000.0,0.0,300000000.0,0.0,1.0,0.0,
40000075,,,,0,,4,Light,0,-1,21.399,24.149,200.0,2750.0,2450.0,300.0,0.0,0.0,,300000000.0,0.0,300000000.0,0.0,1.0,0.0,
80,,,,0,,0,Light,0,-1,21.049,24.199,150.0,3150.0,2850.0,300.0,0.0,0.0,,300000000.0,0.0,300000000.0,0.0,1.0,0.0,
10000080,,,,0,,1,Light,0,-1,22.349,24.299,750.0,1950.0,1650.0,300.0,0.0,0.0,,300000000.0,0.0,300000000.0,0.0,1.0,0.0,
20000066,,,,0,,2,Light,0,-1,22.149,24.349,250.0,2200.0,1900.0,300.0,0.0,0.0,,300000000.0,0.0,300000000.0,0.0,1.0,0.0,
30000066,,,,0,,3,Light,0,-1,24.099,24.399,700.0,300.0,0.0,300.0,0.0,0.0,,300000000.0,0.0,300000000.0,0.0,1.0,0.0,
50000081,,,,0,,5,Light,0,-1,22.999,24.399,300.0,1400.0,1100.0,300.0,0.0,0.0,,300000000.0,0.0,300000000.0,0.0,1.0,0.0,
40000076,,,,0,,4,Light,0,-1,21.799,24.449,400.0,2650.0,2350.0,300.0,0.0,0.0,,300000000.0,0.0,300000000.0,0.0,1.0,0.0,
81,,,,0,,0,Light,0,-1,21.099,24.499,50.0,3400.0,3100.0,300.0,0.0,0.0,,300000000.0,0.0,300000000.0,0.0,1.0,0.0,
10000081,,,,0,,1,Light,0,-1,22.499,24.599,150.0,2100.0,1800.0,300.0,0.0,0.0,,300000000.0,0.0,300000000.0,0.0,1.0,0.0,
20000067,,,,0,,2,Light,0,-1,22.299,24.649,150.0,2350.0,2050.0,300.0,0.0,0.0,,300000000.0,0.0,300000000.0,0.0,1.0,0.0,
50000082,,,,0,,5,Light,0,-1,23.799,24.699,800.0,900.0,600.0,300.0,0.0,0.0,,300000000.0,0.0,300000000.0,0.0,1.0,0.0,
30000067,,,,0,,3,Light,0,-1,24.449,24.749,350.0,300.0,0.0,300.0,0.0,0.0,,300000000.0,0.0,300000000.0,0.0,1.0,0.0,
40000077,,,,0,,4,Light,0,-1,22.649,24.749,850.0,2100.0,1800.0,300.0,0.0,0.0,,300000000.0,0.0,300000000.0,0.0,1.0,0.0,
82,,,,0,,0,Light,0,-1,21.949,24.799,850.0,2850.0,2550.0,300.0,0.0,0.0,,300000000.0,0.0,300000000.0,0.0,1.0,0.0,
10000082,,,,0,,1,Light,0,-1,23.049,24.899,550.0,1850.0,1550.0,300.0,0.0,0.0,,300000000.0,0.0,300000000.0,0.0,1.0,0.0,
20000068,,,,0,,2,Light,0,-1,22.449,24.949,150.0,2500.0,2200.0,300.0,0.0,0.0,,300000000.0,0.0,300000000.0,0.0,1.0,0.0,
50000083,,,,0,,5,Light,0,-1,23.899,24.999,100.0,1100.0,800.0,300.0,0.0,0.0,,300000000.0,0.0,300000000.0,0.0,1.0,0.0,
30000068,,,,0,,3,Light,0,-1,24.699,25.049,250.0,350.0,50.0,300.0,0.0,0.0,,300000000.0,0.0,300000000.0,0.0,1.0,0.0,
40000078,,,,0,,4,Light,0,-1,22.799,25.049,150.0,2250.0,1950.0,300.0,0.0,0.0,,300000000.0,0.0,300000000.0,0.0,1.0,0.0,
83,,,,0,,0,Light,0,-1,21.999,25.099,50.0,3100.0,2800.0,300.0,0.0,0.0,,300000000.0,0.0,300000000.0,0.0,1.0,0.0,
10000083,,,,0,,1,Light,0,-1,23.349,25.199,300.0,1850.0,1550.0,300.0,0.0,0.0,,300000000.0,0.0,300000000.0,0.0,1.0,0.0,
20000069,,,,0,,2,Light,0,-1,23.199,25.249,750.0,2050.0,1750.0,300.0,0.0,0.0,,300000000.0,0.0,300000000.0,0.0,1.0,0.0,
50000084,,,,0,,5,Light,0,-1,24.199,25.299,300.0,1100.0,800.0,300.0,0.0,0.0,,300000000.0,0.0,300000000.0,0.0,1.0,0.0,
40000079,,,,0,,4,Light,0,-1,23.099,25.349,300.0,2250.0,1950.0,300.0,0.0,0.0,,300000000.0,0.0,300000000.0,0.0,1.0,0.0,
84,,,,0,,0,Light,0,-1,22.199,25.399,200.0,3200.0,2900.0,300.0,0.0,0.0,,300000000.0,0.0,300000000.0,0.0,1.0,0.0,
30000069,,,,0,,3,Light,0,-1,25.099,25.399,400.0,300.0,0.0,300.0,0.0,0.0,,300000000.0,0.0,300000000.0,0.0,1.0,0.0,
10000084,,,,0,,1,Light,0,-1,23.449,25.499,100.0,2050.0,1750.0,300.0,0.0,0.0,,300000000.0,0.0,300000000.0,0.0,1.0,0.0,
20000070,,,,0,,2,Light,0,-1,23.549,25.549,350.0,2000.0,1700.0,300.0,0.0,0.0,,300000000.0,0.0,300000000.0,0.0,1.0,0.0,
50000085,,,,0,,5,Light,0,-1,24.599,25.599,400.0,1000.0,700.0,300.0,0.0,0.0,,300000000.0,0.0,300000000.0,0.0,1.0,0.0,
40000080,,,,0,,4,Light,0,-1,23.249,25.649,150.0,2400.0,2100.0,300.0,0.0,0.0,,300000000.0,0.0,300000000.0,0.0,1.0,0.0,
85,,,,0,,0,Light,0,-1,22.249,25.699,50.0,3450.0,3150.0,300.0,0.0,0.0,,300000000.0,0.0,300000000.0,0.0,1.0,0.0,
30000070,,,,0,,3,Light,0,-1,25.199,25.699,100.0,500.0,200.0,300.0,0.0,0.0,,300000000.0,0.0,300000000.0,0.0,1.0,0.0,
10000085,,,,0,,1,Light,0,-1,23.749,25.799,300.0,2050.0,1750.0,300.0,0.0,0.0,,300000000.0,0.0,300000000.0,0.0,1.0,0.0,
20000071,,,,0,,2,Light,0,-1,23.599,25.849,50.0,2250.0,1950.0,300.0,0.0,0.0,,300000000.0,0.0,300000000.0,0.0,1.0,0.0,
50000086,,,,0,,5,Light,0,-1,24.749,25.899,150.0,1150.0,850.0,300.0,0.0,0.0,,300000000.0,0.0,300000000.0,0.0,1.0,0.0,
40000081,,,,0,,4,Light,0,-1,23.299,25.949,50.0,2650.0,2350.0,300.0,0.0,0.0,,300000000.0,0.0,300000000.0,0.0,1.0,0.0,
86,,,,0,,0,Light,0,-1,22.849,25.999,600.0,3150.0,2850.0,300.0,0.0,0.0,,300000000.0,0.0,300000000.0,0.0,1.0,0.0,
30000071,,,,0,,3,Light,0,-1,25.349,25.999,150.0,650.0,350.0,300.0,0.0,0.0,,300000000.0,0.0,300000000.0,0.0,1.0,0.0,
10000086,,,,0,,1,Light,0,-1,23.849,26.099,100.0,2250.0,1950.0,300.0,0.0,0.0,,300000000.0,0.0,300000000.0,0.0,1.0,0.0,
20000072,,,,0,,2,Light,0,-1,23.699,26.149,100.0,2450.0,2150.0,300.0,0.0,0.0,,300000000.0,0.0,300000000.0,0.0,1.0,0.0,
50000087,,,,0,,5,Light,0,-1,24.799,26.199,50.0,1400.0,1100.0,300.0,0.0,0.0,,300000000.0,0.0,300000000.0,0.0,1.0,0.0,
40000082,,,,0,,4,Light,0,-1,24.049,26.249,750.0,2200.0,1900.0,300.0,0.0,0.0,,300000000.0,0.0,300000000.0,0.0,1.0,0.0,
87,,,,0,,0,Light,0,-1,22.899,26.299,50.0,3400.0,3100.0,300.0,0.0,0.0,,300000000.0,0.0,300000000.0,0.0,1.0,0.0,
30000072,,,,0,,3,Light,0,-1,25.749,26.299,400.0,550.0,250.0,300.0,0.0,0.0,,300000000.0,0.0,300000000.0,0.0,1.0,0.0,
10000087,,,,0,,1,Light,0,-1,24.249,26.399,400.0,2150.0,1850.0,300.0,0.0,0.0,,300000000.0,0.0,300000000.0,0.0,1.0,0.0,
20000073,,,,0,,2,Light,0,-1,23.999,26.449,300.0,2450.0,2150.0,300.0,0.0,0.0,,300000000.0,0.0,300000000.0,0.0,1.0,0.0,
50000088,,,,0,,5,Light,0,-1,24.999,26.499,200.0,1500.0,1200.0,300.0,0.0,0.0,,300000000.0,0.0,300000000.0,0.0,1.0,0.0,
40000083,,,,0,,4,Light,0,-1,24.149,26.549,100.0,2400.0,2100.0,300.0,0.0,0.0,,300000000.0,0.0,300000000.0,0.0,1.0,0.0,
88,,,,0,,0,Light,0,-1,22.949,26.599,50.0,3650.0,3350.0,300.0,0.0,0.0,,300000000.0,0.0,300000000.0,0.0,1.0,0.0,
30000073,,,,0,,3,Light,0,-1,26.149,26.599,400.0,450.0,150.0,300.0,0.0,0.0,,300000000.0,0.0,300000000.0,0.0,1.0,0.0,
10000088,,,,0,,1,Light,0,-1,24.299,26.699,50.0,2400.0,2100.0,300.0,0.0,0.0,,300000000.0,0.0,300000000.0,0.0,1.0,0.0,
20000074,,,,0,,2,Light,0,-1,24.649,26.749,650.0,2100.0,1800.0,300.0,0.0,0.0,,300000000.0,0.0,300000000.0,0.0,1.0,0.0,
50000089,,,,0,,5,Light,0,-1,25.649,26.799,650.0,1150.0,850.0,300.0,0.0,0.0,,300000000.0,0.0,300000000.0,0.0,1.0,0.0,
40000084,,,,0,,4,Light,0,-1,26.099,26.849,1950.0,750.0,450.0,300.0,0.0,0.0,,300000000.0,0.0,300000000.0,0.0,1.0,0.0,
89,,,,0,,0,Light,0,-1,23.149,26.899,200.0,3750.0,3450.0,300.0,0.0,0.0,,300000000.0,0.0,300000000.0,0.0,1.0,0.0,
10000089,,,,0,,1,Light,0,-1,24.349,26.999,50.0,2650.0,2350.0,300.0,0.0,0.0,,300000000.0,0.0,300000000.0,0.0,1.0,0.0,
20000075,,,,0,,2,Light,0,-1,24.899,27.049,250.0,2150.0,1850.0,300.0,0.0,0.0,,300000000.0,0.0,300000000.0,0.0,1.0,0.0,
30000074,,,,0,,3,Light,0,-1,26.799,27.099,650.0,300.0,0.0,300.0,0.0,0.0,,300000000.0,0.0,300000000.0,0.0,1.0,0.0,
50000090,,,,0,,5,Light,0,-1,26.049,27.099,400.0,1050.0,750.0,300.0,0.0,0.0,,300000000.0,0.0,300000000.0,0.0,1.0,0.0,
40000085,,,,0,,4,Light,0,-1,26.249,27.149,150.0,900.0,600.0,300.0,0.0,0.0,,300000000.0,0.0,300000000.0,0.0,1.0,0.0,
90,,,,0,,0,Light,0,-1,23.499,27.199,350.0,3700.0,3400.0,300.0,0.0,0.0,,300000000.0,0.0,300000000.0,0.0,1.0,0.0,
10000090,,,,0,,1,Light,0,-1,24.399,27.299,50.0,2900.0,2600.0,300.0,0.0,0.0,,300000000.0,0.0,300000000.0,0.0,1.0,0.0,
20000076,,,,0,,2,Light,0,-1,25.399,27.349,500.0,1950.0,1650.0,300.0,0.0,0.0,,300000000.0,0.0,300000000.0,0.0,1.0,0.0,
30000075,,,,0,,3,Light,0,-1,26.999,27.399,200.0,400.0,100.0,300.0,0.0,0.0,,300000000.0,0.0,300000000.0,0.0,1.0,0.0,
50000091,,,,0,,5,Light,0,-1,26.199,27.399,150.0,1200.0,900.0,300.0,0.0,0.0,,300000000.0,0.0,300000000.0,0.0,1.0,0.0,
40000086,,,,0,,4,Light,0,-1,26.549,27.449,300.0,900.0,600.0,300.0,0.0,0.0,,300000000.0,0.0,300000000.0,0.0,1.0,0.0,
91,,,,0,,0,Light,0,-1,23.649,27.499,150.0,3850.0,3550.0,300.0,0.0,0.0,,300000000.0,0.0,300000000.0,0.0,1.0,0.0,
10000091,,,,0,,1,Light,0,-1,24.549,27.599,150.0,3050.0,2750.0,300.0,0.0,0.0,,300000000.0,0.0,300000000.0,0.0,1.0,0.0,
20000077,,,,0,,2,Light,0,-1,25.449,27.649,50.0,2200.0,1900.0,300.0,0.0,0.0,,300000000.0,0.0,300000000.0,0.0,1.0,0.0,
30000076,,,,0,,3,Light,0,-1,27.199,27.699,200.0,500.0,200.0,300.0,0.0,0.0,,300000000.0,0.0,300000000.0,0.0,1.0,0.0,
50000092,,,,0,,5,Light,0,-1,26.899,27.699,700.0,800.0,500.0,300.0,0.0,0.0,,300000000.0,0.0,300000000.0,0.0,1.0,0.0,
40000087,,,,0,,4,Light,0,-1,26.749,27.749,200.0,1000.0,700.0,300.0,0.0,0.0,,300000000.0,0.0,300000000.0,0.0,1.0,0.0,
92,,,,0,,0,Light,0,-1,23.949,27.799,300.0,3850.0,3550.0,300.0,0.0,0.0,,300000000.0,0.0,300000000.0,0.0,1.0,0.0,
10000092,,,,0,,1,Light,0,-1,24.849,27.899,300.0,3050.0,2750.0,300.0,0.0,0.0,,300000000.0,0.0,300000000.0,0.0,1.0,0.0,
20000078,,,,0,,2,Light,0,-1,25.799,27.949,350.0,2150.0,1850.0,300.0,0.0,0.0,,300000000.0,0.0,300000000.0,0.0,1.0,0.0,
30000077,,,,0,,3,Light,0,-1,27.499,27.999,300.0,500.0,200.0,300.0,0.0,0.0,,300000000.0,0.0,300000000.0,0.0,1.0,0.0,
50000093,,,,0,,5,Light,0,-1,27.449,27.999,550.0,550.0,250.0,300.0,0.0,0.0,,300000000.0,0.0,300000000.0,0.0,1.0,0.0,
40000088,,,,0,,4,Light,0,-1,27.049,28.049,300.0,1000.0,700.0,300.0,0.0,0.0,,300000000.0,0.0,300000000.0,0.0,1.0,0.0,
93,,,,0,,0,Light,0,-1,24.499,28.099,550.0,3600.0,3300.0,300.0,0.0,0.0,,300000000.0,0.0,300000000.0,0.0,1.0,0.0,
10000093,,,,0,,1,Light,0,-1,24.949,28.199,100.0,3250.0,2950.0,300.0,0.0,0.0,,300000000.0,0.0,300000000.0,0.0,1.0,0.0,
20000079,,,,0,,2,Light,0,-1,25.849,28.249,50.0,2400.0,2100.0,300.0,0.0,0.0,,300000000.0,0.0,300000000.0,0.0,1.0,0.0,
50000094,,,,0,,5,Light,0,-1,27.699,28.299,250.0,600.0,300.0,300.0,0.0,0.0,,300000000.0,0.0,300000000.0,0.0,1.0,0.0,
30000078,,,,0,,3,Light,0,-1,28.049,28.349,550.0,300.0,0.0,300.0,0.0,0.0,,300000000.0,0.0,300000000.0,0.0,1.0,0.0,
40000089,,,,0,,4,Light,0,-1,27.099,28.349,50.0,1250.0,950.0,300.0,0.0,0.0,,300000000.0,0.0,300000000.0,0.0,1.0,0.0,
94,,,,0,,0,Light,0,-1,25.049,28.399,550.0,3350.0,3050.0,300.0,0.0,0.0,,300000000.0,0.0,300000000.0,0.0,1.0,0.0,
10000094,,,,0,,1,Light,0,-1,25.249,28.499,300.0,3250.0,2950.0,300.0,0.0,0.0,,300000000.0,0.0,300000000.0,0.0,1.0,0.0,
20000080,,,,0,,2,Light,0,-1,25.949,28.549,100.0,2600.0,2300.0,300.0,0.0,0.0,,300000000.0,0.0,300000000.0,0.0,1.0,0.0,
50000095,,,,0,,5,Light,0,-1,27.749,28.599,50.0,850.0,550.0,300.0,0.0,0.0,,300000000.0,0.0,300000000.0,0.0,1.0,0.0,
40000090,,,,0,,4,Light,0,-1,27.249,28.649,150.0,1400.0,1100.0,300.0,0.0,0.0,,300000000.0,0.0,300000000.0,0.0,1.0,0.0,
95,,,,0,,0,Light,0,-1,25.149,28.699,100.0,3550.0,3250.0,300.0,0.0,0.0,,300000000.0,0.0,300000000.0,0.0,1.0,0.0,
10000095,,,,0,,1,Light,0,-1,25.299,28.799,50.0,3500.0,3200.0,300.0,0.0,0.0,,300000000.0,0.0,300000000.0,0.0,1.0,0.0,
20000081,,,,0,,2,Light,0,-1,25.999,28.849,50.0,2850.0,2550.0,300.0,0.0,0.0,,300000000.0,0.0,300000000.0,0.0,1.0,0.0,
50000096,,,,0,,5,Light,0,-1,27.799,28.899,50.0,1100.0,800.0,300.0,0.0,0.0,,300000000.0,0.0,300000000.0,0.0,1.0,0.0,
40000091,,,,0,,4,Light,0,-1,27.599,28.949,350.0,1350.0,1050.0,300.0,0.0,0.0,,300000000.0,0.0,300000000.0,0.0,1.0,0.0,
96,,,,0,,0,Light,0,-1,25.599,28.999,450.0,3400.0,3100.0,300.0,0.0,0.0,,300000000.0,0.0,300000000.0,0.0,1.0,0.0,
30000079,,,,0,,3,Light,0,-1,28.699,28.999,650.0,300.0,0.0,300.0,0.0,0.0,,300000000.0,0.0,300000000.0,0.0,1.0,0.0,
10000096,,,,0,,1,Light,0,-1,25.499,29.099,200.0,3600.0,3300.0,300.0,0.0,0.0,,300000000.0,0.0,300000000.0,0.0,1.0,0.0,
20000082,,,,0,,2,Light,0,-1,26.299,29.149,300.0,2850.0,2550.0,300.0,0.0,0.0,,300000000.0,0.0,300000000.0,0.0,1.0,0.0,
50000097,,,,0,,5,Light,0,-1,27.849,29.199,50.0,1350.0,1050.0,300.0,0.0,0.0,,300000000.0,0.0,300000000.0,0.0,1.0,0.0,
40000092,,,,0,,4,Light,0,-1,27.649,29.249,50.0,1600.0,1300.0,300.0,0.0,0.0,,300000000.0,0.0,300000000.0,0.0,1.0,0.0,
97,,,,0,,0,Light,0,-1,25.899,29.299,300.0,3400.0,3100.0,300.0,0.0,0.0,,300000000.0,0.0,300000000.0,0.0,1.0,0.0,
30000080,,,,0,,3,Light,0,-1,28.799,29.299,100.0,500.0,200.0,300.0,0.0,0.0,,300000000.0,0.0,300000000.0,0.0,1.0,0.0,
10000097,,,,0,,1,Light,0,-1,25.549,29.399,50.0,3850.0,3550.0,300.0,0.0,0.0,,300000000.0,0.0,300000000.0,0.0,1.0,0.0,
20000083,,,,0,,2,Light,0,-1,26.449,29.449,150.0,3000.0,2700.0,300.0,0.0,0.0,,300000000.0,0.0,300000000.0,0.0,1.0,0.0,
50000098,,,,0,,5,Light,0,-1,27.899,29.499,50.0,1600.0,1300.0,300.0,0.0,0.0,,300000000.0,0.0,300000000.0,0.0,1.0,0.0,
40000093,,,,0,,4,Light,0,-1,28.249,29.549,600.0,1300.0,1000.0,300.0,0.0,0.0,,300000000.0,0.0,300000000.0,0.0,1.0,0.0,
98,,,,0,,0,Light,0,-1,26.349,29.599,450.0,3250.0,2950.0,300.0,0.0,0.0,,300000000.0,0.0,300000000.0,0.0,1.0,0.0,
30000081,,,,0,,3,Light,0,-1,29.099,29.599,300.0,500.0,200.0,300.0,0.0,0.0,,300000000.0,0.0,300000000.0,0.0,1.0,0.0,
10000098,,,,0,,1,Light,0,-1,25.699,29.699,150.0,4000.0,3700.0,300.0,0.0,0.0,,300000000.0,0.0,300000000.0,0.0,1.0,0.0,
20000084,,,,0,,2,Light,0,-1,26.599,29.749,150.0,3150.0,2850.0,300.0,0.0,0.0,,300000000.0,0.0,300000000.0,0.0,1.0,0.0,
50000099,,,,0,,5,Light,0,-1,28.149,29.799,250.0,1650.0,1350.0,300.0,0.0,0.0,,300000000.0,0.0,300000000.0,0.0,1.0,0.0,
40000094,,,,0,,4,Light,0,-1,28.549,29.849,300.0,1300.0,1000.0,300.0,0.0,0.0,,300000000.0,0.0,300000000.0,0.0,1.0,0.0,
99,,,,0,,0,Light,0,-1,26.399,29.899,50.0,3500.0,3200.0,300.0,0.0,0.0,,300000000.0,0.0,300000000.0,0.0,1.0,0.0,
30000082,,,,0,,3,Light,0,-1,29.199,29.899,100.0,700.0,400.0,300.0,0.0,0.0,,300000000.0,0.0,300000000.0,0.0,1.0,0.0,
10000099,,,,0,,1,Light,0,-1,26.499,29.999,800.0,3500.0,3200.0,300.0,0.0,0.0,,300000000.0,0.0,300000000.0,0.0,1.0,0.0,
20000085,,,,0,,2,Light,0,-1,26.849,30.049,250.0,3200.0,2900.0,300.0,0.0,0.0,,300000000.0,0.0,300000000.0,0.0,1.0,0.0,
50000100,,,,0,,5,Light,0,-1,28.349,30.099,200.0,1750.0,1450.0,300.0,0.0,0.0,,300000000.0,0.0,300000000.0,0.0,1.0,0.0,
40000095,,,,0,,4,Light,0,-1,28.949,30.149,400.0,1200.0,900.0,300.0,0.0,0.0,,300000000.0,0.0,300000000.0,0.0,1.0,0.0,
100,,,,0,,0,Light,0,-1,26.649,30.199,250.0,3550.0,3250.0,300.0,0.0,0.0,,300000000.0,0.0,300000000.0,0.0,1.0,0.0,
30000083,,,,0,,3,Light,0,-1,29.549,30.199,350.0,650.0,350.0,300.0,0.0,0.0,,300000000.0,0.0,300000000.0,0.0,1.0,0.0,
10000100,,,,0,,1,Light,0,-1,27.299,30.299,800.0,3000.0,2700.0,300.0,0.0,0.0,,300000000.0,0.0,300000000.0,0.0,1.0,0.0,
20000086,,,,0,,2,Light,0,-1,26.949,30.349,100.0,3400.0,3100.0,300.0,0.0,0.0,,300000000.0,0.0,300000000.0,0.0,1.0,0.0,
50000101,,,,0,,5,Light,0,-1,28.449,30.399,100.0,1950.0,1650.0,300.0,0.0,0.0,,300000000.0,0.0,300000000.0,0.0,1.0,0.0,
40000096,,,,0,,4,Light,0,-1,29.399,30.449,450.0,1050.0,750.0,300.0,0.0,0.0,,300000000.0,0.0,300000000.0,0.0,1.0,0.0,
101,,,,0,,0,Light,0,-1,26.699,30.499,50.0,3800.0,3500.0,300.0,0.0,0.0,,300000000.0,0.0,300000000.0,0.0,1.0,0.0,
30000084,,,,0,,3,Light,0,-1,29.849,30.499,300.0,650.0,350.0,300.0,0.0,0.0,,300000000.0,0.0,300000000.0,0.0,1.0,0.0,
10000101,,,,0,,1,Light,0,-1,27.949,30.599,650.0,2650.0,2350.0,300.0,0.0,0.0,,300000000.0,0.0,300000000.0,0.0,1.0,0.0,
20000087,,,,0,,2,Light,0,-1,27.349,30.649,400.0,3300.0,3000.0,300.0,0.0,0.0,,300000000.0,0.0,300000000.0,0.0,1.0,0.0,
50000102,,,,0,,5,Light,0,-1,28.649,30.699,200.0,2050.0,1750.0,300.0,0.0,0.0,,300000000.0,0.0,300000000.0,0.0,1.0,0.0,
40000097,,,,0,,4,Light,0,-1,29.449,30.749,50.0,1300.0,1000.0,300.0,0.0,0.0,,300000000.0,0.0,300000000.0,0.0,1.0,0.0,
102,,,,0,,0,Light,0,-1,27.149,30.799,450.0,3650.0,3350.0,300.0,0.0,0.0,,300000000.0,0.0,300000000.0,0.0,1.0,0.0,
30000085,,,,0,,3,Light,0,-1,30.099,30.799,250.0,700.0,400.0,300.0,0.0,0.0,,300000000.0,0.0,300000000.0,0.0,1.0,0.0,
10000102,,,,0,,1,Light,0,-1,28.999,30.899,1050.0,1900.0,1600.0,300.0,0.0,0.0,,300000000.0,0.0,300000000.0,0.0,1.0,0.0,
20000088,,,,0,,2,Light,0,-1,27.999,30.949,650.0,2950.0,2650.0,300.0,0.0,0.0,,300000000.0,0.0,300000000.0,0.0,1.0,0.0,
50000103,,,,0,,5,Light,0,-1,28.849,30.999,200.0,2150.0,1850.0,300.0,0.0,0.0,,300000000.0,0.0,300000000.0,0.0,1.0,0.0,
40000098,,,,0,,4,Light,0,-1,29.599,31.049,150.0,1450.0,1150.0,300.0,0.0,0.0,,300000000.0,0.0,300000000.0,0.0,1.0,0.0,
103,,,,0,,0,Light,0,-1,27.399,31.099,250.0,3700.0,3400.0,300.0,0.0,0.0,,300000000.0,0.0,300000000.0,0.0,1.0,0.0,
30000086,,,,0,,3,Light,0,-1,30.149,31.099,50.0,950.0,650.0,300.0,0.0,0.0,,300000000.0,0.0,300000000.0,0.0,1.0,0.0,
10000103,,,,0,,1,Light,0,-1,29.049,31.199,50.0,2150.0,1850.0,300.0,0.0,0.0,,300000000.0,0.0,300000000.0,0.0,1.0,0.0,
20000089,,,,0,,2,Light,0,-1,28.199,31.249,200.0,3050.0,2750.0,300.0,0.0,0.0,,300000000.0,0.0,300000000.0,0.0,1.0,0.0,
50000104,,,,0,,5,Light,0,-1,29.149,31.299,300.0,2150.0,1850.0,300.0,0.0,0.0,,300000000.0,0.0,300000000.0,0.0,1.0,0.0,
40000099,,,,0,,4,Light,0,-1,29.899,31.349,300.0,1450.0,1150.0,300.0,0.0,0.0,,300000000.0,0.0,300000000.0,0.0,1.0,0.0,
104,,,,0,,0,Light,0,-1,27.549,31.399,150.0,3850.0,3550.0,300.0,0.0,0.0,,300000000.0,0.0,300000000.0,0.0,1.0,0.0,
30000087,,,,0,,3,Light,0,-1,30.199,31.399,50.0,1200.0,900.0,300.0,0.0,0.0,,300000000.0,0.0,300000000.0,0.0,1.0,0.0,
10000104,,,,0,,1,Light,0,-1,29.349,31.499,300.0,2150.0,1850.0,300.0,0.0,0.0,,300000000.0,0.0,300000000.0,0.0,1.0,0.0,
20000090,,,,0,,2,Light,0,-1,28.299,31.549,100.0,3250.0,2950.0,300.0,0.0,0.0,,300000000.0,0.0,300000000.0,0.0,1.0,0.0,
50000105,,,,0,,5,Light,0,-1,29.249,31.599,100.0,2350.0,2050.0,300.0,0.0,0.0,,300000000.0,0.0,300000000.0,0.0,1.0,0.0,
40000100,,,,0,,4,Light,0,-1,29.949,31.649,50.0,1700.0,1400.0,300.0,0.0,0.0,,300000000.0,0.0,300000000.0,0.0,1.0,0.0,
105,,,,0,,0,Light,0,-1,28.099,31.699,550.0,3600.0,3300.0,300.0,0.0,0.0,,300000000.0,0.0,300000000.0,0.0,1.0,0.0,
30000088,,,,0,,3,Light,0,-1,30.399,31.699,200.0,1300.0,1000.0,300.0,0.0,0.0,,300000000.0,0.0,300000000.0,0.0,1.0,0.0,
10000105,,,,0,,1,Light,0,-1,29.799,31.799,450.0,2000.0,1700.0,300.0,0.0,0.0,,300000000.0,0.0,300000000.0,0.0,1.0,0.0,
20000091,,,,0,,2,Light,0,-1,28.499,31.849,200.0,3350.0,3050.0,300.0,0.0,0.0,,300000000.0,0.0,300000000.0,0.0,1.0,0.0,
50000106,,,,0,,5,Light,0,-1,29.299,31.899,50.0,2600.0,2300.0,300.0,0.0,0.0,,300000000.0,0.0,300000000.0,0.0,1.0,0.0,
40000101,,,,0,,4,Light,0,-1,30.349,31.949,400.0,1600.0,1300.0,300.0,0.0,0.0,,300000000.0,0.0,300000000.0,0.0,1.0,0.0,
106,,,,0,,0,Light,0,-1,28.399,31.999,300.0,3600.0,3300.0,300.0,0.0,0.0,,300000000.0,0.0,300000000.0,0.0,1.0,0.0,
30000089,,,,0,,3,Light,0,-1,31.449,31.999,1050.0,550.0,250.0,300.0,0.0,0.0,,300000000.0,0.0,300000000.0,0.0,1.0,0.0,
10000106,,,,0,,1,Light,0,-1,30.299,32.099,500.0,1800.0,1500.0,300.0,0.0,0.0,,300000000.0,0.0,300000000.0,0.0,1.0,0.0,
20000092,,,,0,,2,Light,0,-1,28.599,32.149,100.0,3550.0,3250.0,300.0,0.0,0.0,,300000000.0,0.0,300000000.0,0.0,1.0,0.0,
50000107,,,,0,,5,Light,0,-1,29.999,32.199,700.0,2200.0,1900.0,300.0,0.0,0.0,,300000000.0,0.0,300000000.0,0.0,1.0,0.0,
40000102,,,,0,,4,Light,0,-1,30.699,32.249,350.0,1550.0,1250.0,300.0,0.0,0.0,,300000000.0,0.0,300000000.0,0.0,1.0,0.0,
107,,,,0,,0,Light,0,-1,29.649,32.299,1250.0,2650.0,2350.0,300.0,0.0,0.0,,300000000.0,0.0,300000000.0,0.0,1.0,0.0,
30000090,,,,0,,3,Light,0,-1,31.599,32.299,150.0,700.0,400.0,300.0,0.0,0.0,,300000000.0,0.0,300000000.0,0.0,1.0,0.0,
10000107,,,,0,,1,Light,0,-1,30.499,32.399,200.0,1900.0,1600.0,300.0,0.0,0.0,,300000000.0,0.0,300000000.0,0.0,1.0,0.0,
20000093,,,,0,,2,Light,0,-1,28.749,32.449,150.0,3700.0,3400.0,300.0,0.0,0.0,,300000000.0,0.0,300000000.0,0.0,1.0,0.0,
50000108,,,,0,,5,Light,0,-1,30.249,32.499,250.0,2250.0,1950.0,300.0,0.0,0.0,,300000000.0,0.0,300000000.0,0.0,1.0,0.0,
40000103,,,,0,,4,Light,0,-1,30.849,32.549,150.0,1700.0,1400.0,300.0,0.0,0.0,,300000000.0,0.0,300000000.0,0.0,1.0,0.0,
108,,,,0,,0,Light,0,-1,30.599,32.599,950.0,2000.0,1700.0,300.0,0.0,0.0,,300000000.0,0.0,300000000.0,0.0,1.0,0.0,
30000091,,,,0,,3,Light,0,-1,31.649,32.599,50.0,950.0,650.0,300.0,0.0,0.0,,300000000.0,0.0,300000000.0,0.0,1.0,0.0,
10000108,,,,0,,1,Light,0,-1,30.999,32.699,500.0,1700.0,1400.0,300.0,0.0,0.0,,300000000.0,0.0,300000000.0,0.0,1.0,0.0,
20000094,,,,0,,2,Light,0,-1,28.899,32.749,150.0,3850.0,3550.0,300.0,0.0,0.0,,300000000.0,0.0,300000000.0,0.0,1.0,0.0,
50000109,,,,0,,5,Light,0,-1,30.449,32.799,200.0,2350.0,2050.0,300.0,0.0,0.0,,300000000.0,0.0,300000000.0,0.0,1.0,0.0,
40000104,,,,0,,4,Light,0,-1,31.499,32.849,650.0,1350.0,1050.0,300.0,0.0,0.0,,300000000.0,0.0,300000000.0,0.0,1.0,0.0,
109,,,,0,,0,Light,0,-1,30.949,32.899,350.0,1950.0,1650.0,300.0,0.0,0.0,,300000000.0,0.0,300000000.0,0.0,1.0,0.0,
30000092,,,,0,,3,Light,0,-1,31.949,32.899,300.0,950.0,650.0,300.0,0.0,0.0,,300000000.0,0.0,300000000.0,0.0,1.0,0.0,
10000109,,,,0,,1,Light,0,-1,31.149,32.999,150.0,1850.0,1550.0,300.0,0.0,0.0,,300000000.0,0.0,300000000.0,0.0,1.0,0.0,
20000095,,,,0,,2,Light,0,-1,29.499,33.049,600.0,3550.0,3250.0,300.0,0.0,0.0,,300000000.0,0.0,300000000.0,0.0,1.0,0.0,
50000110,,,,0,,5,Light,0,-1,30.549,33.099,100.0,2550.0,2250.0,300.0,0.0,0.0,,300000000.0,0.0,300000000.0,0.0,1.0,0.0,
40000105,,,,0,,4,Light,0,-1,31.749,33.149,250.0,1400.0,1100.0,300.0,0.0,0.0,,300000000.0,0.0,300000000.0,0.0,1.0,0.0,
110,,,,0,,0,Light,0,-1,31.299,33.199,350.0,1900.0,1600.0,300.0,0.0,0.0,,300000000.0,0.0,300000000.0,0.0,1.0,0.0,
30000093,,,,0,,3,Light,0,-1,31.999,33.199,50.0,1200.0,900.0,300.0,0.0,0.0,,300000000.0,0.0,300000000.0,0.0,1.0,0.0,
10000110,,,,0,,1,Light,0,-1,31.199,33.299,50.0,2100.0,1800.0,300.0,0.0,0.0,,300000000.0,0.0,300000000.0,0.0,1.0,0.0,
20000096,,,,0,,2,Light,0,-1,29.699,33.349,200.0,3650.0,3350.0,300.0,0.0,0.0,,300000000.0,0.0,300000000.0,0.0,1.0,0.0,
50000111,,,,0,,5,Light,0,-1,30.749,33.399,200.0,2650.0,2350.0,300.0,0.0,0.0,,300000000.0,0.0,300000000.0,0.0,1.0,0.0,
40000106,,,,0,,4,Light,0,-1,32.599,33.449,850.0,850.0,550.0,300.0,0.0,0.0,,300000000.0,0.0,300000000.0,0.0,1.0,0.0,
111,,,,0,,0,Light,0,-1,31.349,33.499,50.0,2150.0,1850.0,300.0,0.0,0.0,,300000000.0,0.0,300000000.0,0.0,1.0,0.0,
30000094,,,,0,,3,Light,0,-1,32.049,33.499,50.0,1450.0,1150.0,300.0,0.0,0.0,,300000000.0,0.0,300000000.0,0.0,1.0,0.0,
10000111,,,,0,,1,Light,0,-1,31.249,33.599,50.0,2350.0,2050.0,300.0,0.0,0.0,,300000000.0,0.0,300000000.0,0.0,1.0,0.0,
20000097,,,,0,,2,Light,0,-1,29.749,33.649,50.0,3900.0,3600.0,300.0,0.0,0.0,,300000000.0,0.0,300000000.0,0.0,1.0,0.0,
50000112,,,,0,,5,Light,0,-1,30.799,33.699,50.0,2900.0,2600.0,300.0,0.0,0.0,,300000000.0,0.0,300000000.0,0.0,1.0,0.0,
40000107,,,,0,,4,Light,0,-1,32.749,33.749,150.0,1000.0,700.0,300.0,0.0,0.0,,300000000.0,0.0,300000000.0,0.0,1.0,0.0,
112,,,,0,,0,Light,0,-1,31.549,33.799,200.0,2250.0,1950.0,300.0,0.0,0.0,,300000000.0,0.0,300000000.0,0.0,1.0,0.0,
30000095,,,,0,,3,Light,0,-1,32.399,33.799,350.0,1400.0,1100.0,300.0,0.0,0.0,,300000000.0,0.0,300000000.0,0.0,1.0,0.0,
10000112,,,,0,,1,Light,0,-1,31.399,33.899,150.0,2500.0,2200.0,300.0,0.0,0.0,,300000000.0,0.0,300000000.0,0.0,1.0,0.0,
20000098,,,,0,,2,Light,0,-1,30.049,33.949,300.0,3900.0,3600.0,300.0,0.0,0.0,,300000000.0,0.0,300000000.0,0.0,1.0,0.0,
50000113,,,,0,,5,Light,0,-1,31.049,33.999,250.0,2950.0,2650.0,300.0,0.0,0.0,,300000000.0,0.0,300000000.0,0.0,1.0,0.0,
40000108,,,,0,,4,Light,0,-1,33.099,34.049,350.0,950.0,650.0,300.0,0.0,0.0,,300000000.0,0.0,300000000.0,0.0,1.0,0.0,
113,,,,0,,0,Light,0,-1,32.299,34.099,750.0,1800.0,1500.0,300.0,0.0,0.0,,300000000.0,0.0,300000000.0,0.0,1.0,0.0,
30000096,,,,0,,3,Light,0,-1,32.649,34.099,250.0,1450.0,1150.0,300.0,0.0,0.0,,300000000.0,0.0,300000000.0,0.0,1.0,0.0,
10000113,,,,0,,1,Light,0,-1,31.799,34.199,400.0,2400.0,2100.0,300.0,0.0,0.0,,300000000.0,0.0,300000000.0,0.0,1.0,0.0,
20000099,,,,0,,2,Light,0,-1,30.649,34.249,600.0,3600.0,3300.0,300.0,0.0,0.0,,300000000.0,0.0,300000000.0,0.0,1.0,0.0,
50000114,,,,0,,5,Light,0,-1,31.699,34.299,650.0,2600.0,2300.0,300.0,0.0,0.0,,300000000.0,0.0,300000000.0,0.0,1.0,0.0,
40000109,,,,0,,4,Light,0,-1,33.149,34.349,50.0,1200.0,900.0,300.0,0.0,0.0,,300000000.0,0.0,300000000.0,0.0,1.0,0.0,
114,,,,0,,0,Light,0,-1,32.349,34.399,50.0,2050.0,1750.0,300.0,0.0,0.0,,300000000.0,0.0,300000000.0,0.0,1.0,0.0,
30000097,,,,0,,3,Light,0,-1,32.899,34.399,250.0,1500.0,1200.0,300.0,0.0,0.0,,300000000.0,0.0,300000000.0,0.0,1.0,0.0,
10000114,,,,0,,1,Light,0,-1,32.099,34.499,300.0,2400.0,2100.0,300.0,0.0,0.0,,300000000.0,0.0,300000000.0,0.0,1.0,0.0,
20000100,,,,0,,2,Light,0,-1,30.899,34.549,250.0,3650.0,3350.0,300.0,0.0,0.0,,300000000.0,0.0,300000000.0,0.0,1.0,0.0,
50000115,,,,0,,5,Light,0,-1,31.849,34.599,150.0,2750.0,2450.0,300.0,0.0,0.0,,300000000.0,0.0,300000000.0,0.0,1.0,0.0,
40000110,,,,0,,4,Light,0,-1,33.199,34.649,50.0,1450.0,1150.0,300.0,0.0,0.0,,300000000.0,0.0,300000000.0,0.0,1.0,0.0,
115,,,,0,,0,Light,0,-1,32.699,34.699,350.0,2000.0,1700.0,300.0,0.0,0.0,,300000000.0,0.0,300000000.0,0.0,1.0,0.0,
30000098,,,,0,,3,Light,0,-1,32.999,34.699,100.0,1700.0,1400.0,300.0,0.0,0.0,,300000000.0,0.0,300000000.0,0.0,1.0,0.0,
10000115,,,,0,,1,Light,0,-1,32.149,34.799,50.0,2650.0,2350.0,300.0,0.0,0.0,,300000000.0,0.0,300000000.0,0.0,1.0,0.0,
20000101,,,,0,,2,Light,0,-1,31.099,34.849,200.0,3750.0,3450.0,300.0,0.0,0.0,,300000000.0,0.0,300000000.0,0.0,1.0,0.0,
50000116,,,,0,,5,Light,0,-1,31.899,34.899,50.0,3000.0,2700.0,300.0,0.0,0.0,,300000000.0,0.0,300000000.0,0.0,1.0,0.0,
40000111,,,,0,,4,Light,0,-1,33.349,34.949,150.0,1600.0,1300.0,300.0,0.0,0.0,,300000000.0,0.0,300000000.0,0.0,1.0,0.0,
116,,,,0,,0,Light,0,-1,32.849,34.999,150.0,2150.0,1850.0,300.0,0.0,0.0,,300000000.0,0.0,300000000.0,0.0,1.0,0.0,
30000099,,,,0,,3,Light,0,-1,33.299,34.999,300.0,1700.0,1400.0,300.0,0.0,0.0,,300000000.0,0.0,300000000.0,0.0,1.0,0.0,
10000116,,,,0,,1,Light,0,-1,32.449,35.099,300.0,2650.0,2350.0,300.0,0.0,0.0,,300000000.0,0.0,300000000.0,0.0,1.0,0.0,
20000102,,,,0,,2,Light,0,-1,33.249,35.149,2150.0,1900.0,1600.0,300.0,0.0,0.0,,300000000.0,0.0,300000000.0,0.0,1.0,0.0,
50000117,,,,0,,5,Light,0,-1,32.199,35.199,300.0,3000.0,2700.0,300.0,0.0,0.0,,300000000.0,0.0,300000000.0,0.0,1.0,0.0,
40000112,,,,0,,4,Light,0,-1,33.449,35.249,100.0,1800.0,1500.0,300.0,0.0,0.0,,300000000.0,0.0,300000000.0,0.0,1.0,0.0,
117,,,,0,,0,Light,0,-1,34.349,35.299,1500.0,950.0,650.0,300.0,0.0,0.0,,300000000.0,0.0,300000000.0,0.0,1.0,0.0,
30000100,,,,0,,3,Light,0,-1,33.499,35.299,200.0,1800.0,1500.0,300.0,0.0,0.0,,300000000.0,0.0,300000000.0,0.0,1.0,0.0,
10000117,,,,0,,1,Light,0,-1,32.499,35.399,50.0,2900.0,2600.0,300.0,0.0,0.0,,300000000.0,0.0,300000000.0,0.0,1.0,0.0,
20000103,,,,0,,2,Light,0,-1,33.849,35.449,600.0,1600.0,1300.0,300.0,0.0,0.0,,300000000.0,0.0,300000000.0,0.0,1.0,0.0,
50000118,,,,0,,5,Light,0,-1,32.249,35.499,50.0,3250.0,2950.0,300.0,0.0,0.0,,300000000.0,0.0,300000000.0,0.0,1.0,0.0,
40000113,,,,0,,4,Light,0,-1,33.549,35.549,100.0,2000.0,1700.0,300.0,0.0,0.0,,300000000.0,0.0,300000000.0,0.0,1.0,0.0,
118,,,,0,,0,Light,0,-1,34.749,35.599,400.0,850.0,550.0,300.0,0.0,0.0,,300000000.0,0.0,300000000.0,0.0,1.0,0.0,
30000101,,,,0,,3,Light,0,-1,33.599,35.599,100.0,2000.0,1700.0,300.0,0.0,0.0,,300000000.0,0.0,300000000.0,0.0,1.0,0.0,
10000118,,,,0,,1,Light,0,-1,32.799,35.699,300.0,2900.0,2600.0,300.0,0.0,0.0,,300000000.0,0.0,300000000.0,0.0,1.0,0.0,
20000104,,,,0,,2,Light,0,-1,33.999,35.749,150.0,1750.0,1450.0,300.0,0.0,0.0,,300000000.0,0.0,300000000.0,0.0,1.0,0.0,
50000119,,,,0,,5,Light,0,-1,32.549,35.799,300.0,3250.0,2950.0,300.0,0.0,0.0,,300000000.0,0.0,300000000.0,0.0,1.0,0.0,
40000114,,,,0,,4,Light,0,-1,34.049,35.849,500.0,1800.0,1500.0,300.0,0.0,0.0,,300000000.0,0.0,300000000.0,0.0,1.0,0.0,
119,,,,0,,0,Light,0,-1,35.199,35.899,450.0,700.0,400.0,300.0,0.0,0.0,,300000000.0,0.0,300000000.0,0.0,1.0,0.0,
30000102,,,,0,,3,Light,0,-1,33.749,35.899,150.0,2150.0,1850.0,300.0,0.0,0.0,,300000000.0,0.0,300000000.0,0.0,1.0,0.0,
10000119,,,,0,,1,Light,0,-1,32.949,35.999,150.0,3050.0,2750.0,300.0,0.0,0.0,,300000000.0,0.0,300000000.0,0.0,1.0,0.0,
20000105,,,,0,,2,Light,0,-1,34.249,36.049,250.0,1800.0,1500.0,300.0,0.0,0.0,,300000000.0,0.0,300000000.0,0.0,1.0,0.0,
50000120,,,,0,,5,Light,0,-1,33.049,36.099,500.0,3050.0,2750.0,300.0,0.0,0.0,,300000000.0,0.0,300000000.0,0.0,1.0,0.0,
40000115,,,,0,,4,Light,0,-1,34.699,36.149,650.0,1450.0,1150.0,300.0,0.0,0.0,,300000000.0,0.0,300000000.0,0.0,1.0,0.0,
120,,,,0,,0,Light,0,-1,35.549,36.199,350.0,650.0,350.0,300.0,0.0,0.0,,300000000.0,0.0,300000000.0,0.0,1.0,0.0,
30000103,,,,0,,3,Light,0,-1,33.799,36.199,50.0,2400.0,2100.0,300.0,0.0,0.0,,300000000.0,0.0,300000000.0,0.0,1.0,0.0,
10000120,,,,0,,1,Light,0,-1,33.649,36.299,700.0,2650.0,2350.0,300.0,0.0,0.0,,300000000.0,0.0,300000000.0,0.0,1.0,0.0,
20000106,,,,0,,2,Light,0,-1,34.449,36.349,200.0,1900.0,1600.0,300.0,0.0,0.0,,300000000.0,0.0,300000000.0,0.0,1.0,0.0,
50000121,,,,0,,5,Light,0,-1,33.399,36.399,350.0,3000.0,2700.0,300.0,0.0,0.0,,300000000.0,0.0,300000000.0,0.0,1.0,0.0,
40000116,,,,0,,4,Light,0,-1,35.399,36.449,700.0,1050.0,750.0,300.0,0.0,0.0,,300000000.0,0.0,300000000.0,0.0,1.0,0.0,
121,,,,0,,0,Light,0,-1,35.849,36.499,300.0,650.0,350.0,300.0,0.0,0.0,,300000000.0,0.0,300000000.0,0.0,1.0,0.0,
30000104,,,,0,,3,Light,0,-1,34.099,36.499,300.0,2400.0,2100.0,300.0,0.0,0.0,,300000000.0,0.0,300000000.0,0.0,1.0,0.0,
10000121,,,,0,,1,Light,0,-1,33.899,36.599,250.0,2700.0,2400.0,300.0,0.0,0.0,,300000000.0,0.0,300000000.0,0.0,1.0,0.0,
20000107,,,,0,,2,Light,0,-1,34.549,36.649,100.0,2100.0,1800.0,300.0,0.0,0.0,,300000000.0,0.0,300000000.0,0.0,1.0,0.0,
50000122,,,,0,,5,Light,0,-1,33.699,36.699,300.0,3000.0,2700.0,300.0,0.0,0.0,,300000000.0,0.0,300000000.0,0.0,1.0,0.0,
40000117,,,,0,,4,Light,0,-1,35.749,36.749,350.0,1000.0,700.0,300.0,0.0,0.0,,300000000.0,0.0,300000000.0,0.0,1.0,0.0,
122,,,,0,,0,Light,0,-1,36.049,36.799,200.0,750.0,450.0,300.0,0.0,0.0,,300000000.0,0.0,300000000.0,0.0,1.0,0.0,
30000105,,,,0,,3,Light,0,-1,34.299,36.799,200.0,2500.0,2200.0,300.0,0.0,0.0,,300000000.0,0.0,300000000.0,0.0,1.0,0.0,
10000122,,,,0,,1,Light,0,-1,34.199,36.899,300.0,2700.0,2400.0,300.0,0.0,0.0,,300000000.0,0.0,300000000.0,0.0,1.0,0.0,
20000108,,,,0,,2,Light,0,-1,34.599,36.949,50.0,2350.0,2050.0,300.0,0.0,0.0,,300000000.0,0.0,300000000.0,0.0,1.0,0.0,
50000123,,,,0,,5,Light,0,-1,33.949,36.999,250.0,3050.0,2750.0,300.0,0.0,0.0,,300000000.0,0.0,300000000.0,0.0,1.0,0.0,
40000118,,,,0,,4,Light,0,-1,35.899,37.049,150.0,1150.0,850.0,300.0,0.0,0.0,,300000000.0,0.0,300000000.0,0.0,1.0,0.0,
30000106,,,,0,,3,Light,0,-1,34.949,37.099,650.0,2150.0,1850.0,300.0,0.0,0.0,,300000000.0,0.0,300000000.0,0.0,1.0,0.0,
123,,,,0,,0,Light,0,-1,36.849,37.149,800.0,300.0,0.0,300.0,0.0,0.0,,300000000.0,0.0,300000000.0,0.0,1.0,0.0,
10000123,,,,0,,1,Light,0,-1,34.499,37.199,300.0,2700.0,2400.0,300.0,0.0,0.0,,300000000.0,0.0,300000000.0,0.0,1.0,0.0,
20000109,,,,0,,2,Light,0,-1,34.649,37.249,50.0,2600.0,2300.0,300.0,0.0,0.0,,300000000.0,0.0,300000000.0,0.0,1.0,0.0,
50000124,,,,0,,5,Light,0,-1,34.149,37.299,200.0,3150.0,2850.0,300.0,0.0,0.0,,300000000.0,0.0,300000000.0,0.0,1.0,0.0,
40000119,,,,0,,4,Light,0,-1,36.299,37.349,400.0,1050.0,750.0,300.0,0.0,0.0,,300000000.0,0.0,300000000.0,0.0,1.0,0.0,
30000107,,,,0,,3,Light,0,-1,35.249,37.399,300.0,2150.0,1850.0,300.0,0.0,0.0,,300000000.0,0.0,300000000.0,0.0,1.0,0.0,
10000124,,,,0,,1,Light,0,-1,34.799,37.499,300.0,2700.0,2400.0,300.0,0.0,0.0,,300000000.0,0.0,300000000.0,0.0,1.0,0.0,
20000110,,,,0,,2,Light,0,-1,35.349,37.549,700.0,2200.0,1900.0,300.0,0.0,0.0,,300000000.0,0.0,300000000.0,0.0,1.0,0.0,
50000125,,,,0,,5,Light,0,-1,34.399,37.599,250.0,3200.0,2900.0,300.0,0.0,0.0,,300000000.0,0.0,300000000.0,0.0,1.0,0.0,
40000120,,,,0,,4,Light,0,-1,36.449,37.649,150.0,1200.0,900.0,300.0,0.0,0.0,,300000000.0,0.0,300000000.0,0.0,1.0,0.0,
30000108,,,,0,,3,Light,0,-1,35.299,37.699,50.0,2400.0,2100.0,300.0,0.0,0.0,,300000000.0,0.0,300000000.0,0.0,1.0,0.0,
124,,,,0,,0,Light,0,-1,37.449,37.749,600.0,300.0,0.0,300.0,0.0,0.0,,300000000.0,0.0,300000000.0,0.0,1.0,0.0,
10000125,,,,0,,1,Light,0,-1,34.849,37.799,50.0,2950.0,2650.0,300.0,0.0,0.0,,300000000.0,0.0,300000000.0,0.0,1.0,0.0,
20000111,,,,0,,2,Light,0,-1,36.099,37.849,750.0,1750.0,1450.0,300.0,0.0,0.0,,300000000.0,0.0,300000000.0,0.0,1.0,0.0,
50000126,,,,0,,5,Light,0,-1,34.999,37.899,600.0,2900.0,2600.0,300.0,0.0,0.0,,300000000.0,0.0,300000000.0,0.0,1.0,0.0,
40000121,,,,0,,4,Light,0,-1,36.499,37.949,50.0,1450.0,1150.0,300.0,0.0,0.0,,300000000.0,0.0,300000000.0,0.0,1.0,0.0,
30000109,,,,0,,3,Light,0,-1,35.449,37.999,150.0,2550.0,2250.0,300.0,0.0,0.0,,300000000.0,0.0,300000000.0,0.0,1.0,0.0,
125,,,,0,,0,Light,0,-1,37.699,38.049,250.0,350.0,50.0,300.0,0.0,0.0,,300000000.0,0.0,300000000.0,0.0,1.0,0.0,
10000126,,,,0,,1,Light,0,-1,34.899,38.099,50.0,3200.0,2900.0,300.0,0.0,0.0,,300000000.0,0.0,300000000.0,0.0,1.0,0.0,
20000112,,,,0,,2,Light,0,-1,36.149,38.149,50.0,2000.0,1700.0,300.0,0.0,0.0,,300000000.0,0.0,300000000.0,0.0,1.0,0.0,
50000127,,,,0,,5,Light,0,-1,35.099,38.199,100.0,3100.0,2800.0,300.0,0.0,0.0,,300000000.0,0.0,300000000.0,0.0,1.0,0.0,
40000122,,,,0,,4,Light,0,-1,37.349,38.249,850.0,900.0,600.0,300.0,0.0,0.0,,300000000.0,0.0,300000000.0,0.0,1.0,0.0,
30000110,,,,0,,3,Light,0,-1,35.499,38.299,50.0,2800.0,2500.0,300.0,0.0,0.0,,300000000.0,0.0,300000000.0,0.0,1.0,0.0,
126,,,,0,,0,Light,0,-1,37.749,38.349,50.0,600.0,300.0,300.0,0.0,0.0,,300000000.0,0.0,300000000.0,0.0,1.0,0.0,
10000127,,,,0,,1,Light,0,-1,35.049,38.399,150.0,3350.0,3050.0,300.0,0.0,0.0,,300000000.0,0.0,300000000.0,0.0,1.0,0.0,
20000113,,,,0,,2,Light,0,-1,36.699,38.449,550.0,1750.0,1450.0,300.0,0.0,0.0,,300000000.0,0.0,300000000.0,0.0,1.0,0.0,
50000128,,,,0,,5,Light,0,-1,35.799,38.499,700.0,2700.0,2400.0,300.0,0.0,0.0,,300000000.0,0.0,300000000.0,0.0,1.0,0.0,
40000123,,,,0,,4,Light,0,-1,37.399,38.549,50.0,1150.0,850.0,300.0,0.0,0.0,,300000000.0,0.0,300000000.0,0.0,1.0,0.0,
30000111,,,,0,,3,Light,0,-1,35.649,38.599,150.0,2950.0,2650.0,300.0,0.0,0.0,,300000000.0,0.0,300000000.0,0.0,1.0,0.0,
127,,,,0,,0,Light,0,-1,38.049,38.649,300.0,600.0,300.0,300.0,0.0,0.0,,300000000.0,0.0,300000000.0,0.0,1.0,0.0,
10000128,,,,0,,1,Light,0,-1,35.149,38.699,100.0,3550.0,3250.0,300.0,0.0,0.0,,300000000.0,0.0,300000000.0,0.0,1.0,0.0,
20000114,,,,0,,2,Light,0,-1,36.949,38.749,250.0,1800.0,1500.0,300.0,0.0,0.0,,300000000.0,0.0,300000000.0,0.0,1.0,0.0,
50000129,,,,0,,5,Light,0,-1,36.349,38.799,550.0,2450.0,2150.0,300.0,0.0,0.0,,300000000.0,0.0,300000000.0,0.0,1.0,0.0,
40000124,,,,0,,4,Light,0,-1,37.549,38.849,150.0,1300.0,1000.0,300.0,0.0,0.0,,300000000.0,0.0,300000000.0,0.0,1.0,0.0,
30000112,,,,0,,3,Light,0,-1,35.699,38.899,50.0,3200.0,2900.0,300.0,0.0,0.0,,300000000.0,0.0,300000000.0,0.0,1.0,0.0,
128,,,,0,,0,Light,0,-1,38.649,38.949,600.0,300.0,0.0,300.0,0.0,0.0,,300000000.0,0.0,300000000.0,0.0,1.0,0.0,
10000129,,,,0,,1,Light,0,-1,35.599,38.999,450.0,3400.0,3100.0,300.0,0.0,0.0,,300000000.0,0.0,300000000.0,0.0,1.0,0.0,
20000115,,,,0,,2,Light,0,-1,38.099,39.049,1150.0,950.0,650.0,300.0,0.0,0.0,,300000000.0,0.0,300000000.0,0.0,1.0,0.0,
50000130,,,,0,,5,Light,0,-1,36.399,39.099,50.0,2700.0,2400.0,300.0,0.0,0.0,,300000000.0,0.0,300000000.0,0.0,1.0,0.0,
40000125,,,,0,,4,Light,0,-1,37.599,39.149,50.0,1550.0,1250.0,300.0,0.0,0.0,,300000000.0,0.0,300000000.0,0.0,1.0,0.0,
30000113,,,,0,,3,Light,0,-1,35.949,39.199,250.0,3250.0,2950.0,300.0,0.0,0.0,,300000000.0,0.0,300000000.0,0.0,1.0,0.0,
129,,,,0,,0,Light,0,-1,38.749,39.249,100.0,500.0,200.0,300.0,0.0,0.0,,300000000.0,0.0,300000000.0,0.0,1.0,0.0,
10000130,,,,0,,1,Light,0,-1,36.549,39.299,950.0,2750.0,2450.0,300.0,0.0,0.0,,300000000.0,0.0,300000000.0,0.0,1.0,0.0,
20000116,,,,0,,2,Light,0,-1,38.199,39.349,100.0,1150.0,850.0,300.0,0.0,0.0,,300000000.0,0.0,300000000.0,0.0,1.0,0.0,
50000131,,,,0,,5,Light,0,-1,36.999,39.399,600.0,2400.0,2100.0,300.0,0.0,0.0,,300000000.0,0.0,300000000.0,0.0,1.0,0.0,
40000126,,,,0,,4,Light,0,-1,38.849,39.449,1250.0,600.0,300.0,300.0,0.0,0.0,,300000000.0,0.0,300000000.0,0.0,1.0,0.0,
30000114,,,,0,,3,Light,0,-1,35.999,39.499,50.0,3500.0,3200.0,300.0,0.0,0.0,,300000000.0,0.0,300000000.0,0.0,1.0,0.0,
130,,,,0,,0,Light,0,-1,38.899,39.549,150.0,650.0,350.0,300.0,0.0,0.0,,300000000.0,0.0,300000000.0,0.0,1.0,0.0,
10000131,,,,0,,1,Light,0,-1,36.649,39.599,100.0,2950.0,2650.0,300.0,0.0,0.0,,300000000.0,0.0,300000000.0,0.0,1.0,0.0,
20000117,,,,0,,2,Light,0,-1,38.349,39.649,150.0,1300.0,1000.0,300.0,0.0,0.0,,300000000.0,0.0,300000000.0,0.0,1.0,0.0,
50000132,,,,0,,5,Light,0,-1,37.049,39.699,50.0,2650.0,2350.0,300.0,0.0,0.0,,300000000.0,0.0,300000000.0,0.0,1.0,0.0,
40000127,,,,0,,4,Light,0,-1,39.449,39.749,600.0,300.0,0.0,300.0,0.0,0.0,,300000000.0,0.0,300000000.0,0.0,1.0,0.0,
30000115,,,,0,,3,Light,0,-1,36.199,39.799,200.0,3600.0,3300.0,300.0,0.0,0.0,,300000000.0,0.0,300000000.0,0.0,1.0,0.0,
131,,,,0,,0,Light,0,-1,39.099,39.849,200.0,750.0,450.0,300.0,0.0,0.0,,300000000.0,0.0,300000000.0,0.0,1.0,0.0,
10000132,,,,0,,1,Light,0,-1,37.199,39.899,550.0,2700.0,2400.0,300.0,0.0,0.0,,300000000.0,0.0,300000000.0,0.0,1.0,0.0,
20000118,,,,0,,2,Light,0,-1,38.399,39.949,50.0,1550.0,1250.0,300.0,0.0,0.0,,300000000.0,0.0,300000000.0,0.0,1.0,0.0,
50000133,,,,0,,5,Light,0,-1,37.149,39.999,100.0,2850.0,2550.0,300.0,0.0,0.0,,300000000.0,0.0,300000000.0,0.0,1.0,0.0,
30000116,,,,0,,3,Light,0,-1,36.249,40.099,50.0,3850.0,3550.0,300.0,0.0,0.0,,300000000.0,0.0,300000000.0,0.0,1.0,0.0,
40000128,,,,0,,4,Light,0,-1,39.799,40.099,350.0,300.0,0.0,300.0,0.0,0.0,,300000000.0,0.0,300000000.0,0.0,1.0,0.0,
132,,,,0,,0,Light,0,-1,39.199,40.149,100.0,950.0,650.0,300.0,0.0,0.0,,300000000.0,0.0,300000000.0,0.0,1.0,0.0,
10000133,,,,0,,1,Light,0,-1,37.299,40.199,100.0,2900.0,2600.0,300.0,0.0,0.0,,300000000.0,0.0,300000000.0,0.0,1.0,0.0,
20000119,,,,0,,2,Light,0,-1,38.499,40.249,100.0,1750.0,1450.0,300.0,0.0,0.0,,300000000.0,0.0,300000000.0,0.0,1.0,0.0,
50000134,,,,0,,5,Light,0,-1,37.649,40.299,500.0,2650.0,2350.0,300.0,0.0,0.0,,300000000.0,0.0,300000000.0,0.0,1.0,0.0,
30000117,,,,0,,3,Light,0,-1,36.599,40.399,350.0,3800.0,3500.0,300.0,0.0,0.0,,300000000.0,0.0,300000000.0,0.0,1.0,0.0,
133,,,,0,,0,Light,0,-1,39.249,40.449,50.0,1200.0,900.0,300.0,0.0,0.0,,300000000.0,0.0,300000000.0,0.0,1.0,0.0,
40000129,,,,0,,4,Light,0,-1,40.149,40.449,350.0,300.0,0.0,300.0,0.0,0.0,,300000000.0,0.0,300000000.0,0.0,1.0,0.0,
10000134,,,,0,,1,Light,0,-1,37.899,40.499,600.0,2600.0,2300.0,300.0,0.0,0.0,,300000000.0,0.0,300000000.0,0.0,1.0,0.0,
20000120,,,,0,,2,Light,0,-1,38.599,40.549,100.0,1950.0,1650.0,300.0,0.0,0.0,,300000000.0,0.0,300000000.0,0.0,1.0,0.0,
50000135,,,,0,,5,Light,0,-1,37.799,40.599,150.0,2800.0,2500.0,300.0,0.0,0.0,,300000000.0,0.0,300000000.0,0.0,1.0,0.0,
30000118,,,,0,,3,Light,0,-1,36.749,40.699,150.0,3950.0,3650.0,300.0,0.0,0.0,,300000000.0,0.0,300000000.0,0.0,1.0,0.0,
134,,,,0,,0,Light,0,-1,39.399,40.749,150.0,1350.0,1050.0,300.0,0.0,0.0,,300000000.0,0.0,300000000.0,0.0,1.0,0.0,
40000130,,,,0,,4,Light,0,-1,40.199,40.749,50.0,550.0,250.0,300.0,0.0,0.0,,300000000.0,0.0,300000000.0,0.0,1.0,0.0,
10000135,,,,0,,1,Light,0,-1,37.999,40.799,100.0,2800.0,2500.0,300.0,0.0,0.0,,300000000.0,0.0,300000000.0,0.0,1.0,0.0,
20000121,,,,0,,2,Light,0,-1,38.949,40.849,350.0,1900.0,1600.0,300.0,0.0,0.0,,300000000.0,0.0,300000000.0,0.0,1.0,0.0,
50000136,,,,0,,5,Light,0,-1,38.799,40.899,1000.0,2100.0,1800.0,300.0,0.0,0.0,,300000000.0,0.0,300000000.0,0.0,1.0,0.0,
30000119,,,,0,,3,Light,0,-1,36.799,40.999,50.0,4200.0,3900.0,300.0,0.0,0.0,,300000000.0,0.0,300000000.0,0.0,1.0,0.0,
135,,,,0,,0,Light,0,-1,39.749,41.049,350.0,1300.0,1000.0,300.0,0.0,0.0,,300000000.0,0.0,300000000.0,0.0,1.0,0.0,
40000131,,,,0,,4,Light,0,-1,40.549,41.049,350.0,500.0,200.0,300.0,0.0,0.0,,300000000.0,0.0,300000000.0,0.0,1.0,0.0,
10000136,,,,0,,1,Light,0,-1,38.249,41.099,250.0,2850.0,2550.0,300.0,0.0,0.0,,300000000.0,0.0,300000000.0,0.0,1.0,0.0,
20000122,,,,0,,2,Light,0,-1,39.999,41.149,1050.0,1150.0,850.0,300.0,0.0,0.0,,300000000.0,0.0,300000000.0,0.0,1.0,0.0,
50000137,,,,0,,5,Light,0,-1,39.049,41.199,250.0,2150.0,1850.0,300.0,0.0,0.0,,300000000.0,0.0,300000000.0,0.0,1.0,0.0,
30000120,,,,0,,3,Light,0,-1,36.899,41.299,100.0,4400.0,4100.0,300.0,0.0,0.0,,300000000.0,0.0,300000000.0,0.0,1.0,0.0,
136,,,,0,,0,Light,0,-1,40.349,41.349,600.0,1000.0,700.0,300.0,0.0,0.0,,300000000.0,0.0,300000000.0,0.0,1.0,0.0,
40000132,,,,0,,4,Light,0,-1,40.699,41.349,150.0,650.0,350.0,300.0,0.0,0.0,,300000000.0,0.0,300000000.0,0.0,1.0,0.0,
10000137,,,,0,,1,Light,0,-1,38.999,41.399,750.0,2400.0,2100.0,300.0,0.0,0.0,,300000000.0,0.0,300000000.0,0.0,1.0,0.0,
20000123,,,,0,,2,Light,0,-1,40.049,41.449,50.0,1400.0,1100.0,300.0,0.0,0.0,,300000000.0,0.0,300000000.0,0.0,1.0,0.0,
50000138,,,,0,,5,Light,0,-1,39.149,41.499,100.0,2350.0,2050.0,300.0,0.0,0.0,,300000000.0,0.0,300000000.0,0.0,1.0,0.0,
30000121,,,,0,,3,Light,0,-1,37.099,41.599,200.0,4500.0,4200.0,300.0,0.0,0.0,,300000000.0,0.0,300000000.0,0.0,1.0,0.0,
137,,,,0,,0,Light,0,-1,40.499,41.649,150.0,1150.0,850.0,300.0,0.0,0.0,,300000000.0,0.0,300000000.0,0.0,1.0,0.0,
40000133,,,,0,,4,Light,0,-1,41.049,41.649,350.0,600.0,300.0,300.0,0.0,0.0,,300000000.0,0.0,300000000.0,0.0,1.0,0.0,
10000138,,,,0,,1,Light,0,-1,39.299,41.699,300.0,2400.0,2100.0,300.0,0.0,0.0,,300000000.0,0.0,300000000.0,0.0,1.0,0.0,
20000124,,,,0,,2,Light,0,-1,40.449,41.749,400.0,1300.0,1000.0,300.0,0.0,0.0,,300000000.0,0.0,300000000.0,0.0,1.0,0.0,
50000139,,,,0,,5,Light,0,-1,39.699,41.799,550.0,2100.0,1800.0,300.0,0.0,0.0,,300000000.0,0.0,300000000.0,0.0,1.0,0.0,
30000122,,,,0,,3,Light,0,-1,37.249,41.899,150.0,4650.0,4350.0,300.0,0.0,0.0,,300000000.0,0.0,300000000.0,0.0,1.0,0.0,
138,,,,0,,0,Light,0,-1,40.599,41.949,100.0,1350.0,1050.0,300.0,0.0,0.0,,300000000.0,0.0,300000000.0,0.0,1.0,0.0,
40000134,,,,0,,4,Light,0,-1,41.449,41.949,400.0,500.0,200.0,300.0,0.0,0.0,,300000000.0,0.0,300000000.0,0.0,1.0,0.0,
10000139,,,,0,,1,Light,0,-1,39.349,41.999,50.0,2650.0,2350.0,300.0,0.0,0.0,,300000000.0,0.0,300000000.0,0.0,1.0,0.0,
20000125,,,,0,,2,Light,0,-1,40.649,42.049,200.0,1400.0,1100.0,300.0,0.0,0.0,,300000000.0,0.0,300000000.0,0.0,1.0,0.0,
50000140,,,,0,,5,Light,0,-1,39.949,42.099,250.0,2150.0,1850.0,300.0,0.0,0.0,,300000000.0,0.0,300000000.0,0.0,1.0,0.0,
30000123,,,,0,,3,Light,0,-1,37.499,42.199,250.0,4700.0,4400.0,300.0,0.0,0.0,,300000000.0,0.0,300000000.0,0.0,1.0,0.0,
139,,,,0,,0,Light,0,-1,40.999,42.249,400.0,1250.0,950.0,300.0,0.0,0.0,,300000000.0,0.0,300000000.0,0.0,1.0,0.0,
40000135,,,,0,,4,Light,0,-1,41.549,42.249,100.0,700.0,400.0,300.0,0.0,0.0,,300000000.0,0.0,300000000.0,0.0,1.0,0.0,
10000140,,,,0,,1,Light,0,-1,39.499,42.299,150.0,2800.0,2500.0,300.0,0.0,0.0,,300000000.0,0.0,300000000.0,0.0,1.0,0.0,
20000126,,,,0,,2,Light,0,-1,41.349,42.349,700.0,1000.0,700.0,300.0,0.0,0.0,,300000000.0,0.0,300000000.0,0.0,1.0,0.0,
50000141,,,,0,,5,Light,0,-1,40.249,42.399,300.0,2150.0,1850.0,300.0,0.0,0.0,,300000000.0,0.0,300000000.0,0.0,1.0,0.0,
30000124,,,,0,,3,Light,0,-1,37.849,42.499,350.0,4650.0,4350.0,300.0,0.0,0.0,,300000000.0,0.0,300000000.0,0.0,1.0,0.0,
140,,,,0,,0,Light,0,-1,41.249,42.549,250.0,1300.0,1000.0,300.0,0.0,0.0,,300000000.0,0.0,300000000.0,0.0,1.0,0.0,
40000136,,,,0,,4,Light,0,-1,41.699,42.549,150.0,850.0,550.0,300.0,0.0,0.0,,300000000.0,0.0,300000000.0,0.0,1.0,0.0,
10000141,,,,0,,1,Light,0,-1,39.549,42.599,50.0,3050.0,2750.0,300.0,0.0,0.0,,300000000.0,0.0,300000000.0,0.0,1.0,0.0,
20000127,,,,0,,2,Light,0,-1,41.649,42.649,300.0,1000.0,700.0,300.0,0.0,0.0,,300000000.0,0.0,300000000.0,0.0,1.0,0.0,
50000142,,,,0,,5,Light,0,-1,40.299,42.699,50.0,2400.0,2100.0,300.0,0.0,0.0,,300000000.0,0.0,300000000.0,0.0,1.0,0.0,
30000125,,,,0,,3,Light,0,-1,37.949,42.799,100.0,4850.0,4550.0,300.0,0.0,0.0,,300000000.0,0.0,300000000.0,0.0,1.0,0.0,
141,,,,0,,0,Light,0,-1,41.499,42.849,250.0,1350.0,1050.0,300.0,0.0,0.0,,300000000.0,0.0,300000000.0,0.0,1.0,0.0,
40000137,,,,0,,4,Light,0,-1,41.949,42.849,250.0,900.0,600.0,300.0,0.0,0.0,,300000000.0,0.0,300000000.0,0.0,1.0,0.0,
10000142,,,,0,,1,Light,0,-1,39.599,42.899,50.0,3300.0,3000.0,300.0,0.0,0.0,,300000000.0,0.0,300000000.0,0.0,1.0,0.0,
20000128,,,,0,,2,Light,0,-1,41.849,42.949,200.0,1100.0,800.0,300.0,0.0,0.0,,300000000.0,0.0,300000000.0,0.0,1.0,0.0,
50000143,,,,0,,5,Light,0,-1,40.749,42.999,450.0,2250.0,1950.0,300.0,0.0,0.0,,300000000.0,0.0,300000000.0,0.0,1.0,0.0,
30000126,,,,0,,3,Light,0,-1,38.149,43.099,200.0,4950.0,4650.0,300.0,0.0,0.0,,300000000.0,0.0,300000000.0,0.0,1.0,0.0,
142,,,,0,,0,Light,0,-1,41.599,43.149,100.0,1550.0,1250.0,300.0,0.0,0.0,,300000000.0,0.0,300000000.0,0.0,1.0,0.0,
40000138,,,,0,,4,Light,0,-1,42.749,43.149,800.0,400.0,100.0,300.0,0.0,0.0,,300000000.0,0.0,300000000.0,0.0,1.0,0.0,
10000143,,,,0,,1,Light,0,-1,39.849,43.199,250.0,3350.0,3050.0,300.0,0.0,0.0,,300000000.0,0.0,300000000.0,0.0,1.0,0.0,
20000129,,,,0,,2,Light,0,-1,42.049,43.249,200.0,1200.0,900.0,300.0,0.0,0.0,,300000000.0,0.0,300000000.0,0.0,1.0,0.0,
50000144,,,,0,,5,Light,0,-1,40.899,43.299,150.0,2400.0,2100.0,300.0,0.0,0.0,,300000000.0,0.0,300000000.0,0.0,1.0,0.0,
30000127,,,,0,,3,Light,0,-1,38.299,43.399,150.0,5100.0,4800.0,300.0,0.0,0.0,,300000000.0,0.0,300000000.0,0.0,1.0,0.0,
143,,,,0,,0,Light,0,-1,41.899,43.449,300.0,1550.0,1250.0,300.0,0.0,0.0,,300000000.0,0.0,300000000.0,0.0,1.0,0.0,
40000139,,,,0,,4,Light,0,-1,42.899,43.449,150.0,550.0,250.0,300.0,0.0,0.0,,300000000.0,0.0,300000000.0,0.0,1.0,0.0,
10000144,,,,0,,1,Light,0,-1,40.099,43.499,250.0,3400.0,3100.0,300.0,0.0,0.0,,300000000.0,0.0,300000000.0,0.0,1.0,0.0,
20000130,,,,0,,2,Light,0,-1,42.349,43.549,300.0,1200.0,900.0,300.0,0.0,0.0,,300000000.0,0.0,300000000.0,0.0,1.0,0.0,
50000145,,,,0,,5,Light,0,-1,41.099,43.599,200.0,2500.0,2200.0,300.0,0.0,0.0,,300000000.0,0.0,300000000.0,0.0,1.0,0.0,
30000128,,,,0,,3,Light,0,-1,38.449,43.699,150.0,5250.0,4950.0,300.0,0.0,0.0,,300000000.0,0.0,300000000.0,0.0,1.0,0.0,
144,,,,0,,0,Light,0,-1,42.099,43.749,200.0,1650.0,1350.0,300.0,0.0,0.0,,300000000.0,0.0,300000000.0,0.0,1.0,0.0,
40000140,,,,0,,4,Light,0,-1,42.949,43.749,50.0,800.0,500.0,300.0,0.0,0.0,,300000000.0,0.0,300000000.0,0.0,1.0,0.0,
10000145,,,,0,,1,Light,0,-1,40.399,43.799,300.0,3400.0,3100.0,300.0,0.0,0.0,,300000000.0,0.0,300000000.0,0.0,1.0,0.0,
20000131,,,,0,,2,Light,0,-1,42.849,43.849,500.0,1000.0,700.0,300.0,0.0,0.0,,300000000.0,0.0,300000000.0,0.0,1.0,0.0,
50000146,,,,0,,5,Light,0,-1,41.149,43.899,50.0,2750.0,2450.0,300.0,0.0,0.0,,300000000.0,0.0,300000000.0,0.0,1.0,0.0,
30000129,,,,0,,3,Light,0,-1,38.549,43.999,100.0,5450.0,5150.0,300.0,0.0,0.0,,300000000.0,0.0,300000000.0,0.0,1.0,0.0,
145,,,,0,,0,Light,0,-1,42.249,44.049,150.0,1800.0,1500.0,300.0,0.0,0.0,,300000000.0,0.0,300000000.0,0.0,1.0,0.0,
40000141,,,,0,,4,Light,0,-1,43.199,44.049,250.0,850.0,550.0,300.0,0.0,0.0,,300000000.0,0.0,300000000.0,0.0,1.0,0.0,
10000146,,,,0,,1,Light,0,-1,40.949,44.099,550.0,3150.0,2850.0,300.0,0.0,0.0,,300000000.0,0.0,300000000.0,0.0,1.0,0.0,
20000132,,,,0,,2,Light,0,-1,43.249,44.149,400.0,900.0,600.0,300.0,0.0,0.0,,300000000.0,0.0,300000000.0,0.0,1.0,0.0,
50000147,,,,0,,5,Light,0,-1,41.299,44.199,150.0,2900.0,2600.0,300.0,0.0,0.0,,300000000.0,0.0,300000000.0,0.0,1.0,0.0,
30000130,,,,0,,3,Light,0,-1,38.699,44.299,150.0,5600.0,5300.0,300.0,0.0,0.0,,300000000.0,0.0,300000000.0,0.0,1.0,0.0,
146,,,,0,,0,Light,0,-1,43.399,44.349,1150.0,950.0,650.0,300.0,0.0,0.0,,300000000.0,0.0,300000000.0,0.0,1.0,0.0,
40000142,,,,0,,4,Light,0,-1,43.649,44.349,450.0,700.0,400.0,300.0,0.0,0.0,,300000000.0,0.0,300000000.0,0.0,1.0,0.0,
10000147,,,,0,,1,Light,0,-1,41.199,44.399,250.0,3200.0,2900.0,300.0,0.0,0.0,,300000000.0,0.0,300000000.0,0.0,1.0,0.0,
20000133,,,,0,,2,Light,0,-1,43.299,44.449,50.0,1150.0,850.0,300.0,0.0,0.0,,300000000.0,0.0,300000000.0,0.0,1.0,0.0,
50000148,,,,0,,5,Light,0,-1,41.399,44.499,100.0,3100.0,2800.0,300.0,0.0,0.0,,300000000.0,0.0,300000000.0,0.0,1.0,0.0,
30000131,,,,0,,3,Light,0,-1,39.649,44.599,950.0,4950.0,4650.0,300.0,0.0,0.0,,300000000.0,0.0,300000000.0,0.0,1.0,0.0,
147,,,,0,,0,Light,0,-1,43.899,44.649,500.0,750.0,450.0,300.0,0.0,0.0,,300000000.0,0.0,300000000.0,0.0,1.0,0.0,
40000143,,,,0,,4,Light,0,-1,43.699,44.649,50.0,950.0,650.0,300.0,0.0,0.0,,300000000.0,0.0,300000000.0,0.0,1.0,0.0,
10000148,,,,0,,1,Light,0,-1,42.549,44.699,1350.0,2150.0,1850.0,300.0,0.0,0.0,,300000000.0,0.0,300000000.0,0.0,1.0,0.0,
20000134,,,,0,,2,Light,0,-1,43.449,44.749,150.0,1300.0,1000.0,300.0,0.0,0.0,,300000000.0,0.0,300000000.0,0.0,1.0,0.0,
50000149,,,,0,,5,Light,0,-1,41.799,44.799,400.0,3000.0,2700.0,300.0,0.0,0.0,,300000000.0,0.0,300000000.0,0.0,1.0,0.0,
30000132,,,,0,,3,Light,0,-1,39.899,44.899,250.0,5000.0,4700.0,300.0,0.0,0.0,,300000000.0,0.0,300000000.0,0.0,1.0,0.0,
148,,,,0,,0,Light,0,-1,44.599,44.949,700.0,350.0,50.0,300.0,0.0,0.0,,300000000.0,0.0,300000000.0,0.0,1.0,0.0,
40000144,,,,0,,4,Light,0,-1,44.399,44.949,700.0,550.0,250.0,300.0,0.0,0.0,,300000000.0,0.0,300000000.0,0.0,1.0,0.0,
10000149,,,,0,,1,Light,0,-1,42.649,44.999,100.0,2350.0,2050.0,300.0,0.0,0.0,,300000000.0,0.0,300000000.0,0.0,1.0,0.0,
20000135,,,,0,,2,Light,0,-1,43.849,45.049,400.0,1200.0,900.0,300.0,0.0,0.0,,300000000.0,0.0,300000000.0,0.0,1.0,0.0,
50000150,,,,0,,5,Light,0,-1,41.999,45.099,200.0,3100.0,2800.0,300.0,0.0,0.0,,300000000.0,0.0,300000000.0,0.0,1.0,0.0,
30000133,,,,0,,3,Light,0,-1,40.799,45.199,900.0,4400.0,4100.0,300.0,0.0,0.0,,300000000.0,0.0,300000000.0,0.0,1.0,0.0,
149,,,,0,,0,Light,0,-1,44.749,45.249,150.0,500.0,200.0,300.0,0.0,0.0,,300000000.0,0.0,300000000.0,0.0,1.0,0.0,
40000145,,,,0,,4,Light,0,-1,44.549,45.249,150.0,700.0,400.0,300.0,0.0,0.0,,300000000.0,0.0,300000000.0,0.0,1.0,0.0,
10000150,,,,0,,1,Light,0,-1,43.349,45.299,700.0,1950.0,1650.0,300.0,0.0,0.0,,300000000.0,0.0,300000000.0,0.0,1.0,0.0,
20000136,,,,0,,2,Light,0,-1,43.999,45.349,150.0,1350.0,1050.0,300.0,0.0,0.0,,300000000.0,0.0,300000000.0,0.0,1.0,0.0,
50000151,,,,0,,5,Light,0,-1,42.399,45.399,400.0,3000.0,2700.0,300.0,0.0,0.0,,300000000.0,0.0,300000000.0,0.0,1.0,0.0,
30000134,,,,0,,3,Light,0,-1,40.849,45.499,50.0,4650.0,4350.0,300.0,0.0,0.0,,300000000.0,0.0,300000000.0,0.0,1.0,0.0,
40000146,,,,0,,4,Light,0,-1,44.649,45.549,100.0,900.0,600.0,300.0,0.0,0.0,,300000000.0,0.0,300000000.0,0.0,1.0,0.0,
10000151,,,,0,,1,Light,0,-1,43.549,45.599,200.0,2050.0,1750.0,300.0,0.0,0.0,,300000000.0,0.0,300000000.0,0.0,1.0,0.0,
20000137,,,,0,,2,Light,0,-1,44.199,45.649,200.0,1450.0,1150.0,300.0,0.0,0.0,,300000000.0,0.0,300000000.0,0.0,1.0,0.0,
150,,,,0,,0,Light,0,-1,45.399,45.699,650.0,300.0,0.0,300.0,0.0,0.0,,300000000.0,0.0,300000000.0,0.0,1.0,0.0,
50000152,,,,0,,5,Light,0,-1,42.499,45.699,100.0,3200.0,2900.0,300.0,0.0,0.0,,300000000.0,0.0,300000000.0,0.0,1.0,0.0,
30000135,,,,0,,3,Light,0,-1,41.749,45.799,900.0,4050.0,3750.0,300.0,0.0,0.0,,300000000.0,0.0,300000000.0,0.0,1.0,0.0,
40000147,,,,0,,4,Light,0,-1,44.999,45.849,350.0,850.0,550.0,300.0,0.0,0.0,,300000000.0,0.0,300000000.0,0.0,1.0,0.0,
10000152,,,,0,,1,Light,0,-1,44.049,45.899,500.0,1850.0,1550.0,300.0,0.0,0.0,,300000000.0,0.0,300000000.0,0.0,1.0,0.0,
20000138,,,,0,,2,Light,0,-1,44.249,45.949,50.0,1700.0,1400.0,300.0,0.0,0.0,,300000000.0,0.0,300000000.0,0.0,1.0,0.0,
151,,,,0,,0,Light,0,-1,45.449,45.999,50.0,550.0,250.0,300.0,0.0,0.0,,300000000.0,0.0,300000000.0,0.0,1.0,0.0,
50000153,,,,0,,5,Light,0,-1,42.699,45.999,200.0,3300.0,3000.0,300.0,0.0,0.0,,300000000.0,0.0,300000000.0,0.0,1.0,0.0,
30000136,,,,0,,3,Light,0,-1,42.149,46.099,400.0,3950.0,3650.0,300.0,0.0,0.0,,300000000.0,0.0,300000000.0,0.0,1.0,0.0,
40000148,,,,0,,4,Light,0,-1,45.849,46.149,850.0,300.0,0.0,300.0,0.0,0.0,,300000000.0,0.0,300000000.0,0.0,1.0,0.0,
10000153,,,,0,,1,Light,0,-1,44.149,46.199,100.0,2050.0,1750.0,300.0,0.0,0.0,,300000000.0,0.0,300000000.0,0.0,1.0,0.0,
20000139,,,,0,,2,Light,0,-1,44.299,46.249,50.0,1950.0,1650.0,300.0,0.0,0.0,,300000000.0,0.0,300000000.0,0.0,1.0,0.0,
50000154,,,,0,,5,Light,0,-1,42.799,46.299,100.0,3500.0,3200.0,300.0,0.0,0.0,,300000000.0,0.0,300000000.0,0.0,1.0,0.0,
30000137,,,,0,,3,Light,0,-1,42.199,46.399,50.0,4200.0,3900.0,300.0,0.0,0.0,,300000000.0,0.0,300000000.0,0.0,1.0,0.0,
40000149,,,,0,,4,Light,0,-1,45.999,46.449,150.0,450.0,150.0,300.0,0.0,0.0,,300000000.0,0.0,300000000.0,0.0,1.0,0.0,
10000154,,,,0,,1,Light,0,-1,44.699,46.499,550.0,1800.0,1500.0,300.0,0.0,0.0,,300000000.0,0.0,300000000.0,0.0,1.0,0.0,
20000140,,,,0,,2,Light,0,-1,44.349,46.549,50.0,2200.0,1900.0,300.0,0.0,0.0,,300000000.0,0.0,300000000.0,0.0,1.0,0.0,
50000155,,,,0,,5,Light,0,-1,43.149,46.599,350.0,3450.0,3150.0,300.0,0.0,0.0,,300000000.0,0.0,300000000.0,0.0,1.0,0.0,
30000138,,,,0,,3,Light,0,-1,42.299,46.699,100.0,4400.0,4100.0,300.0,0.0,0.0,,300000000.0,0.0,300000000.0,0.0,1.0,0.0,
40000150,,,,0,,4,Light,0,-1,46.049,46.749,50.0,700.0,400.0,300.0,0.0,0.0,,300000000.0,0.0,300000000.0,0.0,1.0,0.0,
10000155,,,,0,,1,Light,0,-1,44.799,46.799,100.0,2000.0,1700.0,300.0,0.0,0.0,,300000000.0,0.0,300000000.0,0.0,1.0,0.0,
20000141,,,,0,,2,Light,0,-1,44.499,46.849,150.0,2350.0,2050.0,300.0,0.0,0.0,,300000000.0,0.0,300000000.0,0.0,1.0,0.0,
50000156,,,,0,,5,Light,0,-1,43.749,46.899,600.0,3150.0,2850.0,300.0,0.0,0.0,,300000000.0,0.0,300000000.0,0.0,1.0,0.0,
152,,,,0,,0,Light,0,-1,46.699,46.999,1250.0,300.0,0.0,300.0,0.0,0.0,,300000000.0,0.0,300000000.0,0.0,1.0,0.0,
30000139,,,,0,,3,Light,0,-1,42.449,46.999,150.0,4550.0,4250.0,300.0,0.0,0.0,,300000000.0,0.0,300000000.0,0.0,1.0,0.0,
40000151,,,,0,,4,Light,0,-1,46.249,47.049,200.0,800.0,500.0,300.0,0.0,0.0,,300000000.0,0.0,300000000.0,0.0,1.0,0.0,
10000156,,,,0,,1,Light,0,-1,45.049,47.099,250.0,2050.0,1750.0,300.0,0.0,0.0,,300000000.0,0.0,300000000.0,0.0,1.0,0.0,
20000142,,,,0,,2,Light,0,-1,45.499,47.149,1000.0,1650.0,1350.0,300.0,0.0,0.0,,300000000.0,0.0,300000000.0,0.0,1.0,0.0,
50000157,,,,0,,5,Light,0,-1,44.449,47.199,700.0,2750.0,2450.0,300.0,0.0,0.0,,300000000.0,0.0,300000000.0,0.0,1.0,0.0,
153,,,,0,,0,Light,0,-1,46.899,47.299,200.0,400.0,100.0,300.0,0.0,0.0,,300000000.0,0.0,300000000.0,0.0,1.0,0.0,
30000140,,,,0,,3,Light,0,-1,42.599,47.299,150.0,4700.0,4400.0,300.0,0.0,0.0,,300000000.0,0.0,300000000.0,0.0,1.0,0.0,
40000152,,,,0,,4,Light,0,-1,46.999,47.349,750.0,350.0,50.0,300.0,0.0,0.0,,300000000.0,0.0,300000000.0,0.0,1.0,0.0,
10000157,,,,0,,1,Light,0,-1,45.549,47.399,500.0,1850.0,1550.0,300.0,0.0,0.0,,300000000.0,0.0,300000000.0,0.0,1.0,0.0,
20000143,,,,0,,2,Light,0,-1,45.749,47.449,250.0,1700.0,1400.0,300.0,0.0,0.0,,300000000.0,0.0,300000000.0,0.0,1.0,0.0,
50000158,,,,0,,5,Light,0,-1,44.849,47.499,400.0,2650.0,2350.0,300.0,0.0,0.0,,300000000.0,0.0,300000000.0,0.0,1.0,0.0,
30000141,,,,0,,3,Light,0,-1,42.999,47.599,400.0,4600.0,4300.0,300.0,0.0,0.0,,300000000.0,0.0,300000000.0,0.0,1.0,0.0,
10000158,,,,0,,1,Light,0,-1,45.699,47.699,150.0,2000.0,1700.0,300.0,0.0,0.0,,300000000.0,0.0,300000000.0,0.0,1.0,0.0,
20000144,,,,0,,2,Light,0,-1,45.899,47.749,150.0,1850.0,1550.0,300.0,0.0,0.0,,300000000.0,0.0,300000000.0,0.0,1.0,0.0,
40000153,,,,0,,4,Light,0,-1,47.449,47.749,450.0,300.0,0.0,300.0,0.0,0.0,,300000000.0,0.0,300000000.0,0.0,1.0,0.0,
50000159,,,,0,,5,Light,0,-1,45.099,47.799,250.0,2700.0,2400.0,300.0,0.0,0.0,,300000000.0,0.0,300000000.0,0.0,1.0,0.0,
30000142,,,,0,,3,Light,0,-1,43.049,47.899,50.0,4850.0,4550.0,300.0,0.0,0.0,,300000000.0,0.0,300000000.0,0.0,1.0,0.0,
154,,,,0,,0,Light,0,-1,47.649,47.949,750.0,300.0,0.0,300.0,0.0,0.0,,300000000.0,0.0,300000000.0,0.0,1.0,0.0,
10000159,,,,0,,1,Light,0,-1,46.649,47.999,950.0,1350.0,1050.0,300.0,0.0,0.0,,300000000.0,0.0,300000000.0,0.0,1.0,0.0,
20000145,,,,0,,2,Light,0,-1,46.099,48.049,200.0,1950.0,1650.0,300.0,0.0,0.0,,300000000.0,0.0,300000000.0,0.0,1.0,0.0,
40000154,,,,0,,4,Light,0,-1,47.499,48.049,50.0,550.0,250.0,300.0,0.0,0.0,,300000000.0,0.0,300000000.0,0.0,1.0,0.0,
50000160,,,,0,,5,Light,0,-1,45.199,48.099,100.0,2900.0,2600.0,300.0,0.0,0.0,,300000000.0,0.0,300000000.0,0.0,1.0,0.0,
30000143,,,,0,,3,Light,0,-1,43.099,48.199,50.0,5100.0,4800.0,300.0,0.0,0.0,,300000000.0,0.0,300000000.0,0.0,1.0,0.0,
155,,,,0,,0,Light,0,-1,47.999,48.299,350.0,300.0,0.0,300.0,0.0,0.0,,300000000.0,0.0,300000000.0,0.0,1.0,0.0,
10000160,,,,0,,1,Light,0,-1,46.799,48.299,150.0,1500.0,1200.0,300.0,0.0,0.0,,300000000.0,0.0,300000000.0,0.0,1.0,0.0,
20000146,,,,0,,2,Light,0,-1,46.299,48.349,200.0,2050.0,1750.0,300.0,0.0,0.0,,300000000.0,0.0,300000000.0,0.0,1.0,0.0,
40000155,,,,0,,4,Light,0,-1,47.549,48.349,50.0,800.0,500.0,300.0,0.0,0.0,,300000000.0,0.0,300000000.0,0.0,1.0,0.0,
50000161,,,,0,,5,Light,0,-1,45.249,48.399,50.0,3150.0,2850.0,300.0,0.0,0.0,,300000000.0,0.0,300000000.0,0.0,1.0,0.0,
30000144,,,,0,,3,Light,0,-1,43.499,48.499,400.0,5000.0,4700.0,300.0,0.0,0.0,,300000000.0,0.0,300000000.0,0.0,1.0,0.0,
156,,,,0,,0,Light,0,-1,48.249,48.599,250.0,350.0,50.0,300.0,0.0,0.0,,300000000.0,0.0,300000000.0,0.0,1.0,0.0,
10000161,,,,0,,1,Light,0,-1,47.099,48.599,300.0,1500.0,1200.0,300.0,0.0,0.0,,300000000.0,0.0,300000000.0,0.0,1.0,0.0,
20000147,,,,0,,2,Light,0,-1,46.349,48.649,50.0,2300.0,2000.0,300.0,0.0,0.0,,300000000.0,0.0,300000000.0,0.0,1.0,0.0,
40000156,,,,0,,4,Light,0,-1,48.099,48.649,550.0,550.0,250.0,300.0,0.0,0.0,,300000000.0,0.0,300000000.0,0.0,1.0,0.0,
50000162,,,,0,,5,Light,0,-1,45.649,48.699,400.0,3050.0,2750.0,300.0,0.0,0.0,,300000000.0,0.0,300000000.0,0.0,1.0,0.0,
30000145,,,,0,,3,Light,0,-1,43.599,48.799,100.0,5200.0,4900.0,300.0,0.0,0.0,,300000000.0,0.0,300000000.0,0.0,1.0,0.0,
157,,,,0,,0,Light,0,-1,48.299,48.899,50.0,600.0,300.0,300.0,0.0,0.0,,300000000.0,0.0,300000000.0,0.0,1.0,0.0,
10000162,,,,0,,1,Light,0,-1,47.149,48.899,50.0,1750.0,1450.0,300.0,0.0,0.0,,300000000.0,0.0,300000000.0,0.0,1.0,0.0,
20000148,,,,0,,2,Light,0,-1,46.499,48.949,150.0,2450.0,2150.0,300.0,0.0,0.0,,300000000.0,0.0,300000000.0,0.0,1.0,0.0,
40000157,,,,0,,4,Light,0,-1,48.349,48.949,250.0,600.0,300.0,300.0,0.0,0.0,,300000000.0,0.0,300000000.0,0.0,1.0,0.0,
50000163,,,,0,,5,Light,0,-1,45.799,48.999,150.0,3200.0,2900.0,300.0,0.0,0.0,,300000000.0,0.0,300000000.0,0.0,1.0,0.0,
30000146,,,,0,,3,Light,0,-1,43.799,49.099,200.0,5300.0,5000.0,300.0,0.0,0.0,,300000000.0,0.0,300000000.0,0.0,1.0,0.0,
158,,,,0,,0,Light,0,-1,48.649,49.199,350.0,550.0,250.0,300.0,0.0,0.0,,300000000.0,0.0,300000000.0,0.0,1.0,0.0,
10000163,,,,0,,1,Light,0,-1,47.199,49.199,50.0,2000.0,1700.0,300.0,0.0,0.0,,300000000.0,0.0,300000000.0,0.0,1.0,0.0,
20000149,,,,0,,2,Light,0,-1,46.549,49.249,50.0,2700.0,2400.0,300.0,0.0,0.0,,300000000.0,0.0,300000000.0,0.0,1.0,0.0,
40000158,,,,0,,4,Light,0,-1,48.749,49.249,400.0,500.0,200.0,300.0,0.0,0.0,,300000000.0,0.0,300000000.0,0.0,1.0,0.0,
50000164,,,,0,,5,Light,0,-1,46.199,49.299,400.0,3100.0,2800.0,300.0,0.0,0.0,,300000000.0,0.0,300000000.0,0.0,1.0,0.0,
30000147,,,,0,,3,Light,0,-1,43.949,49.399,150.0,5450.0,5150.0,300.0,0.0,0.0,,300000000.0,0.0,300000000.0,0.0,1.0,0.0,
159,,,,0,,0,Light,0,-1,48.699,49.499,50.0,800.0,500.0,300.0,0.0,0.0,,300000000.0,0.0,300000000.0,0.0,1.0,0.0,
10000164,,,,0,,1,Light,0,-1,47.699,49.499,500.0,1800.0,1500.0,300.0,0.0,0.0,,300000000.0,0.0,300000000.0,0.0,1.0,0.0,
20000150,,,,0,,2,Light,0,-1,46.599,49.549,50.0,2950.0,2650.0,300.0,0.0,0.0,,300000000.0,0.0,300000000.0,0.0,1.0,0.0,
50000165,,,,0,,5,Light,0,-1,46.399,49.599,200.0,3200.0,2900.0,300.0,0.0,0.0,,300000000.0,0.0,300000000.0,0.0,1.0,0.0,
30000148,,,,0,,3,Light,0,-1,44.099,49.699,150.0,5600.0,5300.0,300.0,0.0,0.0,,300000000.0,0.0,300000000.0,0.0,1.0,0.0,
160,,,,0,,0,Light,0,-1,49.099,49.799,400.0,700.0,400.0,300.0,0.0,0.0,,300000000.0,0.0,300000000.0,0.0,1.0,0.0,
10000165,,,,0,,1,Light,0,-1,47.799,49.799,100.0,2000.0,1700.0,300.0,0.0,0.0,,300000000.0,0.0,300000000.0,0.0,1.0,0.0,
40000159,,,,0,,4,Light,0,-1,49.499,49.799,750.0,300.0,0.0,300.0,0.0,0.0,,300000000.0,0.0,300000000.0,0.0,1.0,0.0,
20000151,,,,0,,2,Light,0,-1,46.849,49.849,250.0,3000.0,2700.0,300.0,0.0,0.0,,300000000.0,0.0,300000000.0,0.0,1.0,0.0,
50000166,,,,0,,5,Light,0,-1,46.749,49.899,350.0,3150.0,2850.0,300.0,0.0,0.0,,300000000.0,0.0,300000000.0,0.0,1.0,0.0,
30000149,,,,0,,3,Light,0,-1,44.899,49.999,800.0,5100.0,4800.0,300.0,0.0,0.0,,300000000.0,0.0,300000000.0,0.0,1.0,0.0,
161,,,,0,,0,Light,0,-1,49.249,50.099,150.0,850.0,550.0,300.0,0.0,0.0,,300000000.0,0.0,300000000.0,0.0,1.0,0.0,
10000166,,,,0,,1,Light,0,-1,47.899,50.099,100.0,2200.0,1900.0,300.0,0.0,0.0,,300000000.0,0.0,300000000.0,0.0,1.0,0.0,
40000160,,,,0,,4,Light,0,-1,49.799,50.099,300.0,300.0,0.0,300.0,0.0,0.0,,300000000.0,0.0,300000000.0,0.0,1.0,0.0,
20000152,,,,0,,2,Light,0,-1,47.349,50.149,500.0,2800.0,2500.0,300.0,0.0,0.0,,300000000.0,0.0,300000000.0,0.0,1.0,0.0,
50000167,,,,0,,5,Light,0,-1,46.949,50.199,200.0,3250.0,2950.0,300.0,0.0,0.0,,300000000.0,0.0,300000000.0,0.0,1.0,0.0,
30000150,,,,0,,3,Light,0,-1,44.949,50.299,50.0,5350.0,5050.0,300.0,0.0,0.0,,300000000.0,0.0,300000000.0,0.0,1.0,0.0,
162,,,,0,,0,Light,0,-1,49.299,50.399,50.0,1100.0,800.0,300.0,0.0,0.0,,300000000.0,0.0,300000000.0,0.0,1.0,0.0,
10000167,,,,0,,1,Light,0,-1,48.149,50.399,250.0,2250.0,1950.0,300.0,0.0,0.0,,300000000.0,0.0,300000000.0,0.0,1.0,0.0,
40000161,,,,0,,4,Light,0,-1,50.049,50.399,250.0,350.0,50.0,300.0,0.0,0.0,,300000000.0,0.0,300000000.0,0.0,1.0,0.0,
20000153,,,,0,,2,Light,0,-1,47.599,50.449,250.0,2850.0,2550.0,300.0,0.0,0.0,,300000000.0,0.0,300000000.0,0.0,1.0,0.0,
50000168,,,,0,,5,Light,0,-1,47.049,50.499,100.0,3450.0,3150.0,300.0,0.0,0.0,,300000000.0,0.0,300000000.0,0.0,1.0,0.0,
30000151,,,,0,,3,Light,0,-1,45.149,50.599,200.0,5450.0,5150.0,300.0,0.0,0.0,,300000000.0,0.0,300000000.0,0.0,1.0,0.0,
163,,,,0,,0,Light,0,-1,49.449,50.699,150.0,1250.0,950.0,300.0,0.0,0.0,,300000000.0,0.0,300000000.0,0.0,1.0,0.0,
10000168,,,,0,,1,Light,0,-1,48.499,50.699,350.0,2200.0,1900.0,300.0,0.0,0.0,,300000000.0,0.0,300000000.0,0.0,1.0,0.0,
40000162,,,,0,,4,Light,0,-1,50.149,50.699,100.0,550.0,250.0,300.0,0.0,0.0,,300000000.0,0.0,300000000.0,0.0,1.0,0.0,
20000154,,,,0,,2,Light,0,-1,47.749,50.749,150.0,3000.0,2700.0,300.0,0.0,0.0,,300000000.0,0.0,300000000.0,0.0,1.0,0.0,
50000169,,,,0,,5,Light,0,-1,47.249,50.799,200.0,3550.0,3250.0,300.0,0.0,0.0,,300000000.0,0.0,300000000.0,0.0,1.0,0.0,
30000152,,,,0,,3,Light,0,-1,45.299,50.899,150.0,5600.0,5300.0,300.0,0.0,0.0,,300000000.0,0.0,300000000.0,0.0,1.0,0.0,
164,,,,0,,0,Light,0,-1,49.649,50.999,200.0,1350.0,1050.0,300.0,0.0,0.0,,300000000.0,0.0,300000000.0,0.0,1.0,0.0,
10000169,,,,0,,1,Light,0,-1,49.049,50.999,550.0,1950.0,1650.0,300.0,0.0,0.0,,300000000.0,0.0,300000000.0,0.0,1.0,0.0,
40000163,,,,0,,4,Light,0,-1,50.199,50.999,50.0,800.0,500.0,300.0,0.0,0.0,,300000000.0,0.0,300000000.0,0.0,1.0,0.0,
20000155,,,,0,,2,Light,0,-1,47.849,51.049,100.0,3200.0,2900.0,300.0,0.0,0.0,,300000000.0,0.0,300000000.0,0.0,1.0,0.0,
50000170,,,,0,,5,Light,0,-1,47.399,51.099,150.0,3700.0,3400.0,300.0,0.0,0.0,,300000000.0,0.0,300000000.0,0.0,1.0,0.0,
30000153,,,,0,,3,Light,0,-1,45.349,51.199,50.0,5850.0,5550.0,300.0,0.0,0.0,,300000000.0,0.0,300000000.0,0.0,1.0,0.0,
165,,,,0,,0,Light,0,-1,49.899,51.299,250.0,1400.0,1100.0,300.0,0.0,0.0,,300000000.0,0.0,300000000.0,0.0,1.0,0.0,
10000170,,,,0,,1,Light,0,-1,49.699,51.299,650.0,1600.0,1300.0,300.0,0.0,0.0,,300000000.0,0.0,300000000.0,0.0,1.0,0.0,
40000164,,,,0,,4,Light,0,-1,50.249,51.299,50.0,1050.0,750.0,300.0,0.0,0.0,,300000000.0,0.0,300000000.0,0.0,1.0,0.0,
20000156,,,,0,,2,Light,0,-1,47.949,51.349,100.0,3400.0,3100.0,300.0,0.0,0.0,,300000000.0,0.0,300000000.0,0.0,1.0,0.0,
50000171,,,,0,,5,Light,0,-1,48.049,51.399,650.0,3350.0,3050.0,300.0,0.0,0.0,,300000000.0,0.0,300000000.0,0.0,1.0,0.0,
30000154,,,,0,,3,Light,0,-1,45.599,51.499,250.0,5900.0,5600.0,300.0,0.0,0.0,,300000000.0,0.0,300000000.0,0.0,1.0,0.0,
166,,,,0,,0,Light,0,-1,49.999,51.599,100.0,1600.0,1300.0,300.0,0.0,0.0,,300000000.0,0.0,300000000.0,0.0,1.0,0.0,
10000171,,,,0,,1,Light,0,-1,49.749,51.599,50.0,1850.0,1550.0,300.0,0.0,0.0,,300000000.0,0.0,300000000.0,0.0,1.0,0.0,
40000165,,,,0,,4,Light,0,-1,50.349,51.599,100.0,1250.0,950.0,300.0,0.0,0.0,,300000000.0,0.0,300000000.0,0.0,1.0,0.0,
20000157,,,,0,,2,Light,0,-1,48.199,51.649,250.0,3450.0,3150.0,300.0,0.0,0.0,,300000000.0,0.0,300000000.0,0.0,1.0,0.0,
50000172,,,,0,,5,Light,0,-1,48.449,51.699,400.0,3250.0,2950.0,300.0,0.0,0.0,,300000000.0,0.0,300000000.0,0.0,1.0,0.0,
30000155,,,,0,,3,Light,0,-1,45.949,51.799,350.0,5850.0,5550.0,300.0,0.0,0.0,,300000000.0,0.0,300000000.0,0.0,1.0,0.0,
167,,,,0,,0,Light,0,-1,50.849,51.899,850.0,1050.0,750.0,300.0,0.0,0.0,,300000000.0,0.0,300000000.0,0.0,1.0,0.0,
10000172,,,,0,,1,Light,0,-1,49.949,51.899,200.0,1950.0,1650.0,300.0,0.0,0.0,,300000000.0,0.0,300000000.0,0.0,1.0,0.0,
40000166,,,,0,,4,Light,0,-1,50.599,51.899,250.0,1300.0,1000.0,300.0,0.0,0.0,,300000000.0,0.0,300000000.0,0.0,1.0,0.0,
20000158,,,,0,,2,Light,0,-1,48.399,51.949,200.0,3550.0,3250.0,300.0,0.0,0.0,,300000000.0,0.0,300000000.0,0.0,1.0,0.0,
50000173,,,,0,,5,Light,0,-1,48.549,51.999,100.0,3450.0,3150.0,300.0,0.0,0.0,,300000000.0,0.0,300000000.0,0.0,1.0,0.0,
30000156,,,,0,,3,Light,0,-1,46.149,52.099,200.0,5950.0,5650.0,300.0,0.0,0.0,,300000000.0,0.0,300000000.0,0.0,1.0,0.0,
168,,,,0,,0,Light,0,-1,50.999,52.199,150.0,1200.0,900.0,300.0,0.0,0.0,,300000000.0,0.0,300000000.0,0.0,1.0,0.0,
10000173,,,,0,,1,Light,0,-1,50.299,52.199,350.0,1900.0,1600.0,300.0,0.0,0.0,,300000000.0,0.0,300000000.0,0.0,1.0,0.0,
40000167,,,,0,,4,Light,0,-1,50.749,52.199,150.0,1450.0,1150.0,300.0,0.0,0.0,,300000000.0,0.0,300000000.0,0.0,1.0,0.0,
20000159,,,,0,,2,Light,0,-1,48.799,52.249,400.0,3450.0,3150.0,300.0,0.0,0.0,,300000000.0,0.0,300000000.0,0.0,1.0,0.0,
50000174,,,,0,,5,Light,0,-1,49.549,52.299,1000.0,2750.0,2450.0,300.0,0.0,0.0,,300000000.0,0.0,300000000.0,0.0,1.0,0.0,
30000157,,,,0,,3,Light,0,-1,46.449,52.399,300.0,5950.0,5650.0,300.0,0.0,0.0,,300000000.0,0.0,300000000.0,0.0,1.0,0.0,
169,,,,0,,0,Light,0,-1,51.299,52.499,300.0,1200.0,900.0,300.0,0.0,0.0,,300000000.0,0.0,300000000.0,0.0,1.0,0.0,
10000174,,,,0,,1,Light,0,-1,51.049,52.499,750.0,1450.0,1150.0,300.0,0.0,0.0,,300000000.0,0.0,300000000.0,0.0,1.0,0.0,
40000168,,,,0,,4,Light,0,-1,50.799,52.499,50.0,1700.0,1400.0,300.0,0.0,0.0,,300000000.0,0.0,300000000.0,0.0,1.0,0.0,
20000160,,,,0,,2,Light,0,-1,48.999,52.549,200.0,3550.0,3250.0,300.0,0.0,0.0,,300000000.0,0.0,300000000.0,0.0,1.0,0.0,
50000175,,,,0,,5,Light,0,-1,49.599,52.599,50.0,3000.0,2700.0,300.0,0.0,0.0,,300000000.0,0.0,300000000.0,0.0,1.0,0.0,
30000158,,,,0,,3,Light,0,-1,47.299,52.699,850.0,5400.0,5100.0,300.0,0.0,0.0,,300000000.0,0.0,300000000.0,0.0,1.0,0.0,
170,,,,0,,0,Light,0,-1,51.549,52.799,250.0,1250.0,950.0,300.0,0.0,0.0,,300000000.0,0.0,300000000.0,0.0,1.0,0.0,
10000175,,,,0,,1,Light,0,-1,51.149,52.799,100.0,1650.0,1350.0,300.0,0.0,0.0,,300000000.0,0.0,300000000.0,0.0,1.0,0.0,
40000169,,,,0,,4,Light,0,-1,50.899,52.799,100.0,1900.0,1600.0,300.0,0.0,0.0,,300000000.0,0.0,300000000.0,0.0,1.0,0.0,
20000161,,,,0,,2,Light,0,-1,49.149,52.849,150.0,3700.0,3400.0,300.0,0.0,0.0,,300000000.0,0.0,300000000.0,0.0,1.0,0.0,
50000176,,,,0,,5,Light,0,-1,50.949,52.899,1350.0,1950.0,1650.0,300.0,0.0,0.0,,300000000.0,0.0,300000000.0,0.0,1.0,0.0,
30000159,,,,0,,3,Light,0,-1,48.599,52.999,1300.0,4400.0,4100.0,300.0,0.0,0.0,,300000000.0,0.0,300000000.0,0.0,1.0,0.0,
171,,,,0,,0,Light,0,-1,51.649,53.099,100.0,1450.0,1150.0,300.0,0.0,0.0,,300000000.0,0.0,300000000.0,0.0,1.0,0.0,
10000176,,,,0,,1,Light,0,-1,51.349,53.099,200.0,1750.0,1450.0,300.0,0.0,0.0,,300000000.0,0.0,300000000.0,0.0,1.0,0.0,
40000170,,,,0,,4,Light,0,-1,51.499,53.099,600.0,1600.0,1300.0,300.0,0.0,0.0,,300000000.0,0.0,300000000.0,0.0,1.0,0.0,
20000162,,,,0,,2,Light,0,-1,49.849,53.149,700.0,3300.0,3000.0,300.0,0.0,0.0,,300000000.0,0.0,300000000.0,0.0,1.0,0.0,
50000177,,,,0,,5,Light,0,-1,51.099,53.199,150.0,2100.0,1800.0,300.0,0.0,0.0,,300000000.0,0.0,300000000.0,0.0,1.0,0.0,
30000160,,,,0,,3,Light,0,-1,48.849,53.299,250.0,4450.0,4150.0,300.0,0.0,0.0,,300000000.0,0.0,300000000.0,0.0,1.0,0.0,
172,,,,0,,0,Light,0,-1,51.999,53.399,350.0,1400.0,1100.0,300.0,0.0,0.0,,300000000.0,0.0,300000000.0,0.0,1.0,0.0,
10000177,,,,0,,1,Light,0,-1,51.399,53.399,50.0,2000.0,1700.0,300.0,0.0,0.0,,300000000.0,0.0,300000000.0,0.0,1.0,0.0,
40000171,,,,0,,4,Light,0,-1,51.849,53.399,350.0,1550.0,1250.0,300.0,0.0,0.0,,300000000.0,0.0,300000000.0,0.0,1.0,0.0,
20000163,,,,0,,2,Light,0,-1,50.549,53.449,700.0,2900.0,2600.0,300.0,0.0,0.0,,300000000.0,0.0,300000000.0,0.0,1.0,0.0,
50000178,,,,0,,5,Light,0,-1,51.249,53.499,150.0,2250.0,1950.0,300.0,0.0,0.0,,300000000.0,0.0,300000000.0,0.0,1.0,0.0,
30000161,,,,0,,3,Light,0,-1,48.899,53.599,50.0,4700.0,4400.0,300.0,0.0,0.0,,300000000.0,0.0,300000000.0,0.0,1.0,0.0,
173,,,,0,,0,Light,0,-1,52.349,53.699,350.0,1350.0,1050.0,300.0,0.0,0.0,,300000000.0,0.0,300000000.0,0.0,1.0,0.0,
10000178,,,,0,,1,Light,0,-1,51.449,53.699,50.0,2250.0,1950.0,300.0,0.0,0.0,,300000000.0,0.0,300000000.0,0.0,1.0,0.0,
40000172,,,,0,,4,Light,0,-1,52.599,53.699,750.0,1100.0,800.0,300.0,0.0,0.0,,300000000.0,0.0,300000000.0,0.0,1.0,0.0,
20000164,,,,0,,2,Light,0,-1,50.699,53.749,150.0,3050.0,2750.0,300.0,0.0,0.0,,300000000.0,0.0,300000000.0,0.0,1.0,0.0,
50000179,,,,0,,5,Light,0,-1,51.799,53.799,550.0,2000.0,1700.0,300.0,0.0,0.0,,300000000.0,0.0,300000000.0,0.0,1.0,0.0,
30000162,,,,0,,3,Light,0,-1,48.949,53.899,50.0,4950.0,4650.0,300.0,0.0,0.0,,300000000.0,0.0,300000000.0,0.0,1.0,0.0,
174,,,,0,,0,Light,0,-1,52.799,53.999,450.0,1200.0,900.0,300.0,0.0,0.0,,300000000.0,0.0,300000000.0,0.0,1.0,0.0,
10000179,,,,0,,1,Light,0,-1,51.599,53.999,150.0,2400.0,2100.0,300.0,0.0,0.0,,300000000.0,0.0,300000000.0,0.0,1.0,0.0,
40000173,,,,0,,4,Light,0,-1,52.849,53.999,250.0,1150.0,850.0,300.0,0.0,0.0,,300000000.0,0.0,300000000.0,0.0,1.0,0.0,
20000165,,,,0,,2,Light,0,-1,51.199,54.049,500.0,2850.0,2550.0,300.0,0.0,0.0,,300000000.0,0.0,300000000.0,0.0,1.0,0.0,
50000180,,,,0,,5,Light,0,-1,52.149,54.099,350.0,1950.0,1650.0,300.0,0.0,0.0,,300000000.0,0.0,300000000.0,0.0,1.0,0.0,
30000163,,,,0,,3,Light,0,-1,49.199,54.199,250.0,5000.0,4700.0,300.0,0.0,0.0,,300000000.0,0.0,300000000.0,0.0,1.0,0.0,
175,,,,0,,0,Light,0,-1,53.149,54.299,350.0,1150.0,850.0,300.0,0.0,0.0,,300000000.0,0.0,300000000.0,0.0,1.0,0.0,
10000180,,,,0,,1,Light,0,-1,52.049,54.299,450.0,2250.0,1950.0,300.0,0.0,0.0,,300000000.0,0.0,300000000.0,0.0,1.0,0.0,
40000174,,,,0,,4,Light,0,-1,53.349,54.299,500.0,950.0,650.0,300.0,0.0,0.0,,300000000.0,0.0,300000000.0,0.0,1.0,0.0,
20000166,,,,0,,2,Light,0,-1,51.949,54.349,750.0,2400.0,2100.0,300.0,0.0,0.0,,300000000.0,0.0,300000000.0,0.0,1.0,0.0,
50000181,,,,0,,5,Light,0,-1,52.249,54.399,100.0,2150.0,1850.0,300.0,0.0,0.0,,300000000.0,0.0,300000000.0,0.0,1.0,0.0,
30000164,,,,0,,3,Light,0,-1,49.349,54.499,150.0,5150.0,4850.0,300.0,0.0,0.0,,300000000.0,0.0,300000000.0,0.0,1.0,0.0,
176,,,,0,,0,Light,0,-1,53.199,54.599,50.0,1400.0,1100.0,300.0,0.0,0.0,,300000000.0,0.0,300000000.0,0.0,1.0,0.0,
10000181,,,,0,,1,Light,0,-1,52.449,54.599,400.0,2150.0,1850.0,300.0,0.0,0.0,,300000000.0,0.0,300000000.0,0.0,1.0,0.0,
40000175,,,,0,,4,Light,0,-1,53.449,54.599,100.0,1150.0,850.0,300.0,0.0,0.0,,300000000.0,0.0,300000000.0,0.0,1.0,0.0,
20000167,,,,0,,2,Light,0,-1,52.099,54.649,150.0,2550.0,2250.0,300.0,0.0,0.0,,300000000.0,0.0,300000000.0,0.0,1.0,0.0,
50000182,,,,0,,5,Light,0,-1,52.399,54.699,150.0,2300.0,2000.0,300.0,0.0,0.0,,300000000.0,0.0,300000000.0,0.0,1.0,0.0,
30000165,,,,0,,3,Light,0,-1,49.399,54.799,50.0,5400.0,5100.0,300.0,0.0,0.0,,300000000.0,0.0,300000000.0,0.0,1.0,0.0,
177,,,,0,,0,Light,0,-1,53.599,54.899,400.0,1300.0,1000.0,300.0,0.0,0.0,,300000000.0,0.0,300000000.0,0.0,1.0,0.0,
10000182,,,,0,,1,Light,0,-1,52.699,54.899,250.0,2200.0,1900.0,300.0,0.0,0.0,,300000000.0,0.0,300000000.0,0.0,1.0,0.0,
40000176,,,,0,,4,Light,0,-1,53.949,54.899,500.0,950.0,650.0,300.0,0.0,0.0,,300000000.0,0.0,300000000.0,0.0,1.0,0.0,
20000168,,,,0,,2,Light,0,-1,52.199,54.949,100.0,2750.0,2450.0,300.0,0.0,0.0,,300000000.0,0.0,300000000.0,0.0,1.0,0.0,
50000183,,,,0,,5,Light,0,-1,52.549,54.999,150.0,2450.0,2150.0,300.0,0.0,0.0,,300000000.0,0.0,300000000.0,0.0,1.0,0.0,
30000166,,,,0,,3,Light,0,-1,50.099,55.099,700.0,5000.0,4700.0,300.0,0.0,0.0,,300000000.0,0.0,300000000.0,0.0,1.0,0.0,
178,,,,0,,0,Light,0,-1,54.149,55.199,550.0,1050.0,750.0,300.0,0.0,0.0,,300000000.0,0.0,300000000.0,0.0,1.0,0.0,
10000183,,,,0,,1,Light,0,-1,52.899,55.199,200.0,2300.0,2000.0,300.0,0.0,0.0,,300000000.0,0.0,300000000.0,0.0,1.0,0.0,
40000177,,,,0,,4,Light,0,-1,53.999,55.199,50.0,1200.0,900.0,300.0,0.0,0.0,,300000000.0,0.0,300000000.0,0.0,1.0,0.0,
20000169,,,,0,,2,Light,0,-1,52.499,55.249,300.0,2750.0,2450.0,300.0,0.0,0.0,,300000000.0,0.0,300000000.0,0.0,1.0,0.0,
50000184,,,,0,,5,Light,0,-1,52.649,55.299,100.0,2650.0,2350.0,300.0,0.0,0.0,,300000000.0,0.0,300000000.0,0.0,1.0,0.0,
30000167,,,,0,,3,Light,0,-1,50.399,55.399,300.0,5000.0,4700.0,300.0,0.0,0.0,,300000000.0,0.0,300000000.0,0.0,1.0,0.0,
179,,,,0,,0,Light,0,-1,54.249,55.499,100.0,1250.0,950.0,300.0,0.0,0.0,,300000000.0,0.0,300000000.0,0.0,1.0,0.0,
10000184,,,,0,,1,Light,0,-1,52.999,55.499,100.0,2500.0,2200.0,300.0,0.0,0.0,,300000000.0,0.0,300000000.0,0.0,1.0,0.0,
40000178,,,,0,,4,Light,0,-1,54.199,55.499,200.0,1300.0,1000.0,300.0,0.0,0.0,,300000000.0,0.0,300000000.0,0.0,1.0,0.0,
20000170,,,,0,,2,Light,0,-1,53.049,55.549,550.0,2500.0,2200.0,300.0,0.0,0.0,,300000000.0,0.0,300000000.0,0.0,1.0,0.0,
50000185,,,,0,,5,Light,0,-1,52.949,55.599,300.0,2650.0,2350.0,300.0,0.0,0.0,,300000000.0,0.0,300000000.0,0.0,1.0,0.0,
30000168,,,,0,,3,Light,0,-1,50.449,55.699,50.0,5250.0,4950.0,300.0,0.0,0.0,,300000000.0,0.0,300000000.0,0.0,1.0,0.0,
180,,,,0,,0,Light,0,-1,54.549,55.799,300.0,1250.0,950.0,300.0,0.0,0.0,,300000000.0,0.0,300000000.0,0.0,1.0,0.0,
10000185,,,,0,,1,Light,0,-1,53.099,55.799,100.0,2700.0,2400.0,300.0,0.0,0.0,,300000000.0,0.0,300000000.0,0.0,1.0,0.0,
40000179,,,,0,,4,Light,0,-1,54.449,55.799,250.0,1350.0,1050.0,300.0,0.0,0.0,,300000000.0,0.0,300000000.0,0.0,1.0,0.0,
20000171,,,,0,,2,Light,0,-1,53.299,55.849,250.0,2550.0,2250.0,300.0,0.0,0.0,,300000000.0,0.0,300000000.0,0.0,1.0,0.0,
50000186,,,,0,,5,Light,0,-1,53.399,55.899,450.0,2500.0,2200.0,300.0,0.0,0.0,,300000000.0,0.0,300000000.0,0.0,1.0,0.0,
30000169,,,,0,,3,Light,0,-1,50.499,55.999,50.0,5500.0,5200.0,300.0,0.0,0.0,,300000000.0,0.0,300000000.0,0.0,1.0,0.0,
181,,,,0,,0,Light,0,-1,54.599,56.099,50.0,1500.0,1200.0,300.0,0.0,0.0,,300000000.0,0.0,300000000.0,0.0,1.0,0.0,
10000186,,,,0,,1,Light,0,-1,53.249,56.099,150.0,2850.0,2550.0,300.0,0.0,0.0,,300000000.0,0.0,300000000.0,0.0,1.0,0.0,
40000180,,,,0,,4,Light,0,-1,54.749,56.099,300.0,1350.0,1050.0,300.0,0.0,0.0,,300000000.0,0.0,300000000.0,0.0,1.0,0.0,
20000172,,,,0,,2,Light,0,-1,53.499,56.149,200.0,2650.0,2350.0,300.0,0.0,0.0,,300000000.0,0.0,300000000.0,0.0,1.0,0.0,
50000187,,,,0,,5,Light,0,-1,53.699,56.199,300.0,2500.0,2200.0,300.0,0.0,0.0,,300000000.0,0.0,300000000.0,0.0,1.0,0.0,
30000170,,,,0,,3,Light,0,-1,50.649,56.299,150.0,5650.0,5350.0,300.0,0.0,0.0,,300000000.0,0.0,300000000.0,0.0,1.0,0.0,
182,,,,0,,0,Light,0,-1,54.849,56.399,250.0,1550.0,1250.0,300.0,0.0,0.0,,300000000.0,0.0,300000000.0,0.0,1.0,0.0,
10000187,,,,0,,1,Light,0,-1,54.649,56.399,1400.0,1750.0,1450.0,300.0,0.0,0.0,,300000000.0,0.0,300000000.0,0.0,1.0,0.0,
40000181,,,,0,,4,Light,0,-1,54.799,56.399,50.0,1600.0,1300.0,300.0,0.0,0.0,,300000000.0,0.0,300000000.0,0.0,1.0,0.0,
20000173,,,,0,,2,Light,0,-1,53.749,56.449,250.0,2700.0,2400.0,300.0,0.0,0.0,,300000000.0,0.0,300000000.0,0.0,1.0,0.0,
50000188,,,,0,,5,Light,0,-1,53.799,56.499,100.0,2700.0,2400.0,300.0,0.0,0.0,,300000000.0,0.0,300000000.0,0.0,1.0,0.0,
30000171,,,,0,,3,Light,0,-1,51.699,56.599,1050.0,4900.0,4600.0,300.0,0.0,0.0,,300000000.0,0.0,300000000.0,0.0,1.0,0.0,
183,,,,0,,0,Light,0,-1,55.049,56.699,200.0,1650.0,1350.0,300.0,0.0,0.0,,300000000.0,0.0,300000000.0,0.0,1.0,0.0,
10000188,,,,0,,1,Light,0,-1,55.099,56.699,450.0,1600.0,1300.0,300.0,0.0,0.0,,300000000.0,0.0,300000000.0,0.0,1.0,0.0,
40000182,,,,0,,4,Light,0,-1,54.999,56.699,200.0,1700.0,1400.0,300.0,0.0,0.0,,300000000.0,0.0,300000000.0,0.0,1.0,0.0,
20000174,,,,0,,2,Light,0,-1,53.899,56.749,150.0,2850.0,2550.0,300.0,0.0,0.0,,300000000.0,0.0,300000000.0,0.0,1.0,0.0,
50000189,,,,0,,5,Light,0,-1,54.349,56.799,550.0,2450.0,2150.0,300.0,0.0,0.0,,300000000.0,0.0,300000000.0,0.0,1.0,0.0,
30000172,,,,0,,3,Light,0,-1,51.749,56.899,50.0,5150.0,4850.0,300.0,0.0,0.0,,300000000.0,0.0,300000000.0,0.0,1.0,0.0,
184,,,,0,,0,Light,0,-1,55.649,56.999,600.0,1350.0,1050.0,300.0,0.0,0.0,,300000000.0,0.0,300000000.0,0.0,1.0,0.0,
10000189,,,,0,,1,Light,0,-1,55.399,56.999,300.0,1600.0,1300.0,300.0,0.0,0.0,,300000000.0,0.0,300000000.0,0.0,1.0,0.0,
40000183,,,,0,,4,Light,0,-1,55.199,56.999,200.0,1800.0,1500.0,300.0,0.0,0.0,,300000000.0,0.0,300000000.0,0.0,1.0,0.0,
20000175,,,,0,,2,Light,0,-1,54.399,57.049,500.0,2650.0,2350.0,300.0,0.0,0.0,,300000000.0,0.0,300000000.0,0.0,1.0,0.0,
50000190,,,,0,,5,Light,0,-1,54.699,57.099,350.0,2400.0,2100.0,300.0,0.0,0.0,,300000000.0,0.0,300000000.0,0.0,1.0,0.0,
30000173,,,,0,,3,Light,0,-1,51.899,57.199,150.0,5300.0,5000.0,300.0,0.0,0.0,,300000000.0,0.0,300000000.0,0.0,1.0,0.0,
185,,,,0,,0,Light,0,-1,55.999,57.299,350.0,1300.0,1000.0,300.0,0.0,0.0,,300000000.0,0.0,300000000.0,0.0,1.0,0.0,
10000190,,,,0,,1,Light,0,-1,56.049,57.299,650.0,1250.0,950.0,300.0,0.0,0.0,,300000000.0,0.0,300000000.0,0.0,1.0,0.0,
40000184,,,,0,,4,Light,0,-1,55.449,57.299,250.0,1850.0,1550.0,300.0,0.0,0.0,,300000000.0,0.0,300000000.0,0.0,1.0,0.0,
20000176,,,,0,,2,Light,0,-1,54.499,57.349,100.0,2850.0,2550.0,300.0,0.0,0.0,,300000000.0,0.0,300000000.0,0.0,1.0,0.0,
50000191,,,,0,,5,Light,0,-1,54.899,57.399,200.0,2500.0,2200.0,300.0,0.0,0.0,,300000000.0,0.0,300000000.0,0.0,1.0,0.0,
30000174,,,,0,,3,Light,0,-1,52.299,57.499,400.0,5200.0,4900.0,300.0,0.0,0.0,,300000000.0,0.0,300000000.0,0.0,1.0,0.0,
186,,,,0,,0,Light,0,-1,56.499,57.599,500.0,1100.0,800.0,300.0,0.0,0.0,,300000000.0,0.0,300000000.0,0.0,1.0,0.0,
10000191,,,,0,,1,Light,0,-1,57.249,57.599,1200.0,350.0,50.0,300.0,0.0,0.0,,300000000.0,0.0,300000000.0,0.0,1.0,0.0,
40000185,,,,0,,4,Light,0,-1,56.449,57.599,1000.0,1150.0,850.0,300.0,0.0,0.0,,300000000.0,0.0,300000000.0,0.0,1.0,0.0,
20000177,,,,0,,2,Light,0,-1,54.949,57.649,450.0,2700.0,2400.0,300.0,0.0,0.0,,300000000.0,0.0,300000000.0,0.0,1.0,0.0,
50000192,,,,0,,5,Light,0,-1,55.249,57.699,350.0,2450.0,2150.0,300.0,0.0,0.0,,300000000.0,0.0,300000000.0,0.0,1.0,0.0,
30000175,,,,0,,3,Light,0,-1,52.749,57.799,450.0,5050.0,4750.0,300.0,0.0,0.0,,300000000.0,0.0,300000000.0,0.0,1.0,0.0,
187,,,,0,,0,Light,0,-1,56.599,57.899,100.0,1300.0,1000.0,300.0,0.0,0.0,,300000000.0,0.0,300000000.0,0.0,1.0,0.0,
40000186,,,,0,,4,Light,0,-1,56.899,57.899,450.0,1000.0,700.0,300.0,0.0,0.0,,300000000.0,0.0,300000000.0,0.0,1.0,0.0,
10000192,,,,0,,1,Light,0,-1,57.649,57.949,400.0,300.0,0.0,300.0,0.0,0.0,,300000000.0,0.0,300000000.0,0.0,1.0,0.0,
20000178,,,,0,,2,Light,0,-1,55.349,57.949,400.0,2600.0,2300.0,300.0,0.0,0.0,,300000000.0,0.0,300000000.0,0.0,1.0,0.0,
50000193,,,,0,,5,Light,0,-1,55.549,57.999,300.0,2450.0,2150.0,300.0,0.0,0.0,,300000000.0,0.0,300000000.0,0.0,1.0,0.0,
30000176,,,,0,,3,Light,0,-1,53.549,58.099,800.0,4550.0,4250.0,300.0,0.0,0.0,,300000000.0,0.0,300000000.0,0.0,1.0,0.0,
188,,,,0,,0,Light,0,-1,56.799,58.199,200.0,1400.0,1100.0,300.0,0.0,0.0,,300000000.0,0.0,300000000.0,0.0,1.0,0.0,
40000187,,,,0,,4,Light,0,-1,57.049,58.199,150.0,1150.0,850.0,300.0,0.0,0.0,,300000000.0,0.0,300000000.0,0.0,1.0,0.0,
10000193,,,,0,,1,Light,0,-1,57.799,58.249,150.0,450.0,150.0,300.0,0.0,0.0,,300000000.0,0.0,300000000.0,0.0,1.0,0.0,
20000179,,,,0,,2,Light,0,-1,55.749,58.249,400.0,2500.0,2200.0,300.0,0.0,0.0,,300000000.0,0.0,300000000.0,0.0,1.0,0.0,
50000194,,,,0,,5,Light,0,-1,55.949,58.299,400.0,2350.0,2050.0,300.0,0.0,0.0,,300000000.0,0.0,300000000.0,0.0,1.0,0.0,
30000177,,,,0,,3,Light,0,-1,53.649,58.399,100.0,4750.0,4450.0,300.0,0.0,0.0,,300000000.0,0.0,300000000.0,0.0,1.0,0.0,
189,,,,0,,0,Light,0,-1,56.949,58.499,150.0,1550.0,1250.0,300.0,0.0,0.0,,300000000.0,0.0,300000000.0,0.0,1.0,0.0,
40000188,,,,0,,4,Light,0,-1,57.299,58.499,250.0,1200.0,900.0,300.0,0.0,0.0,,300000000.0,0.0,300000000.0,0.0,1.0,0.0,
10000194,,,,0,,1,Light,0,-1,58.249,58.549,450.0,300.0,0.0,300.0,0.0,0.0,,300000000.0,0.0,300000000.0,0.0,1.0,0.0,
20000180,,,,0,,2,Light,0,-1,55.849,58.549,100.0,2700.0,2400.0,300.0,0.0,0.0,,300000000.0,0.0,300000000.0,0.0,1.0,0.0,
50000195,,,,0,,5,Light,0,-1,56.199,58.599,250.0,2400.0,2100.0,300.0,0.0,0.0,,300000000.0,0.0,300000000.0,0.0,1.0,0.0,
30000178,,,,0,,3,Light,0,-1,53.849,58.699,200.0,4850.0,4550.0,300.0,0.0,0.0,,300000000.0,0.0,300000000.0,0.0,1.0,0.0,
190,,,,0,,0,Light,0,-1,57.199,58.799,250.0,1600.0,1300.0,300.0,0.0,0.0,,300000000.0,0.0,300000000.0,0.0,1.0,0.0,
40000189,,,,0,,4,Light,0,-1,57.399,58.799,100.0,1400.0,1100.0,300.0,0.0,0.0,,300000000.0,0.0,300000000.0,0.0,1.0,0.0,
10000195,,,,0,,1,Light,0,-1,58.349,58.849,100.0,500.0,200.0,300.0,0.0,0.0,,300000000.0,0.0,300000000.0,0.0,1.0,0.0,
20000181,,,,0,,2,Light,0,-1,55.899,58.849,50.0,2950.0,2650.0,300.0,0.0,0.0,,300000000.0,0.0,300000000.0,0.0,1.0,0.0,
50000196,,,,0,,5,Light,0,-1,56.349,58.899,150.0,2550.0,2250.0,300.0,0.0,0.0,,300000000.0,0.0,300000000.0,0.0,1.0,0.0,
30000179,,,,0,,3,Light,0,-1,54.049,58.999,200.0,4950.0,4650.0,300.0,0.0,0.0,,300000000.0,0.0,300000000.0,0.0,1.0,0.0,
191,,,,0,,0,Light,0,-1,57.599,59.099,400.0,1500.0,1200.0,300.0,0.0,0.0,,300000000.0,0.0,300000000.0,0.0,1.0,0.0,
40000190,,,,0,,4,Light,0,-1,57.749,59.099,350.0,1350.0,1050.0,300.0,0.0,0.0,,300000000.0,0.0,300000000.0,0.0,1.0,0.0,
10000196,,,,0,,1,Light,0,-1,58.699,59.149,350.0,450.0,150.0,300.0,0.0,0.0,,300000000.0,0.0,300000000.0,0.0,1.0,0.0,
20000182,,,,0,,2,Light,0,-1,56.099,59.149,200.0,3050.0,2750.0,300.0,0.0,0.0,,300000000.0,0.0,300000000.0,0.0,1.0,0.0,
50000197,,,,0,,5,Light,0,-1,56.999,59.199,650.0,2200.0,1900.0,300.0,0.0,0.0,,300000000.0,0.0,300000000.0,0.0,1.0,0.0,
30000180,,,,0,,3,Light,0,-1,54.099,59.299,50.0,5200.0,4900.0,300.0,0.0,0.0,,300000000.0,0.0,300000000.0,0.0,1.0,0.0,
192,,,,0,,0,Light,0,-1,58.049,59.399,450.0,1350.0,1050.0,300.0,0.0,0.0,,300000000.0,0.0,300000000.0,0.0,1.0,0.0,
40000191,,,,0,,4,Light,0,-1,58.199,59.399,450.0,1200.0,900.0,300.0,0.0,0.0,,300000000.0,0.0,300000000.0,0.0,1.0,0.0,
10000197,,,,0,,1,Light,0,-1,58.949,59.449,250.0,500.0,200.0,300.0,0.0,0.0,,300000000.0,0.0,300000000.0,0.0,1.0,0.0,
20000183,,,,0,,2,Light,0,-1,56.299,59.449,200.0,3150.0,2850.0,300.0,0.0,0.0,,300000000.0,0.0,300000000.0,0.0,1.0,0.0,
50000198,,,,0,,5,Light,0,-1,57.499,59.499,500.0,2000.0,1700.0,300.0,0.0,0.0,,300000000.0,0.0,300000000.0,0.0,1.0,0.0,
30000181,,,,0,,3,Light,0,-1,54.299,59.599,200.0,5300.0,5000.0,300.0,0.0,0.0,,300000000.0,0.0,300000000.0,0.0,1.0,0.0,
193,,,,0,,0,Light,0,-1,58.099,59.699,50.0,1600.0,1300.0,300.0,0.0,0.0,,300000000.0,0.0,300000000.0,0.0,1.0,0.0,
40000192,,,,0,,4,Light,0,-1,58.449,59.699,250.0,1250.0,950.0,300.0,0.0,0.0,,300000000.0,0.0,300000000.0,0.0,1.0,0.0,
10000198,,,,0,,1,Light,0,-1,59.449,59.749,500.0,300.0,0.0,300.0,0.0,0.0,,300000000.0,0.0,300000000.0,0.0,1.0,0.0,
20000184,,,,0,,2,Light,0,-1,56.649,59.749,350.0,3100.0,2800.0,300.0,0.0,0.0,,300000000.0,0.0,300000000.0,0.0,1.0,0.0,
50000199,,,,0,,5,Light,0,-1,57.949,59.799,450.0,1850.0,1550.0,300.0,0.0,0.0,,300000000.0,0.0,300000000.0,0.0,1.0,0.0,
30000182,,,,0,,3,Light,0,-1,55.149,59.899,850.0,4750.0,4450.0,300.0,0.0,0.0,,300000000.0,0.0,300000000.0,0.0,1.0,0.0,
194,,,,0,,0,Light,0,-1,58.499,59.999,400.0,1500.0,1200.0,300.0,0.0,0.0,,300000000.0,0.0,300000000.0,0.0,1.0,0.0,
40000193,,,,0,,4,Light,0,-1,58.549,59.999,100.0,1450.0,1150.0,300.0,0.0,0.0,,300000000.0,0.0,300000000.0,0.0,1.0,0.0,
