task_id,job_id,app_name,node_name,ucb_reward,ucb_arm,user_id,task_type,offloaded,edge_id,arrival_time,finish_time,inter_arrival_ms,latency_ms,waiting_ms,proc_ms,tx_delay_ms,transit_ms,channel_rate_mbps,cycles_total,split_ratio,cycles_local,cycles_edge,local_ratio,edge_ratio,finish_time_edge
50000001,,,,0,,5,Light,0,-1,0.003,0.303,,300.0,0.0,300.0,0.0,0.0,,300000000.0,0.0,300000000.0,0.0,1.0,0.0,
1,,,,0,,0,Light,0,-1,0.006,0.306,,300.0,0.0,300.0,0.0,0.0,,300000000.0,0.0,300000000.0,0.0,1.0,0.0,
20000001,,,,0,,2,Light,0,-1,0.016,0.316,,300.0,0.0,300.0,0.0,0.0,,300000000.0,0.0,300000000.0,0.0,1.0,0.0,
10000001,,,,0,,1,Light,0,-1,0.02,0.32,,300.0,0.0,300.0,0.0,0.0,,300000000.0,0.0,300000000.0,0.0,1.0,0.0,
40000001,,,,0,,4,Light,0,-1,0.043,0.343,,300.0,0.0,300.0,0.0,0.0,,300000000.0,0.0,300000000.0,0.0,1.0,0.0,
30000001,,,,0,,3,Light,0,-1,0.053,0.353,,300.0,0.0,300.0,0.0,0.0,,300000000.0,0.0,300000000.0,0.0,1.0,0.0,
50000002,,,,0,,5,Light,0,-1,0.013,0.603,10.0,590.0,290.0,300.0,0.0,0.0,,300000000.0,0.0,300000000.0,0.0,1.0,0.0,
2,,,,0,,0,Light,0,-1,0.01,0.606,4.0,596.0,296.0,300.0,0.0,0.0,,300000000.0,0.0,300000000.0,0.0,1.0,0.0,
20000002,,,,0,,2,Light,0,-1,0.116,0.616,100.0,500.0,200.0,300.0,0.0,0.0,,300000000.0,0.0,300000000.0,0.0,1.0,0.0,
10000002,,,,0,,1,Light,0,-1,0.023,0.62,3.0,597.0,297.0,300.0,0.0,0.0,,300000000.0,0.0,300000000.0,0.0,1.0,0.0,
40000002,,,,0,,4,Light,0,-1,0.05,0.643,7.0,593.0,293.0,300.0,0.0,0.0,,300000000.0,0.0,300000000.0,0.0,1.0,0.0,
30000002,,,,0,,3,Light,0,-1,0.103,0.653,50.0,550.0,250.0,300.0,0.0,0.0,,300000000.0,0.0,300000000.0,0.0,1.0,0.0,
50000003,,,,0,,5,Light,0,-1,0.03,0.903,17.0,873.0,573.0,300.0,0.0,0.0,,300000000.0,0.0,300000000.0,0.0,1.0,0.0,
3,,,,0,,0,Light,0,-1,0.033,0.906,23.0,873.0,573.0,300.0,0.0,0.0,,300000000.0,0.0,300000000.0,0.0,1.0,0.0,
20000003,,,,0,,2,Light,0,-1,0.133,0.916,17.0,783.0,483.0,300.0,0.0,0.0,,300000000.0,0.0,300000000.0,0.0,1.0,0.0,
10000003,,,,0,,1,Light,0,-1,0.026,0.92,3.0,894.0,594.0,300.0,0.0,0.0,,300000000.0,0.0,300000000.0,0.0,1.0,0.0,
40000003,,,,0,,4,Light,0,-1,0.073,0.943,23.0,870.0,570.0,300.0,0.0,0.0,,300000000.0,0.0,300000000.0,0.0,1.0,0.0,
30000003,,,,0,,3,Light,0,-1,0.11,0.953,7.0,843.0,543.0,300.0,0.0,0.0,,300000000.0,0.0,300000000.0,0.0,1.0,0.0,
50000004,,,,0,,5,Light,0,-1,0.036,1.203,6.0,1167.0,867.0,300.0,0.0,0.0,,300000000.0,0.0,300000000.0,0.0,1.0,0.0,
4,,,,0,,0,Light,0,-1,0.046,1.206,13.0,1160.0,860.0,300.0,0.0,0.0,,300000000.0,0.0,300000000.0,0.0,1.0,0.0,
20000004,,,,0,,2,Light,0,-1,0.136,1.216,3.0,1080.0,780.0,300.0,0.0,0.0,,300000000.0,0.0,300000000.0,0.0,1.0,0.0,
10000004,,,,0,,1,Light,0,-1,0.066,1.22,40.0,1154.0,854.0,300.0,0.0,0.0,,300000000.0,0.0,300000000.0,0.0,1.0,0.0,
40000004,,,,0,,4,Light,0,-1,0.076,1.243,3.0,1167.0,867.0,300.0,0.0,0.0,,300000000.0,0.0,300000000.0,0.0,1.0,0.0,
30000004,,,,0,,3,Light,0,-1,0.13,1.253,20.0,1123.0,823.0,300.0,0.0,0.0,,300000000.0,0.0,300000000.0,0.0,1.0,0.0,
50000005,,,,0,,5,Light,0,-1,0.04,1.503,4.0,1463.0,1163.0,300.0,0.0,0.0,,300000000.0,0.0,300000000.0,0.0,1.0,0.0,
5,,,,0,,0,Light,0,-1,0.056,1.506,10.0,1450.0,1150.0,300.0,0.0,0.0,,300000000.0,0.0,300000000.0,0.0,1.0,0.0,
20000005,,,,0,,2,Light,0,-1,0.146,1.516,10.0,1370.0,1070.0,300.0,0.0,0.0,,300000000.0,0.0,300000000.0,0.0,1.0,0.0,
10000005,,,,0,,1,Light,0,-1,0.07,1.52,4.0,1450.0,1150.0,300.0,0.0,0.0,,300000000.0,0.0,300000000.0,0.0,1.0,0.0,
40000005,,,,0,,4,Light,0,-1,0.083,1.543,7.0,1460.0,1160.0,300.0,0.0,0.0,,300000000.0,0.0,300000000.0,0.0,1.0,0.0,
30000005,,,,0,,3,Light,0,-1,0.156,1.553,26.0,1397.0,1097.0,300.0,0.0,0.0,,300000000.0,0.0,300000000.0,0.0,1.0,0.0,
50000006,,,,0,,5,Light,0,-1,0.09,1.803,50.0,1713.0,1413.0,300.0,0.0,0.0,,300000000.0,0.0,300000000.0,0.0,1.0,0.0,
6,,,,0,,0,Light,0,-1,0.06,1.806,4.0,1746.0,1446.0,300.0,0.0,0.0,,300000000.0,0.0,300000000.0,0.0,1.0,0.0,
20000006,,,,0,,2,Light,0,-1,0.163,1.816,17.0,1653.0,1353.0,300.0,0.0,0.0,,300000000.0,0.0,300000000.0,0.0,1.0,0.0,
10000006,,,,0,,1,Light,0,-1,0.086,1.82,16.0,1734.0,1434.0,300.0,0.0,0.0,,300000000.0,0.0,300000000.0,0.0,1.0,0.0,
40000006,,,,0,,4,Light,0,-1,0.1,1.843,17.0,1743.0,1443.0,300.0,0.0,0.0,,300000000.0,0.0,300000000.0,0.0,1.0,0.0,
30000006,,,,0,,3,Light,0,-1,0.183,1.853,27.0,1670.0,1370.0,300.0,0.0,0.0,,300000000.0,0.0,300000000.0,0.0,1.0,0.0,
50000007,,,,0,,5,Light,0,-1,0.093,2.103,3.0,2010.0,1710.0,300.0,0.0,0.0,,300000000.0,0.0,300000000.0,0.0,1.0,0.0,
7,,,,0,,0,Light,0,-1,0.063,2.106,3.0,2043.0,1743.0,300.0,0.0,0.0,,300000000.0,0.0,300000000.0,0.0,1.0,0.0,
20000007,,,,0,,2,Light,0,-1,0.166,2.116,3.0,1950.0,1650.0,300.0,0.0,0.0,,300000000.0,0.0,300000000.0,0.0,1.0,0.0,
10000007,,,,0,,1,Light,0,-1,0.106,2.12,20.0,2014.0,1714.0,300.0,0.0,0.0,,300000000.0,0.0,300000000.0,0.0,1.0,0.0,
40000007,,,,0,,4,Light,0,-1,0.113,2.143,13.0,2030.0,1730.0,300.0,0.0,0.0,,300000000.0,0.0,300000000.0,0.0,1.0,0.0,
30000007,,,,0,,3,Light,0,-1,0.193,2.153,10.0,1960.0,1660.0,300.0,0.0,0.0,,300000000.0,0.0,300000000.0,0.0,1.0,0.0,
50000008,,,,0,,5,Light,0,-1,0.096,2.403,3.0,2307.0,2007.0,300.0,0.0,0.0,,300000000.0,0.0,300000000.0,0.0,1.0,0.0,
8,,,,0,,0,Light,0,-1,0.08,2.406,17.0,2326.0,2026.0,300.0,0.0,0.0,,300000000.0,0.0,300000000.0,0.0,1.0,0.0,
20000008,,,,0,,2,Light,0,-1,0.173,2.416,7.0,2243.0,1943.0,300.0,0.0,0.0,,300000000.0,0.0,300000000.0,0.0,1.0,0.0,
10000008,,,,0,,1,Light,0,-1,0.123,2.42,17.0,2297.0,1997.0,300.0,0.0,0.0,,300000000.0,0.0,300000000.0,0.0,1.0,0.0,
40000008,,,,0,,4,Light,0,-1,0.17,2.443,57.0,2273.0,1973.0,300.0,0.0,0.0,,300000000.0,0.0,300000000.0,0.0,1.0,0.0,
30000008,,,,0,,3,Light,0,-1,0.253,2.453,60.0,2200.0,1900.0,300.0,0.0,0.0,,300000000.0,0.0,300000000.0,0.0,1.0,0.0,
50000009,,,,0,,5,Light,0,-1,0.126,2.703,30.0,2577.0,2277.0,300.0,0.0,0.0,,300000000.0,0.0,300000000.0,0.0,1.0,0.0,
9,,,,0,,0,Light,0,-1,0.12,2.706,40.0,2586.0,2286.0,300.0,0.0,0.0,,300000000.0,0.0,300000000.0,0.0,1.0,0.0,
20000009,,,,0,,2,Light,0,-1,0.203,2.716,30.0,2513.0,2213.0,300.0,0.0,0.0,,300000000.0,0.0,300000000.0,0.0,1.0,0.0,
10000009,,,,0,,1,Light,0,-1,0.14,2.72,17.0,2580.0,2280.0,300.0,0.0,0.0,,300000000.0,0.0,300000000.0,0.0,1.0,0.0,
40000009,,,,0,,4,Light,0,-1,0.186,2.743,16.0,2557.0,2257.0,300.0,0.0,0.0,,300000000.0,0.0,300000000.0,0.0,1.0,0.0,
30000009,,,,0,,3,Light,0,-1,0.26,2.753,7.0,2493.0,2193.0,300.0,0.0,0.0,,300000000.0,0.0,300000000.0,0.0,1.0,0.0,
50000010,,,,0,,5,Light,0,-1,0.18,3.003,54.0,2823.0,2523.0,300.0,0.0,0.0,,300000000.0,0.0,300000000.0,0.0,1.0,0.0,
10,,,,0,,0,Light,0,-1,0.15,3.006,30.0,2856.0,2556.0,300.0,0.0,0.0,,300000000.0,0.0,300000000.0,0.0,1.0,0.0,
20000010,,,,0,,2,Light,0,-1,0.213,3.016,10.0,2803.0,2503.0,300.0,0.0,0.0,,300000000.0,0.0,300000000.0,0.0,1.0,0.0,
10000010,,,,0,,1,Light,0,-1,0.143,3.02,3.0,2877.0,2577.0,300.0,0.0,0.0,,300000000.0,0.0,300000000.0,0.0,1.0,0.0,
40000010,,,,0,,4,Light,0,-1,0.2,3.043,14.0,2843.0,2543.0,300.0,0.0,0.0,,300000000.0,0.0,300000000.0,0.0,1.0,0.0,
30000010,,,,0,,3,Light,0,-1,0.326,3.053,66.0,2727.0,2427.0,300.0,0.0,0.0,,300000000.0,0.0,300000000.0,0.0,1.0,0.0,
50000011,,,,0,,5,Light,0,-1,0.206,3.303,26.0,3097.0,2797.0,300.0,0.0,0.0,,300000000.0,0.0,300000000.0,0.0,1.0,0.0,
11,,,,0,,0,Light,0,-1,0.153,3.306,3.0,3153.0,2853.0,300.0,0.0,0.0,,300000000.0,0.0,300000000.0,0.0,1.0,0.0,
20000011,,,,0,,2,Light,0,-1,0.24,3.316,27.0,3076.0,2776.0,300.0,0.0,0.0,,300000000.0,0.0,300000000.0,0.0,1.0,0.0,
10000011,,,,0,,1,Light,0,-1,0.22,3.32,77.0,3100.0,2800.0,300.0,0.0,0.0,,300000000.0,0.0,300000000.0,0.0,1.0,0.0,
40000011,,,,0,,4,Light,0,-1,0.21,3.343,10.0,3133.0,2833.0,300.0,0.0,0.0,,300000000.0,0.0,300000000.0,0.0,1.0,0.0,
30000011,,,,0,,3,Light,0,-1,0.33,3.353,4.0,3023.0,2723.0,300.0,0.0,0.0,,300000000.0,0.0,300000000.0,0.0,1.0,0.0,
50000012,,,,0,,5,Light,0,-1,0.223,3.603,17.0,3380.0,3080.0,300.0,0.0,0.0,,300000000.0,0.0,300000000.0,0.0,1.0,0.0,
12,,,,0,,0,Light,0,-1,0.16,3.606,7.0,3446.0,3146.0,300.0,0.0,0.0,,300000000.0,0.0,300000000.0,0.0,1.0,0.0,
20000012,,,,0,,2,Light,0,-1,0.256,3.616,16.0,3360.0,3060.0,300.0,0.0,0.0,,300000000.0,0.0,300000000.0,0.0,1.0,0.0,
10000012,,,,0,,1,Light,0,-1,0.236,3.62,16.0,3384.0,3084.0,300.0,0.0,0.0,,300000000.0,0.0,300000000.0,0.0,1.0,0.0,
40000012,,,,0,,4,Light,0,-1,0.216,3.643,6.0,3427.0,3127.0,300.0,0.0,0.0,,300000000.0,0.0,300000000.0,0.0,1.0,0.0,
30000012,,,,0,,3,Light,0,-1,0.37,3.653,40.0,3283.0,2983.0,300.0,0.0,0.0,,300000000.0,0.0,300000000.0,0.0,1.0,0.0,
50000013,,,,0,,5,Light,0,-1,0.233,3.903,10.0,3670.0,3370.0,300.0,0.0,0.0,,300000000.0,0.0,300000000.0,0.0,1.0,0.0,
13,,,,0,,0,Light,0,-1,0.176,3.906,16.0,3730.0,3430.0,300.0,0.0,0.0,,300000000.0,0.0,300000000.0,0.0,1.0,0.0,
20000013,,,,0,,2,Light,0,-1,0.266,3.916,10.0,3650.0,3350.0,300.0,0.0,0.0,,300000000.0,0.0,300000000.0,0.0,1.0,0.0,
10000013,,,,0,,1,Light,0,-1,0.246,3.92,10.0,3674.0,3374.0,300.0,0.0,0.0,,300000000.0,0.0,300000000.0,0.0,1.0,0.0,
40000013,,,,0,,4,Light,0,-1,0.303,3.943,87.0,3640.0,3340.0,300.0,0.0,0.0,,300000000.0,0.0,300000000.0,0.0,1.0,0.0,
30000013,,,,0,,3,Light,0,-1,0.4,3.953,30.0,3553.0,3253.0,300.0,0.0,0.0,,300000000.0,0.0,300000000.0,0.0,1.0,0.0,
50000014,,,,0,,5,Light,0,-1,0.263,4.203,30.0,3940.0,3640.0,300.0,0.0,0.0,,300000000.0,0.0,300000000.0,0.0,1.0,0.0,
14,,,,0,,0,Light,0,-1,0.19,4.206,14.0,4016.0,3716.0,300.0,0.0,0.0,,300000000.0,0.0,300000000.0,0.0,1.0,0.0,
20000014,,,,0,,2,Light,0,-1,0.273,4.216,7.0,3943.0,3643.0,300.0,0.0,0.0,,300000000.0,0.0,300000000.0,0.0,1.0,0.0,
10000014,,,,0,,1,Light,0,-1,0.27,4.22,24.0,3950.0,3650.0,300.0,0.0,0.0,,300000000.0,0.0,300000000.0,0.0,1.0,0.0,
40000014,,,,0,,4,Light,0,-1,0.313,4.243,10.0,3930.0,3630.0,300.0,0.0,0.0,,300000000.0,0.0,300000000.0,0.0,1.0,0.0,
30000014,,,,0,,3,Light,0,-1,0.403,4.253,3.0,3850.0,3550.0,300.0,0.0,0.0,,300000000.0,0.0,300000000.0,0.0,1.0,0.0,
50000015,,,,0,,5,Light,0,-1,0.283,4.503,20.0,4220.0,3920.0,300.0,0.0,0.0,,300000000.0,0.0,300000000.0,0.0,1.0,0.0,
15,,,,0,,0,Light,0,-1,0.196,4.506,6.0,4310.0,4010.0,300.0,0.0,0.0,,300000000.0,0.0,300000000.0,0.0,1.0,0.0,
20000015,,,,0,,2,Light,0,-1,0.276,4.516,3.0,4240.0,3940.0,300.0,0.0,0.0,,300000000.0,0.0,300000000.0,0.0,1.0,0.0,
10000015,,,,0,,1,Light,0,-1,0.28,4.52,10.0,4240.0,3940.0,300.0,0.0,0.0,,300000000.0,0.0,300000000.0,0.0,1.0,0.0,
40000015,,,,0,,4,Light,0,-1,0.343,4.543,30.0,4200.0,3900.0,300.0,0.0,0.0,,300000000.0,0.0,300000000.0,0.0,1.0,0.0,
30000015,,,,0,,3,Light,0,-1,0.41,4.553,7.0,4143.0,3843.0,300.0,0.0,0.0,,300000000.0,0.0,300000000.0,0.0,1.0,0.0,
50000016,,,,0,,5,Light,0,-1,0.29,4.803,7.0,4513.0,4213.0,300.0,0.0,0.0,,300000000.0,0.0,300000000.0,0.0,1.0,0.0,
16,,,,0,,0,Light,0,-1,0.226,4.806,30.0,4580.0,4280.0,300.0,0.0,0.0,,300000000.0,0.0,300000000.0,0.0,1.0,0.0,
20000016,,,,0,,2,Light,0,-1,0.286,4.816,10.0,4530.0,4230.0,300.0,0.0,0.0,,300000000.0,0.0,300000000.0,0.0,1.0,0.0,
10000016,,,,0,,1,Light,0,-1,0.31,4.82,30.0,4510.0,4210.0,300.0,0.0,0.0,,300000000.0,0.0,300000000.0,0.0,1.0,0.0,
40000016,,,,0,,4,Light,0,-1,0.383,4.843,40.0,4460.0,4160.0,300.0,0.0,0.0,,300000000.0,0.0,300000000.0,0.0,1.0,0.0,
30000016,,,,0,,3,Light,0,-1,0.446,4.853,36.0,4407.0,4107.0,300.0,0.0,0.0,,300000000.0,0.0,300000000.0,0.0,1.0,0.0,
50000017,,,,0,,5,Light,0,-1,0.293,5.103,3.0,4810.0,4510.0,300.0,0.0,0.0,,300000000.0,0.0,300000000.0,0.0,1.0,0.0,
17,,,,0,,0,Light,0,-1,0.23,5.106,4.0,4876.0,4576.0,300.0,0.0,0.0,,300000000.0,0.0,300000000.0,0.0,1.0,0.0,
20000017,,,,0,,2,Light,0,-1,0.333,5.116,47.0,4783.0,4483.0,300.0,0.0,0.0,,300000000.0,0.0,300000000.0,0.0,1.0,0.0,
10000017,,,,0,,1,Light,0,-1,0.32,5.12,10.0,4800.0,4500.0,300.0,0.0,0.0,,300000000.0,0.0,300000000.0,0.0,1.0,0.0,
40000017,,,,0,,4,Light,0,-1,0.43,5.143,47.0,4713.0,4413.0,300.0,0.0,0.0,,300000000.0,0.0,300000000.0,0.0,1.0,0.0,
30000017,,,,0,,3,Light,0,-1,0.453,5.153,7.0,4700.0,4400.0,300.0,0.0,0.0,,300000000.0,0.0,300000000.0,0.0,1.0,0.0,
50000018,,,,0,,5,Light,0,-1,0.296,5.403,3.0,5107.0,4807.0,300.0,0.0,0.0,,300000000.0,0.0,300000000.0,0.0,1.0,0.0,
18,,,,0,,0,Light,0,-1,0.243,5.406,13.0,5163.0,4863.0,300.0,0.0,0.0,,300000000.0,0.0,300000000.0,0.0,1.0,0.0,
20000018,,,,0,,2,Light,0,-1,0.353,5.416,20.0,5063.0,4763.0,300.0,0.0,0.0,,300000000.0,0.0,300000000.0,0.0,1.0,0.0,
10000018,,,,0,,1,Light,0,-1,0.323,5.42,3.0,5097.0,4797.0,300.0,0.0,0.0,,300000000.0,0.0,300000000.0,0.0,1.0,0.0,
40000018,,,,0,,4,Light,0,-1,0.433,5.443,3.0,5010.0,4710.0,300.0,0.0,0.0,,300000000.0,0.0,300000000.0,0.0,1.0,0.0,
30000018,,,,0,,3,Light,0,-1,0.47,5.453,17.0,4983.0,4683.0,300.0,0.0,0.0,,300000000.0,0.0,300000000.0,0.0,1.0,0.0,
50000019,,,,0,,5,Light,0,-1,0.306,5.703,10.0,5397.0,5097.0,300.0,0.0,0.0,,300000000.0,0.0,300000000.0,0.0,1.0,0.0,
19,,,,0,,0,Light,0,-1,0.25,5.706,7.0,5456.0,5156.0,300.0,0.0,0.0,,300000000.0,0.0,300000000.0,0.0,1.0,0.0,
20000019,,,,0,,2,Light,0,-1,0.366,5.716,13.0,5350.0,5050.0,300.0,0.0,0.0,,300000000.0,0.0,300000000.0,0.0,1.0,0.0,
10000019,,,,0,,1,Light,0,-1,0.346,5.72,23.0,5374.0,5074.0,300.0,0.0,0.0,,300000000.0,0.0,300000000.0,0.0,1.0,0.0,
40000019,,,,0,,4,Light,0,-1,0.443,5.743,10.0,5300.0,5000.0,300.0,0.0,0.0,,300000000.0,0.0,300000000.0,0.0,1.0,0.0,
30000019,,,,0,,3,Light,0,-1,0.496,5.753,26.0,5257.0,4957.0,300.0,0.0,0.0,,300000000.0,0.0,300000000.0,0.0,1.0,0.0,
50000020,,,,0,,5,Light,0,-1,0.316,6.003,10.0,5687.0,5387.0,300.0,0.0,0.0,,300000000.0,0.0,300000000.0,0.0,1.0,0.0,
20,,,,0,,0,Light,0,-1,0.3,6.006,50.0,5706.0,5406.0,300.0,0.0,0.0,,300000000.0,0.0,300000000.0,0.0,1.0,0.0,
20000020,,,,0,,2,Light,0,-1,0.373,6.016,7.0,5643.0,5343.0,300.0,0.0,0.0,,300000000.0,0.0,300000000.0,0.0,1.0,0.0,
10000020,,,,0,,1,Light,0,-1,0.36,6.02,14.0,5660.0,5360.0,300.0,0.0,0.0,,300000000.0,0.0,300000000.0,0.0,1.0,0.0,
40000020,,,,0,,4,Light,0,-1,0.45,6.043,7.0,5593.0,5293.0,300.0,0.0,0.0,,300000000.0,0.0,300000000.0,0.0,1.0,0.0,
30000020,,,,0,,3,Light,0,-1,0.506,6.053,10.0,5547.0,5247.0,300.0,0.0,0.0,,300000000.0,0.0,300000000.0,0.0,1.0,0.0,
50000021,,,,0,,5,Light,0,-1,0.336,6.303,20.0,5967.0,5667.0,300.0,0.0,0.0,,300000000.0,0.0,300000000.0,0.0,1.0,0.0,
21,,,,0,,0,Light,0,-1,0.356,6.306,56.0,5950.0,5650.0,300.0,0.0,0.0,,300000000.0,0.0,300000000.0,0.0,1.0,0.0,
20000021,,,,0,,2,Light,0,-1,0.39,6.316,17.0,5926.0,5626.0,300.0,0.0,0.0,,300000000.0,0.0,300000000.0,0.0,1.0,0.0,
10000021,,,,0,,1,Light,0,-1,0.38,6.32,20.0,5940.0,5640.0,300.0,0.0,0.0,,300000000.0,0.0,300000000.0,0.0,1.0,0.0,
40000021,,,,0,,4,Light,0,-1,0.466,6.343,16.0,5877.0,5577.0,300.0,0.0,0.0,,300000000.0,0.0,300000000.0,0.0,1.0,0.0,
30000021,,,,0,,3,Light,0,-1,0.51,6.353,4.0,5843.0,5543.0,300.0,0.0,0.0,,300000000.0,0.0,300000000.0,0.0,1.0,0.0,
50000022,,,,0,,5,Light,0,-1,0.34,6.603,4.0,6263.0,5963.0,300.0,0.0,0.0,,300000000.0,0.0,300000000.0,0.0,1.0,0.0,
22,,,,0,,0,Light,0,-1,0.363,6.606,7.0,6243.0,5943.0,300.0,0.0,0.0,,300000000.0,0.0,300000000.0,0.0,1.0,0.0,
20000022,,,,0,,2,Light,0,-1,0.416,6.616,26.0,6200.0,5900.0,300.0,0.0,0.0,,300000000.0,0.0,300000000.0,0.0,1.0,0.0,
10000022,,,,0,,1,Light,0,-1,0.393,6.62,13.0,6227.0,5927.0,300.0,0.0,0.0,,300000000.0,0.0,300000000.0,0.0,1.0,0.0,
40000022,,,,0,,4,Light,0,-1,0.5,6.643,34.0,6143.0,5843.0,300.0,0.0,0.0,,300000000.0,0.0,300000000.0,0.0,1.0,0.0,
30000022,,,,0,,3,Light,0,-1,0.516,6.653,6.0,6137.0,5837.0,300.0,0.0,0.0,,300000000.0,0.0,300000000.0,0.0,1.0,0.0,
50000023,,,,0,,5,Light,0,-1,0.35,6.903,10.0,6553.0,6253.0,300.0,0.0,0.0,,300000000.0,0.0,300000000.0,0.0,1.0,0.0,
23,,,,0,,0,Light,0,-1,0.376,6.906,13.0,6530.0,6230.0,300.0,0.0,0.0,,300000000.0,0.0,300000000.0,0.0,1.0,0.0,
20000023,,,,0,,2,Light,0,-1,0.436,6.916,20.0,6480.0,6180.0,300.0,0.0,0.0,,300000000.0,0.0,300000000.0,0.0,1.0,0.0,
10000023,,,,0,,1,Light,0,-1,0.413,6.92,20.0,6507.0,6207.0,300.0,0.0,0.0,,300000000.0,0.0,300000000.0,0.0,1.0,0.0,
40000023,,,,0,,4,Light,0,-1,0.513,6.943,13.0,6430.0,6130.0,300.0,0.0,0.0,,300000000.0,0.0,300000000.0,0.0,1.0,0.0,
30000023,,,,0,,3,Light,0,-1,0.566,6.953,50.0,6387.0,6087.0,300.0,0.0,0.0,,300000000.0,0.0,300000000.0,0.0,1.0,0.0,
50000024,,,,0,,5,Light,0,-1,0.386,7.203,36.0,6817.0,6517.0,300.0,0.0,0.0,,300000000.0,0.0,300000000.0,0.0,1.0,0.0,
24,,,,0,,0,Light,0,-1,0.473,7.206,97.0,6733.0,6433.0,300.0,0.0,0.0,,300000000.0,0.0,300000000.0,0.0,1.0,0.0,
20000024,,,,0,,2,Light,0,-1,0.456,7.216,20.0,6760.0,6460.0,300.0,0.0,0.0,,300000000.0,0.0,300000000.0,0.0,1.0,0.0,
10000024,,,,0,,1,Light,0,-1,0.42,7.22,7.0,6800.0,6500.0,300.0,0.0,0.0,,300000000.0,0.0,300000000.0,0.0,1.0,0.0,
40000024,,,,0,,4,Light,0,-1,0.52,7.243,7.0,6723.0,6423.0,300.0,0.0,0.0,,300000000.0,0.0,300000000.0,0.0,1.0,0.0,
30000024,,,,0,,3,Light,0,-1,0.573,7.253,7.0,6680.0,6380.0,300.0,0.0,0.0,,300000000.0,0.0,300000000.0,0.0,1.0,0.0,
50000025,,,,0,,5,Light,0,-1,0.396,7.503,10.0,7107.0,6807.0,300.0,0.0,0.0,,300000000.0,0.0,300000000.0,0.0,1.0,0.0,
25,,,,0,,0,Light,0,-1,0.476,7.506,3.0,7030.0,6730.0,300.0,0.0,0.0,,300000000.0,0.0,300000000.0,0.0,1.0,0.0,
20000025,,,,0,,2,Light,0,-1,0.523,7.516,67.0,6993.0,6693.0,300.0,0.0,0.0,,300000000.0,0.0,300000000.0,0.0,1.0,0.0,
10000025,,,,0,,1,Light,0,-1,0.423,7.52,3.0,7097.0,6797.0,300.0,0.0,0.0,,300000000.0,0.0,300000000.0,0.0,1.0,0.0,
40000025,,,,0,,4,Light,0,-1,0.526,7.543,6.0,7017.0,6717.0,300.0,0.0,0.0,,300000000.0,0.0,300000000.0,0.0,1.0,0.0,
30000025,,,,0,,3,Light,0,-1,0.65,7.553,77.0,6903.0,6603.0,300.0,0.0,0.0,,300000000.0,0.0,300000000.0,0.0,1.0,0.0,
50000026,,,,0,,5,Light,0,-1,0.406,7.803,10.0,7397.0,7097.0,300.0,0.0,0.0,,300000000.0,0.0,300000000.0,0.0,1.0,0.0,
26,,,,0,,0,Light,0,-1,0.48,7.806,4.0,7326.0,7026.0,300.0,0.0,0.0,,300000000.0,0.0,300000000.0,0.0,1.0,0.0,
20000026,,,,0,,2,Light,0,-1,0.55,7.816,27.0,7266.0,6966.0,300.0,0.0,0.0,,300000000.0,0.0,300000000.0,0.0,1.0,0.0,
10000026,,,,0,,1,Light,0,-1,0.46,7.82,37.0,7360.0,7060.0,300.0,0.0,0.0,,300000000.0,0.0,300000000.0,0.0,1.0,0.0,
40000026,,,,0,,4,Light,0,-1,0.546,7.843,20.0,7297.0,6997.0,300.0,0.0,0.0,,300000000.0,0.0,300000000.0,0.0,1.0,0.0,
30000026,,,,0,,3,Light,0,-1,0.69,7.853,40.0,7163.0,6863.0,300.0,0.0,0.0,,300000000.0,0.0,300000000.0,0.0,1.0,0.0,
50000027,,,,0,,5,Light,0,-1,0.426,8.103,20.0,7677.0,7377.0,300.0,0.0,0.0,,300000000.0,0.0,300000000.0,0.0,1.0,0.0,
27,,,,0,,0,Light,0,-1,0.503,8.106,23.0,7603.0,7303.0,300.0,0.0,0.0,,300000000.0,0.0,300000000.0,0.0,1.0,0.0,
20000027,,,,0,,2,Light,0,-1,0.556,8.116,6.0,7560.0,7260.0,300.0,0.0,0.0,,300000000.0,0.0,300000000.0,0.0,1.0,0.0,
10000027,,,,0,,1,Light,0,-1,0.463,8.12,3.0,7657.0,7357.0,300.0,0.0,0.0,,300000000.0,0.0,300000000.0,0.0,1.0,0.0,
40000027,,,,0,,4,Light,0,-1,0.59,8.143,44.0,7553.0,7253.0,300.0,0.0,0.0,,300000000.0,0.0,300000000.0,0.0,1.0,0.0,
30000027,,,,0,,3,Light,0,-1,0.71,8.153,20.0,7443.0,7143.0,300.0,0.0,0.0,,300000000.0,0.0,300000000.0,0.0,1.0,0.0,
50000028,,,,0,,5,Light,0,-1,0.44,8.403,14.0,7963.0,7663.0,300.0,0.0,0.0,,300000000.0,0.0,300000000.0,0.0,1.0,0.0,
28,,,,0,,0,Light,0,-1,0.53,8.406,27.0,7876.0,7576.0,300.0,0.0,0.0,,300000000.0,0.0,300000000.0,0.0,1.0,0.0,
20000028,,,,0,,2,Light,0,-1,0.563,8.416,7.0,7853.0,7553.0,300.0,0.0,0.0,,300000000.0,0.0,300000000.0,0.0,1.0,0.0,
10000028,,,,0,,1,Light,0,-1,0.483,8.42,20.0,7937.0,7637.0,300.0,0.0,0.0,,300000000.0,0.0,300000000.0,0.0,1.0,0.0,
40000028,,,,0,,4,Light,0,-1,0.596,8.443,6.0,7847.0,7547.0,300.0,0.0,0.0,,300000000.0,0.0,300000000.0,0.0,1.0,0.0,
30000028,,,,0,,3,Light,0,-1,0.73,8.453,20.0,7723.0,7423.0,300.0,0.0,0.0,,300000000.0,0.0,300000000.0,0.0,1.0,0.0,
50000029,,,,0,,5,Light,0,-1,0.486,8.703,46.0,8217.0,7917.0,300.0,0.0,0.0,,300000000.0,0.0,300000000.0,0.0,1.0,0.0,
29,,,,0,,0,Light,0,-1,0.54,8.706,10.0,8166.0,7866.0,300.0,0.0,0.0,,300000000.0,0.0,300000000.0,0.0,1.0,0.0,
20000029,,,,0,,2,Light,0,-1,0.586,8.716,23.0,8130.0,7830.0,300.0,0.0,0.0,,300000000.0,0.0,300000000.0,0.0,1.0,0.0,
10000029,,,,0,,1,Light,0,-1,0.49,8.72,7.0,8230.0,7930.0,300.0,0.0,0.0,,300000000.0,0.0,300000000.0,0.0,1.0,0.0,
40000029,,,,0,,4,Light,0,-1,0.613,8.743,17.0,8130.0,7830.0,300.0,0.0,0.0,,300000000.0,0.0,300000000.0,0.0,1.0,0.0,
30000029,,,,0,,3,Light,0,-1,0.756,8.753,26.0,7997.0,7697.0,300.0,0.0,0.0,,300000000.0,0.0,300000000.0,0.0,1.0,0.0,
50000030,,,,0,,5,Light,0,-1,0.493,9.003,7.0,8510.0,8210.0,300.0,0.0,0.0,,300000000.0,0.0,300000000.0,0.0,1.0,0.0,
30,,,,0,,0,Light,0,-1,0.56,9.006,20.0,8446.0,8146.0,300.0,0.0,0.0,,300000000.0,0.0,300000000.0,0.0,1.0,0.0,
20000030,,,,0,,2,Light,0,-1,0.606,9.016,20.0,8410.0,8110.0,300.0,0.0,0.0,,300000000.0,0.0,300000000.0,0.0,1.0,0.0,
10000030,,,,0,,1,Light,0,-1,0.57,9.02,80.0,8450.0,8150.0,300.0,0.0,0.0,,300000000.0,0.0,300000000.0,0.0,1.0,0.0,
40000030,,,,0,,4,Light,0,-1,0.616,9.043,3.0,8427.0,8127.0,300.0,0.0,0.0,,300000000.0,0.0,300000000.0,0.0,1.0,0.0,
30000030,,,,0,,3,Light,0,-1,0.77,9.053,14.0,8283.0,7983.0,300.0,0.0,0.0,,300000000.0,0.0,300000000.0,0.0,1.0,0.0,
50000031,,,,0,,5,Light,0,-1,0.533,9.303,40.0,8770.0,8470.0,300.0,0.0,0.0,,300000000.0,0.0,300000000.0,0.0,1.0,0.0,
31,,,,0,,0,Light,0,-1,0.576,9.306,16.0,8730.0,8430.0,300.0,0.0,0.0,,300000000.0,0.0,300000000.0,0.0,1.0,0.0,
20000031,,,,0,,2,Light,0,-1,0.626,9.316,20.0,8690.0,8390.0,300.0,0.0,0.0,,300000000.0,0.0,300000000.0,0.0,1.0,0.0,
10000031,,,,0,,1,Light,0,-1,0.593,9.32,23.0,8727.0,8427.0,300.0,0.0,0.0,,300000000.0,0.0,300000000.0,0.0,1.0,0.0,
40000031,,,,0,,4,Light,0,-1,0.633,9.343,17.0,8710.0,8410.0,300.0,0.0,0.0,,300000000.0,0.0,300000000.0,0.0,1.0,0.0,
30000031,,,,0,,3,Light,0,-1,0.776,9.353,6.0,8577.0,8277.0,300.0,0.0,0.0,,300000000.0,0.0,300000000.0,0.0,1.0,0.0,
50000032,,,,0,,5,Light,0,-1,0.536,9.603,3.0,9067.0,8767.0,300.0,0.0,0.0,,300000000.0,0.0,300000000.0,0.0,1.0,0.0,
32,,,,0,,0,Light,0,-1,0.6,9.606,24.0,9006.0,8706.0,300.0,0.0,0.0,,300000000.0,0.0,300000000.0,0.0,1.0,0.0,
20000032,,,,0,,2,Light,0,-1,0.646,9.616,20.0,8970.0,8670.0,300.0,0.0,0.0,,300000000.0,0.0,300000000.0,0.0,1.0,0.0,
10000032,,,,0,,1,Light,0,-1,0.62,9.62,27.0,9000.0,8700.0,300.0,0.0,0.0,,300000000.0,0.0,300000000.0,0.0,1.0,0.0,
40000032,,,,0,,4,Light,0,-1,0.636,9.643,3.0,9007.0,8707.0,300.0,0.0,0.0,,300000000.0,0.0,300000000.0,0.0,1.0,0.0,
30000032,,,,0,,3,Light,0,-1,0.863,9.653,87.0,8790.0,8490.0,300.0,0.0,0.0,,300000000.0,0.0,300000000.0,0.0,1.0,0.0,
50000033,,,,0,,5,Light,0,-1,0.543,9.903,7.0,9360.0,9060.0,300.0,0.0,0.0,,300000000.0,0.0,300000000.0,0.0,1.0,0.0,
33,,,,0,,0,Light,0,-1,0.64,9.906,40.0,9266.0,8966.0,300.0,0.0,0.0,,300000000.0,0.0,300000000.0,0.0,1.0,0.0,
20000033,,,,0,,2,Light,0,-1,0.66,9.916,14.0,9256.0,8956.0,300.0,0.0,0.0,,300000000.0,0.0,300000000.0,0.0,1.0,0.0,
10000033,,,,0,,1,Light,0,-1,0.623,9.92,3.0,9297.0,8997.0,300.0,0.0,0.0,,300000000.0,0.0,300000000.0,0.0,1.0,0.0,
40000033,,,,0,,4,Light,0,-1,0.643,9.943,7.0,9300.0,9000.0,300.0,0.0,0.0,,300000000.0,0.0,300000000.0,0.0,1.0,0.0,
30000033,,,,0,,3,Light,0,-1,0.886,9.953,23.0,9067.0,8767.0,300.0,0.0,0.0,,300000000.0,0.0,300000000.0,0.0,1.0,0.0,
50000034,,,,0,,5,Light,0,-1,0.553,10.203,10.0,9650.0,9350.0,300.0,0.0,0.0,,300000000.0,0.0,300000000.0,0.0,1.0,0.0,
34,,,,0,,0,Light,0,-1,0.653,10.206,13.0,9553.0,9253.0,300.0,0.0,0.0,,300000000.0,0.0,300000000.0,0.0,1.0,0.0,
20000034,,,,0,,2,Light,0,-1,0.663,10.216,3.0,9553.0,9253.0,300.0,0.0,0.0,,300000000.0,0.0,300000000.0,0.0,1.0,0.0,
10000034,,,,0,,1,Light,0,-1,0.63,10.22,7.0,9590.0,9290.0,300.0,0.0,0.0,,300000000.0,0.0,300000000.0,0.0,1.0,0.0,
40000034,,,,0,,4,Light,0,-1,0.676,10.243,33.0,9567.0,9267.0,300.0,0.0,0.0,,300000000.0,0.0,300000000.0,0.0,1.0,0.0,
30000034,,,,0,,3,Light,0,-1,0.893,10.253,7.0,9360.0,9060.0,300.0,0.0,0.0,,300000000.0,0.0,300000000.0,0.0,1.0,0.0,
50000035,,,,0,,5,Light,0,-1,0.58,10.503,27.0,9923.0,9623.0,300.0,0.0,0.0,,300000000.0,0.0,300000000.0,0.0,1.0,0.0,
35,,,,0,,0,Light,0,-1,0.656,10.506,3.0,9850.0,9550.0,300.0,0.0,0.0,,300000000.0,0.0,300000000.0,0.0,1.0,0.0,
20000035,,,,0,,2,Light,0,-1,0.72,10.516,57.0,9796.0,9496.0,300.0,0.0,0.0,,300000000.0,0.0,300000000.0,0.0,1.0,0.0,
10000035,,,,0,,1,Light,0,-1,0.666,10.52,36.0,9854.0,9554.0,300.0,0.0,0.0,,300000000.0,0.0,300000000.0,0.0,1.0,0.0,
40000035,,,,0,,4,Light,0,-1,0.696,10.543,20.0,9847.0,9547.0,300.0,0.0,0.0,,300000000.0,0.0,300000000.0,0.0,1.0,0.0,
30000035,,,,0,,3,Light,0,-1,0.896,10.553,3.0,9657.0,9357.0,300.0,0.0,0.0,,300000000.0,0.0,300000000.0,0.0,1.0,0.0,
50000036,,,,0,,5,Light,0,-1,0.583,10.803,3.0,10220.0,9920.0,300.0,0.0,0.0,,300000000.0,0.0,300000000.0,0.0,1.0,0.0,
36,,,,0,,0,Light,0,-1,0.67,10.806,14.0,10136.0,9836.0,300.0,0.0,0.0,,300000000.0,0.0,300000000.0,0.0,1.0,0.0,
20000036,,,,0,,2,Light,0,-1,0.753,10.816,33.0,10063.0,9763.0,300.0,0.0,0.0,,300000000.0,0.0,300000000.0,0.0,1.0,0.0,
10000036,,,,0,,1,Light,0,-1,0.673,10.82,7.0,10147.0,9847.0,300.0,0.0,0.0,,300000000.0,0.0,300000000.0,0.0,1.0,0.0,
40000036,,,,0,,4,Light,0,-1,0.713,10.843,17.0,10130.0,9830.0,300.0,0.0,0.0,,300000000.0,0.0,300000000.0,0.0,1.0,0.0,
30000036,,,,0,,3,Light,0,-1,0.913,10.853,17.0,9940.0,9640.0,300.0,0.0,0.0,,300000000.0,0.0,300000000.0,0.0,1.0,0.0,
50000037,,,,0,,5,Light,0,-1,0.603,11.103,20.0,10500.0,10200.0,300.0,0.0,0.0,,300000000.0,0.0,300000000.0,0.0,1.0,0.0,
37,,,,0,,0,Light,0,-1,0.68,11.106,10.0,10426.0,10126.0,300.0,0.0,0.0,,300000000.0,0.0,300000000.0,0.0,1.0,0.0,
20000037,,,,0,,2,Light,0,-1,0.766,11.116,13.0,10350.0,10050.0,300.0,0.0,0.0,,300000000.0,0.0,300000000.0,0.0,1.0,0.0,
10000037,,,,0,,1,Light,0,-1,0.7,11.12,27.0,10420.0,10120.0,300.0,0.0,0.0,,300000000.0,0.0,300000000.0,0.0,1.0,0.0,
40000037,,,,0,,4,Light,0,-1,0.723,11.143,10.0,10420.0,10120.0,300.0,0.0,0.0,,300000000.0,0.0,300000000.0,0.0,1.0,0.0,
30000037,,,,0,,3,Light,0,-1,0.92,11.153,7.0,10233.0,9933.0,300.0,0.0,0.0,,300000000.0,0.0,300000000.0,0.0,1.0,0.0,
50000038,,,,0,,5,Light,0,-1,0.61,11.403,7.0,10793.0,10493.0,300.0,0.0,0.0,,300000000.0,0.0,300000000.0,0.0,1.0,0.0,
38,,,,0,,0,Light,0,-1,0.683,11.406,3.0,10723.0,10423.0,300.0,0.0,0.0,,300000000.0,0.0,300000000.0,0.0,1.0,0.0,
20000038,,,,0,,2,Light,0,-1,0.793,11.416,27.0,10623.0,10323.0,300.0,0.0,0.0,,300000000.0,0.0,300000000.0,0.0,1.0,0.0,
10000038,,,,0,,1,Light,0,-1,0.703,11.42,3.0,10717.0,10417.0,300.0,0.0,0.0,,300000000.0,0.0,300000000.0,0.0,1.0,0.0,
40000038,,,,0,,4,Light,0,-1,0.726,11.443,3.0,10717.0,10417.0,300.0,0.0,0.0,,300000000.0,0.0,300000000.0,0.0,1.0,0.0,
30000038,,,,0,,3,Light,0,-1,0.923,11.453,3.0,10530.0,10230.0,300.0,0.0,0.0,,300000000.0,0.0,300000000.0,0.0,1.0,0.0,
50000039,,,,0,,5,Light,0,-1,0.686,11.703,76.0,11017.0,10717.0,300.0,0.0,0.0,,300000000.0,0.0,300000000.0,0.0,1.0,0.0,
39,,,,0,,0,Light,0,-1,0.693,11.706,10.0,11013.0,10713.0,300.0,0.0,0.0,,300000000.0,0.0,300000000.0,0.0,1.0,0.0,
20000039,,,,0,,2,Light,0,-1,0.843,11.716,50.0,10873.0,10573.0,300.0,0.0,0.0,,300000000.0,0.0,300000000.0,0.0,1.0,0.0,
10000039,,,,0,,1,Light,0,-1,0.716,11.72,13.0,11004.0,10704.0,300.0,0.0,0.0,,300000000.0,0.0,300000000.0,0.0,1.0,0.0,
40000039,,,,0,,4,Light,0,-1,0.736,11.743,10.0,11007.0,10707.0,300.0,0.0,0.0,,300000000.0,0.0,300000000.0,0.0,1.0,0.0,
30000039,,,,0,,3,Light,0,-1,0.926,11.753,3.0,10827.0,10527.0,300.0,0.0,0.0,,300000000.0,0.0,300000000.0,0.0,1.0,0.0,
50000040,,,,0,,5,Light,0,-1,0.706,12.003,20.0,11297.0,10997.0,300.0,0.0,0.0,,300000000.0,0.0,300000000.0,0.0,1.0,0.0,
40,,,,0,,0,Light,0,-1,0.78,12.006,87.0,11226.0,10926.0,300.0,0.0,0.0,,300000000.0,0.0,300000000.0,0.0,1.0,0.0,
20000040,,,,0,,2,Light,0,-1,0.856,12.016,13.0,11160.0,10860.0,300.0,0.0,0.0,,300000000.0,0.0,300000000.0,0.0,1.0,0.0,
10000040,,,,0,,1,Light,0,-1,0.733,12.02,17.0,11287.0,10987.0,300.0,0.0,0.0,,300000000.0,0.0,300000000.0,0.0,1.0,0.0,
40000040,,,,0,,4,Light,0,-1,0.773,12.043,37.0,11270.0,10970.0,300.0,0.0,0.0,,300000000.0,0.0,300000000.0,0.0,1.0,0.0,
30000040,,,,0,,3,Light,0,-1,0.953,12.053,27.0,11100.0,10800.0,300.0,0.0,0.0,,300000000.0,0.0,300000000.0,0.0,1.0,0.0,
50000041,,,,0,,5,Light,0,-1,0.74,12.303,34.0,11563.0,11263.0,300.0,0.0,0.0,,300000000.0,0.0,300000000.0,0.0,1.0,0.0,
41,,,,0,,0,Light,0,-1,0.79,12.306,10.0,11516.0,11216.0,300.0,0.0,0.0,,300000000.0,0.0,300000000.0,0.0,1.0,0.0,
20000041,,,,0,,2,Light,0,-1,0.916,12.316,60.0,11400.0,11100.0,300.0,0.0,0.0,,300000000.0,0.0,300000000.0,0.0,1.0,0.0,
10000041,,,,0,,1,Light,0,-1,0.746,12.32,13.0,11574.0,11274.0,300.0,0.0,0.0,,300000000.0,0.0,300000000.0,0.0,1.0,0.0,
40000041,,,,0,,4,Light,0,-1,0.8,12.343,27.0,11543.0,11243.0,300.0,0.0,0.0,,300000000.0,0.0,300000000.0,0.0,1.0,0.0,
30000041,,,,0,,3,Light,0,-1,0.98,12.353,27.0,11373.0,11073.0,300.0,0.0,0.0,,300000000.0,0.0,300000000.0,0.0,1.0,0.0,
50000042,,,,0,,5,Light,0,-1,0.743,12.603,3.0,11860.0,11560.0,300.0,0.0,0.0,,300000000.0,0.0,300000000.0,0.0,1.0,0.0,
42,,,,0,,0,Light,0,-1,0.796,12.606,6.0,11810.0,11510.0,300.0,0.0,0.0,,300000000.0,0.0,300000000.0,0.0,1.0,0.0,
20000042,,,,0,,2,Light,0,-1,0.96,12.616,44.0,11656.0,11356.0,300.0,0.0,0.0,,300000000.0,0.0,300000000.0,0.0,1.0,0.0,
10000042,,,,0,,1,Light,0,-1,0.783,12.62,37.0,11837.0,11537.0,300.0,0.0,0.0,,300000000.0,0.0,300000000.0,0.0,1.0,0.0,
40000042,,,,0,,4,Light,0,-1,0.803,12.643,3.0,11840.0,11540.0,300.0,0.0,0.0,,300000000.0,0.0,300000000.0,0.0,1.0,0.0,
30000042,,,,0,,3,Light,0,-1,0.986,12.653,6.0,11667.0,11367.0,300.0,0.0,0.0,,300000000.0,0.0,300000000.0,0.0,1.0,0.0,
50000043,,,,0,,5,Light,0,-1,0.75,12.903,7.0,12153.0,11853.0,300.0,0.0,0.0,,300000000.0,0.0,300000000.0,0.0,1.0,0.0,
43,,,,0,,0,Light,0,-1,0.816,12.906,20.0,12090.0,11790.0,300.0,0.0,0.0,,300000000.0,0.0,300000000.0,0.0,1.0,0.0,
20000043,,,,0,,2,Light,0,-1,0.993,12.916,33.0,11923.0,11623.0,300.0,0.0,0.0,,300000000.0,0.0,300000000.0,0.0,1.0,0.0,
10000043,,,,0,,1,Light,0,-1,0.786,12.92,3.0,12134.0,11834.0,300.0,0.0,0.0,,300000000.0,0.0,300000000.0,0.0,1.0,0.0,
40000043,,,,0,,4,Light,0,-1,0.81,12.943,7.0,12133.0,11833.0,300.0,0.0,0.0,,300000000.0,0.0,300000000.0,0.0,1.0,0.0,
30000043,,,,0,,3,Light,0,-1,0.996,12.953,10.0,11957.0,11657.0,300.0,0.0,0.0,,300000000.0,0.0,300000000.0,0.0,1.0,0.0,
50000044,,,,0,,5,Light,0,-1,0.76,13.203,10.0,12443.0,12143.0,300.0,0.0,0.0,,300000000.0,0.0,300000000.0,0.0,1.0,0.0,
44,,,,0,,0,Light,0,-1,0.82,13.206,4.0,12386.0,12086.0,300.0,0.0,0.0,,300000000.0,0.0,300000000.0,0.0,1.0,0.0,
20000044,,,,0,,2,Light,0,-1,1.073,13.216,80.0,12143.0,11843.0,300.0,0.0,0.0,,300000000.0,0.0,300000000.0,0.0,1.0,0.0,
10000044,,,,0,,1,Light,0,-1,0.806,13.22,20.0,12414.0,12114.0,300.0,0.0,0.0,,300000000.0,0.0,300000000.0,0.0,1.0,0.0,
40000044,,,,0,,4,Light,0,-1,0.85,13.243,40.0,12393.0,12093.0,300.0,0.0,0.0,,300000000.0,0.0,300000000.0,0.0,1.0,0.0,
30000044,,,,0,,3,Light,0,-1,1.006,13.253,10.0,12247.0,11947.0,300.0,0.0,0.0,,300000000.0,0.0,300000000.0,0.0,1.0,0.0,
50000045,,,,0,,5,Light,0,-1,0.763,13.503,3.0,12740.0,12440.0,300.0,0.0,0.0,,300000000.0,0.0,300000000.0,0.0,1.0,0.0,
45,,,,0,,0,Light,0,-1,0.83,13.506,10.0,12676.0,12376.0,300.0,0.0,0.0,,300000000.0,0.0,300000000.0,0.0,1.0,0.0,
20000045,,,,0,,2,Light,0,-1,1.08,13.516,7.0,12436.0,12136.0,300.0,0.0,0.0,,300000000.0,0.0,300000000.0,0.0,1.0,0.0,
10000045,,,,0,,1,Light,0,-1,0.813,13.52,7.0,12707.0,12407.0,300.0,0.0,0.0,,300000000.0,0.0,300000000.0,0.0,1.0,0.0,
40000045,,,,0,,4,Light,0,-1,0.87,13.543,20.0,12673.0,12373.0,300.0,0.0,0.0,,300000000.0,0.0,300000000.0,0.0,1.0,0.0,
30000045,,,,0,,3,Light,0,-1,1.04,13.553,34.0,12513.0,12213.0,300.0,0.0,0.0,,300000000.0,0.0,300000000.0,0.0,1.0,0.0,
50000046,,,,0,,5,Light,0,-1,0.823,13.803,60.0,12980.0,12680.0,300.0,0.0,0.0,,300000000.0,0.0,300000000.0,0.0,1.0,0.0,
46,,,,0,,0,Light,0,-1,0.836,13.806,6.0,12970.0,12670.0,300.0,0.0,0.0,,300000000.0,0.0,300000000.0,0.0,1.0,0.0,
20000046,,,,0,,2,Light,0,-1,1.113,13.816,33.0,12703.0,12403.0,300.0,0.0,0.0,,300000000.0,0.0,300000000.0,0.0,1.0,0.0,
10000046,,,,0,,1,Light,0,-1,0.833,13.82,20.0,12987.0,12687.0,300.0,0.0,0.0,,300000000.0,0.0,300000000.0,0.0,1.0,0.0,
40000046,,,,0,,4,Light,0,-1,0.88,13.843,10.0,12963.0,12663.0,300.0,0.0,0.0,,300000000.0,0.0,300000000.0,0.0,1.0,0.0,
30000046,,,,0,,3,Light,0,-1,1.043,13.853,3.0,12810.0,12510.0,300.0,0.0,0.0,,300000000.0,0.0,300000000.0,0.0,1.0,0.0,
50000047,,,,0,,5,Light,0,-1,0.826,14.103,3.0,13277.0,12977.0,300.0,0.0,0.0,,300000000.0,0.0,300000000.0,0.0,1.0,0.0,
47,,,,0,,0,Light,0,-1,0.84,14.106,4.0,13266.0,12966.0,300.0,0.0,0.0,,300000000.0,0.0,300000000.0,0.0,1.0,0.0,
20000047,,,,0,,2,Light,0,-1,1.14,14.116,27.0,12976.0,12676.0,300.0,0.0,0.0,,300000000.0,0.0,300000000.0,0.0,1.0,0.0,
10000047,,,,0,,1,Light,0,-1,0.853,14.12,20.0,13267.0,12967.0,300.0,0.0,0.0,,300000000.0,0.0,300000000.0,0.0,1.0,0.0,
40000047,,,,0,,4,Light,0,-1,0.883,14.143,3.0,13260.0,12960.0,300.0,0.0,0.0,,300000000.0,0.0,300000000.0,0.0,1.0,0.0,
30000047,,,,0,,3,Light,0,-1,1.046,14.153,3.0,13107.0,12807.0,300.0,0.0,0.0,,300000000.0,0.0,300000000.0,0.0,1.0,0.0,
50000048,,,,0,,5,Light,0,-1,0.86,14.403,34.0,13543.0,13243.0,300.0,0.0,0.0,,300000000.0,0.0,300000000.0,0.0,1.0,0.0,
48,,,,0,,0,Light,0,-1,0.846,14.406,6.0,13560.0,13260.0,300.0,0.0,0.0,,300000000.0,0.0,300000000.0,0.0,1.0,0.0,
20000048,,,,0,,2,Light,0,-1,1.243,14.416,103.0,13173.0,12873.0,300.0,0.0,0.0,,300000000.0,0.0,300000000.0,0.0,1.0,0.0,
10000048,,,,0,,1,Light,0,-1,0.866,14.42,13.0,13554.0,13254.0,300.0,0.0,0.0,,300000000.0,0.0,300000000.0,0.0,1.0,0.0,
40000048,,,,0,,4,Light,0,-1,0.976,14.443,93.0,13467.0,13167.0,300.0,0.0,0.0,,300000000.0,0.0,300000000.0,0.0,1.0,0.0,
30000048,,,,0,,3,Light,0,-1,1.053,14.453,7.0,13400.0,13100.0,300.0,0.0,0.0,,300000000.0,0.0,300000000.0,0.0,1.0,0.0,
50000049,,,,0,,5,Light,0,-1,0.876,14.703,16.0,13827.0,13527.0,300.0,0.0,0.0,,300000000.0,0.0,300000000.0,0.0,1.0,0.0,
49,,,,0,,0,Light,0,-1,0.903,14.706,57.0,13803.0,13503.0,300.0,0.0,0.0,,300000000.0,0.0,300000000.0,0.0,1.0,0.0,
20000049,,,,0,,2,Light,0,-1,1.246,14.716,3.0,13470.0,13170.0,300.0,0.0,0.0,,300000000.0,0.0,300000000.0,0.0,1.0,0.0,
10000049,,,,0,,1,Light,0,-1,0.873,14.72,7.0,13847.0,13547.0,300.0,0.0,0.0,,300000000.0,0.0,300000000.0,0.0,1.0,0.0,
40000049,,,,0,,4,Light,0,-1,1.01,14.743,34.0,13733.0,13433.0,300.0,0.0,0.0,,300000000.0,0.0,300000000.0,0.0,1.0,0.0,
30000049,,,,0,,3,Light,0,-1,1.063,14.753,10.0,13690.0,13390.0,300.0,0.0,0.0,,300000000.0,0.0,300000000.0,0.0,1.0,0.0,
50000050,,,,0,,5,Light,0,-1,0.91,15.003,34.0,14093.0,13793.0,300.0,0.0,0.0,,300000000.0,0.0,300000000.0,0.0,1.0,0.0,
50,,,,0,,0,Light,0,-1,0.906,15.006,3.0,14100.0,13800.0,300.0,0.0,0.0,,300000000.0,0.0,300000000.0,0.0,1.0,0.0,
20000050,,,,0,,2,Light,0,-1,1.26,15.016,14.0,13756.0,13456.0,300.0,0.0,0.0,,300000000.0,0.0,300000000.0,0.0,1.0,0.0,
10000050,,,,0,,1,Light,0,-1,0.89,15.02,17.0,14130.0,13830.0,300.0,0.0,0.0,,300000000.0,0.0,300000000.0,0.0,1.0,0.0,
40000050,,,,0,,4,Light,0,-1,1.023,15.043,13.0,14020.0,13720.0,300.0,0.0,0.0,,300000000.0,0.0,300000000.0,0.0,1.0,0.0,
30000050,,,,0,,3,Light,0,-1,1.07,15.053,7.0,13983.0,13683.0,300.0,0.0,0.0,,300000000.0,0.0,300000000.0,0.0,1.0,0.0,
50000051,,,,0,,5,Light,0,-1,0.93,15.303,20.0,14373.0,14073.0,300.0,0.0,0.0,,300000000.0,0.0,300000000.0,0.0,1.0,0.0,
51,,,,0,,0,Light,0,-1,0.933,15.306,27.0,14373.0,14073.0,300.0,0.0,0.0,,300000000.0,0.0,300000000.0,0.0,1.0,0.0,
20000051,,,,0,,2,Light,0,-1,1.266,15.316,6.0,14050.0,13750.0,300.0,0.0,0.0,,300000000.0,0.0,300000000.0,0.0,1.0,0.0,
10000051,,,,0,,1,Light,0,-1,0.9,15.32,10.0,14420.0,14120.0,300.0,0.0,0.0,,300000000.0,0.0,300000000.0,0.0,1.0,0.0,
40000051,,,,0,,4,Light,0,-1,1.093,15.343,70.0,14250.0,13950.0,300.0,0.0,0.0,,300000000.0,0.0,300000000.0,0.0,1.0,0.0,
30000051,,,,0,,3,Light,0,-1,1.076,15.353,6.0,14277.0,13977.0,300.0,0.0,0.0,,300000000.0,0.0,300000000.0,0.0,1.0,0.0,
50000052,,,,0,,5,Light,0,-1,0.936,15.603,6.0,14667.0,14367.0,300.0,0.0,0.0,,300000000.0,0.0,300000000.0,0.0,1.0,0.0,
52,,,,0,,0,Light,0,-1,0.946,15.606,13.0,14660.0,14360.0,300.0,0.0,0.0,,300000000.0,0.0,300000000.0,0.0,1.0,0.0,
20000052,,,,0,,2,Light,0,-1,1.283,15.616,17.0,14333.0,14033.0,300.0,0.0,0.0,,300000000.0,0.0,300000000.0,0.0,1.0,0.0,
10000052,,,,0,,1,Light,0,-1,0.966,15.62,66.0,14654.0,14354.0,300.0,0.0,0.0,,300000000.0,0.0,300000000.0,0.0,1.0,0.0,
40000052,,,,0,,4,Light,0,-1,1.123,15.643,30.0,14520.0,14220.0,300.0,0.0,0.0,,300000000.0,0.0,300000000.0,0.0,1.0,0.0,
30000052,,,,0,,3,Light,0,-1,1.083,15.653,7.0,14570.0,14270.0,300.0,0.0,0.0,,300000000.0,0.0,300000000.0,0.0,1.0,0.0,
50000053,,,,0,,5,Light,0,-1,0.94,15.903,4.0,14963.0,14663.0,300.0,0.0,0.0,,300000000.0,0.0,300000000.0,0.0,1.0,0.0,
53,,,,0,,0,Light,0,-1,0.95,15.906,4.0,14956.0,14656.0,300.0,0.0,0.0,,300000000.0,0.0,300000000.0,0.0,1.0,0.0,
20000053,,,,0,,2,Light,0,-1,1.29,15.916,7.0,14626.0,14326.0,300.0,0.0,0.0,,300000000.0,0.0,300000000.0,0.0,1.0,0.0,
10000053,,,,0,,1,Light,0,-1,0.97,15.92,4.0,14950.0,14650.0,300.0,0.0,0.0,,300000000.0,0.0,300000000.0,0.0,1.0,0.0,
40000053,,,,0,,4,Light,0,-1,1.13,15.943,7.0,14813.0,14513.0,300.0,0.0,0.0,,300000000.0,0.0,300000000.0,0.0,1.0,0.0,
30000053,,,,0,,3,Light,0,-1,1.103,15.953,20.0,14850.0,14550.0,300.0,0.0,0.0,,300000000.0,0.0,300000000.0,0.0,1.0,0.0,
50000054,,,,0,,5,Light,0,-1,0.943,16.203,3.0,15260.0,14960.0,300.0,0.0,0.0,,300000000.0,0.0,300000000.0,0.0,1.0,0.0,
54,,,,0,,0,Light,0,-1,0.963,16.206,13.0,15243.0,14943.0,300.0,0.0,0.0,,300000000.0,0.0,300000000.0,0.0,1.0,0.0,
20000054,,,,0,,2,Light,0,-1,1.326,16.216,36.0,14890.0,14590.0,300.0,0.0,0.0,,300000000.0,0.0,300000000.0,0.0,1.0,0.0,
10000054,,,,0,,1,Light,0,-1,0.973,16.22,3.0,15247.0,14947.0,300.0,0.0,0.0,,300000000.0,0.0,300000000.0,0.0,1.0,0.0,
40000054,,,,0,,4,Light,0,-1,1.15,16.243,20.0,15093.0,14793.0,300.0,0.0,0.0,,300000000.0,0.0,300000000.0,0.0,1.0,0.0,
30000054,,,,0,,3,Light,0,-1,1.153,16.253,50.0,15100.0,14800.0,300.0,0.0,0.0,,300000000.0,0.0,300000000.0,0.0,1.0,0.0,
50000055,,,,0,,5,Light,0,-1,0.956,16.503,13.0,15547.0,15247.0,300.0,0.0,0.0,,300000000.0,0.0,300000000.0,0.0,1.0,0.0,
55,,,,0,,0,Light,0,-1,1.003,16.506,40.0,15503.0,15203.0,300.0,0.0,0.0,,300000000.0,0.0,300000000.0,0.0,1.0,0.0,
20000055,,,,0,,2,Light,0,-1,1.333,16.516,7.0,15183.0,14883.0,300.0,0.0,0.0,,300000000.0,0.0,300000000.0,0.0,1.0,0.0,
10000055,,,,0,,1,Light,0,-1,0.983,16.52,10.0,15537.0,15237.0,300.0,0.0,0.0,,300000000.0,0.0,300000000.0,0.0,1.0,0.0,
40000055,,,,0,,4,Light,0,-1,1.156,16.543,6.0,15387.0,15087.0,300.0,0.0,0.0,,300000000.0,0.0,300000000.0,0.0,1.0,0.0,
30000055,,,,0,,3,Light,0,-1,1.196,16.553,43.0,15357.0,15057.0,300.0,0.0,0.0,,300000000.0,0.0,300000000.0,0.0,1.0,0.0,
50000056,,,,0,,5,Light,0,-1,1.02,16.803,64.0,15783.0,15483.0,300.0,0.0,0.0,,300000000.0,0.0,300000000.0,0.0,1.0,0.0,
56,,,,0,,0,Light,0,-1,1.013,16.806,10.0,15793.0,15493.0,300.0,0.0,0.0,,300000000.0,0.0,300000000.0,0.0,1.0,0.0,
20000056,,,,0,,2,Light,0,-1,1.343,16.816,10.0,15473.0,15173.0,300.0,0.0,0.0,,300000000.0,0.0,300000000.0,0.0,1.0,0.0,
10000056,,,,0,,1,Light,0,-1,0.99,16.82,7.0,15830.0,15530.0,300.0,0.0,0.0,,300000000.0,0.0,300000000.0,0.0,1.0,0.0,
40000056,,,,0,,4,Light,0,-1,1.16,16.843,4.0,15683.0,15383.0,300.0,0.0,0.0,,300000000.0,0.0,300000000.0,0.0,1.0,0.0,
30000056,,,,0,,3,Light,0,-1,1.226,16.853,30.0,15627.0,15327.0,300.0,0.0,0.0,,300000000.0,0.0,300000000.0,0.0,1.0,0.0,
50000057,,,,0,,5,Light,0,-1,1.086,17.103,66.0,16017.0,15717.0,300.0,0.0,0.0,,300000000.0,0.0,300000000.0,0.0,1.0,0.0,
57,,,,0,,0,Light,0,-1,1.016,17.106,3.0,16090.0,15790.0,300.0,0.0,0.0,,300000000.0,0.0,300000000.0,0.0,1.0,0.0,
20000057,,,,0,,2,Light,0,-1,1.346,17.116,3.0,15770.0,15470.0,300.0,0.0,0.0,,300000000.0,0.0,300000000.0,0.0,1.0,0.0,
10000057,,,,0,,1,Light,0,-1,1.0,17.12,10.0,16120.0,15820.0,300.0,0.0,0.0,,300000000.0,0.0,300000000.0,0.0,1.0,0.0,
40000057,,,,0,,4,Light,0,-1,1.17,17.143,10.0,15973.0,15673.0,300.0,0.0,0.0,,300000000.0,0.0,300000000.0,0.0,1.0,0.0,
30000057,,,,0,,3,Light,0,-1,1.27,17.153,44.0,15883.0,15583.0,300.0,0.0,0.0,,300000000.0,0.0,300000000.0,0.0,1.0,0.0,
50000058,,,,0,,5,Light,0,-1,1.09,17.403,4.0,16313.0,16013.0,300.0,0.0,0.0,,300000000.0,0.0,300000000.0,0.0,1.0,0.0,
58,,,,0,,0,Light,0,-1,1.026,17.406,10.0,16380.0,16080.0,300.0,0.0,0.0,,300000000.0,0.0,300000000.0,0.0,1.0,0.0,
20000058,,,,0,,2,Light,0,-1,1.363,17.416,17.0,16053.0,15753.0,300.0,0.0,0.0,,300000000.0,0.0,300000000.0,0.0,1.0,0.0,
10000058,,,,0,,1,Light,0,-1,1.033,17.42,33.0,16387.0,16087.0,300.0,0.0,0.0,,300000000.0,0.0,300000000.0,0.0,1.0,0.0,
40000058,,,,0,,4,Light,0,-1,1.183,17.443,13.0,16260.0,15960.0,300.0,0.0,0.0,,300000000.0,0.0,300000000.0,0.0,1.0,0.0,
30000058,,,,0,,3,Light,0,-1,1.286,17.453,16.0,16167.0,15867.0,300.0,0.0,0.0,,300000000.0,0.0,300000000.0,0.0,1.0,0.0,
50000059,,,,0,,5,Light,0,-1,1.096,17.703,6.0,16607.0,16307.0,300.0,0.0,0.0,,300000000.0,0.0,300000000.0,0.0,1.0,0.0,
59,,,,0,,0,Light,0,-1,1.03,17.706,4.0,16676.0,16376.0,300.0,0.0,0.0,,300000000.0,0.0,300000000.0,0.0,1.0,0.0,
20000059,,,,0,,2,Light,0,-1,1.386,17.716,23.0,16330.0,16030.0,300.0,0.0,0.0,,300000000.0,0.0,300000000.0,0.0,1.0,0.0,
10000059,,,,0,,1,Light,0,-1,1.036,17.72,3.0,16684.0,16384.0,300.0,0.0,0.0,,300000000.0,0.0,300000000.0,0.0,1.0,0.0,
40000059,,,,0,,4,Light,0,-1,1.203,17.743,20.0,16540.0,16240.0,300.0,0.0,0.0,,300000000.0,0.0,300000000.0,0.0,1.0,0.0,
30000059,,,,0,,3,Light,0,-1,1.3,17.753,14.0,16453.0,16153.0,300.0,0.0,0.0,,300000000.0,0.0,300000000.0,0.0,1.0,0.0,
50000060,,,,0,,5,Light,0,-1,1.1,18.003,4.0,16903.0,16603.0,300.0,0.0,0.0,,300000000.0,0.0,300000000.0,0.0,1.0,0.0,
60,,,,0,,0,Light,0,-1,1.056,18.006,26.0,16950.0,16650.0,300.0,0.0,0.0,,300000000.0,0.0,300000000.0,0.0,1.0,0.0,
20000060,,,,0,,2,Light,0,-1,1.4,18.016,14.0,16616.0,16316.0,300.0,0.0,0.0,,300000000.0,0.0,300000000.0,0.0,1.0,0.0,
10000060,,,,0,,1,Light,0,-1,1.05,18.02,14.0,16970.0,16670.0,300.0,0.0,0.0,,300000000.0,0.0,300000000.0,0.0,1.0,0.0,
40000060,,,,0,,4,Light,0,-1,1.21,18.043,7.0,16833.0,16533.0,300.0,0.0,0.0,,300000000.0,0.0,300000000.0,0.0,1.0,0.0,
30000060,,,,0,,3,Light,0,-1,1.353,18.053,53.0,16700.0,16400.0,300.0,0.0,0.0,,300000000.0,0.0,300000000.0,0.0,1.0,0.0,
50000061,,,,0,,5,Light,0,-1,1.126,18.303,26.0,17177.0,16877.0,300.0,0.0,0.0,,300000000.0,0.0,300000000.0,0.0,1.0,0.0,
61,,,,0,,0,Light,0,-1,1.066,18.306,10.0,17240.0,16940.0,300.0,0.0,0.0,,300000000.0,0.0,300000000.0,0.0,1.0,0.0,
20000061,,,,0,,2,Light,0,-1,1.42,18.316,20.0,16896.0,16596.0,300.0,0.0,0.0,,300000000.0,0.0,300000000.0,0.0,1.0,0.0,
10000061,,,,0,,1,Light,0,-1,1.06,18.32,10.0,17260.0,16960.0,300.0,0.0,0.0,,300000000.0,0.0,300000000.0,0.0,1.0,0.0,
40000061,,,,0,,4,Light,0,-1,1.213,18.343,3.0,17130.0,16830.0,300.0,0.0,0.0,,300000000.0,0.0,300000000.0,0.0,1.0,0.0,
30000061,,,,0,,3,Light,0,-1,1.456,18.353,103.0,16897.0,16597.0,300.0,0.0,0.0,,300000000.0,0.0,300000000.0,0.0,1.0,0.0,
50000062,,,,0,,5,Light,0,-1,1.136,18.603,10.0,17467.0,17167.0,300.0,0.0,0.0,,300000000.0,0.0,300000000.0,0.0,1.0,0.0,
62,,,,0,,0,Light,0,-1,1.12,18.606,54.0,17486.0,17186.0,300.0,0.0,0.0,,300000000.0,0.0,300000000.0,0.0,1.0,0.0,
20000062,,,,0,,2,Light,0,-1,1.423,18.616,3.0,17193.0,16893.0,300.0,0.0,0.0,,300000000.0,0.0,300000000.0,0.0,1.0,0.0,
10000062,,,,0,,1,Light,0,-1,1.106,18.62,46.0,17514.0,17214.0,300.0,0.0,0.0,,300000000.0,0.0,300000000.0,0.0,1.0,0.0,
40000062,,,,0,,4,Light,0,-1,1.22,18.643,7.0,17423.0,17123.0,300.0,0.0,0.0,,300000000.0,0.0,300000000.0,0.0,1.0,0.0,
30000062,,,,0,,3,Light,0,-1,1.473,18.653,17.0,17180.0,16880.0,300.0,0.0,0.0,,300000000.0,0.0,300000000.0,0.0,1.0,0.0,
50000063,,,,0,,5,Light,0,-1,1.19,18.903,54.0,17713.0,17413.0,300.0,0.0,0.0,,300000000.0,0.0,300000000.0,0.0,1.0,0.0,
63,,,,0,,0,Light,0,-1,1.133,18.906,13.0,17773.0,17473.0,300.0,0.0,0.0,,300000000.0,0.0,300000000.0,0.0,1.0,0.0,
20000063,,,,0,,2,Light,0,-1,1.436,18.916,13.0,17480.0,17180.0,300.0,0.0,0.0,,300000000.0,0.0,300000000.0,0.0,1.0,0.0,
10000063,,,,0,,1,Light,0,-1,1.11,18.92,4.0,17810.0,17510.0,300.0,0.0,0.0,,300000000.0,0.0,300000000.0,0.0,1.0,0.0,
40000063,,,,0,,4,Light,0,-1,1.233,18.943,13.0,17710.0,17410.0,300.0,0.0,0.0,,300000000.0,0.0,300000000.0,0.0,1.0,0.0,
30000063,,,,0,,3,Light,0,-1,1.506,18.953,33.0,17447.0,17147.0,300.0,0.0,0.0,,300000000.0,0.0,300000000.0,0.0,1.0,0.0,
50000064,,,,0,,5,Light,0,-1,1.23,19.203,40.0,17973.0,17673.0,300.0,0.0,0.0,,300000000.0,0.0,300000000.0,0.0,1.0,0.0,
64,,,,0,,0,Light,0,-1,1.143,19.206,10.0,18063.0,17763.0,300.0,0.0,0.0,,300000000.0,0.0,300000000.0,0.0,1.0,0.0,
20000064,,,,0,,2,Light,0,-1,1.45,19.216,14.0,17766.0,17466.0,300.0,0.0,0.0,,300000000.0,0.0,300000000.0,0.0,1.0,0.0,
10000064,,,,0,,1,Light,0,-1,1.116,19.22,6.0,18104.0,17804.0,300.0,0.0,0.0,,300000000.0,0.0,300000000.0,0.0,1.0,0.0,
40000064,,,,0,,4,Light,0,-1,1.236,19.243,3.0,18007.0,17707.0,300.0,0.0,0.0,,300000000.0,0.0,300000000.0,0.0,1.0,0.0,
30000064,,,,0,,3,Light,0,-1,1.516,19.253,10.0,17737.0,17437.0,300.0,0.0,0.0,,300000000.0,0.0,300000000.0,0.0,1.0,0.0,
50000065,,,,0,,5,Light,0,-1,1.253,19.503,23.0,18250.0,17950.0,300.0,0.0,0.0,,300000000.0,0.0,300000000.0,0.0,1.0,0.0,
65,,,,0,,0,Light,0,-1,1.146,19.506,3.0,18360.0,18060.0,300.0,0.0,0.0,,300000000.0,0.0,300000000.0,0.0,1.0,0.0,
20000065,,,,0,,2,Light,0,-1,1.46,19.516,10.0,18056.0,17756.0,300.0,0.0,0.0,,300000000.0,0.0,300000000.0,0.0,1.0,0.0,
10000065,,,,0,,1,Light,0,-1,1.163,19.52,47.0,18357.0,18057.0,300.0,0.0,0.0,,300000000.0,0.0,300000000.0,0.0,1.0,0.0,
40000065,,,,0,,4,Light,0,-1,1.24,19.543,4.0,18303.0,18003.0,300.0,0.0,0.0,,300000000.0,0.0,300000000.0,0.0,1.0,0.0,
30000065,,,,0,,3,Light,0,-1,1.56,19.553,44.0,17993.0,17693.0,300.0,0.0,0.0,,300000000.0,0.0,300000000.0,0.0,1.0,0.0,
50000066,,,,0,,5,Light,0,-1,1.256,19.803,3.0,18547.0,18247.0,300.0,0.0,0.0,,300000000.0,0.0,300000000.0,0.0,1.0,0.0,
66,,,,0,,0,Light,0,-1,1.166,19.806,20.0,18640.0,18340.0,300.0,0.0,0.0,,300000000.0,0.0,300000000.0,0.0,1.0,0.0,
20000066,,,,0,,2,Light,0,-1,1.476,19.816,16.0,18340.0,18040.0,300.0,0.0,0.0,,300000000.0,0.0,300000000.0,0.0,1.0,0.0,
10000066,,,,0,,1,Light,0,-1,1.176,19.82,13.0,18644.0,18344.0,300.0,0.0,0.0,,300000000.0,0.0,300000000.0,0.0,1.0,0.0,
40000066,,,,0,,4,Light,0,-1,1.303,19.843,63.0,18540.0,18240.0,300.0,0.0,0.0,,300000000.0,0.0,300000000.0,0.0,1.0,0.0,
30000066,,,,0,,3,Light,0,-1,1.606,19.853,46.0,18247.0,17947.0,300.0,0.0,0.0,,300000000.0,0.0,300000000.0,0.0,1.0,0.0,
50000067,,,,0,,5,Light,0,-1,1.276,20.103,20.0,18827.0,18527.0,300.0,0.0,0.0,,300000000.0,0.0,300000000.0,0.0,1.0,0.0,
67,,,,0,,0,Light,0,-1,1.173,20.106,7.0,18933.0,18633.0,300.0,0.0,0.0,,300000000.0,0.0,300000000.0,0.0,1.0,0.0,
20000067,,,,0,,2,Light,0,-1,1.486,20.116,10.0,18630.0,18330.0,300.0,0.0,0.0,,300000000.0,0.0,300000000.0,0.0,1.0,0.0,
10000067,,,,0,,1,Light,0,-1,1.193,20.12,17.0,18927.0,18627.0,300.0,0.0,0.0,,300000000.0,0.0,300000000.0,0.0,1.0,0.0,
40000067,,,,0,,4,Light,0,-1,1.306,20.143,3.0,18837.0,18537.0,300.0,0.0,0.0,,300000000.0,0.0,300000000.0,0.0,1.0,0.0,
30000067,,,,0,,3,Light,0,-1,1.63,20.153,24.0,18523.0,18223.0,300.0,0.0,0.0,,300000000.0,0.0,300000000.0,0.0,1.0,0.0,
50000068,,,,0,,5,Light,0,-1,1.28,20.403,4.0,19123.0,18823.0,300.0,0.0,0.0,,300000000.0,0.0,300000000.0,0.0,1.0,0.0,
68,,,,0,,0,Light,0,-1,1.18,20.406,7.0,19226.0,18926.0,300.0,0.0,0.0,,300000000.0,0.0,300000000.0,0.0,1.0,0.0,
20000068,,,,0,,2,Light,0,-1,1.496,20.416,10.0,18920.0,18620.0,300.0,0.0,0.0,,300000000.0,0.0,300000000.0,0.0,1.0,0.0,
10000068,,,,0,,1,Light,0,-1,1.206,20.42,13.0,19214.0,18914.0,300.0,0.0,0.0,,300000000.0,0.0,300000000.0,0.0,1.0,0.0,
40000068,,,,0,,4,Light,0,-1,1.316,20.443,10.0,19127.0,18827.0,300.0,0.0,0.0,,300000000.0,0.0,300000000.0,0.0,1.0,0.0,
30000068,,,,0,,3,Light,0,-1,1.646,20.453,16.0,18807.0,18507.0,300.0,0.0,0.0,,300000000.0,0.0,300000000.0,0.0,1.0,0.0,
50000069,,,,0,,5,Light,0,-1,1.36,20.703,80.0,19343.0,19043.0,300.0,0.0,0.0,,300000000.0,0.0,300000000.0,0.0,1.0,0.0,
69,,,,0,,0,Light,0,-1,1.186,20.706,6.0,19520.0,19220.0,300.0,0.0,0.0,,300000000.0,0.0,300000000.0,0.0,1.0,0.0,
20000069,,,,0,,2,Light,0,-1,1.546,20.716,50.0,19170.0,18870.0,300.0,0.0,0.0,,300000000.0,0.0,300000000.0,0.0,1.0,0.0,
10000069,,,,0,,1,Light,0,-1,1.25,20.72,44.0,19470.0,19170.0,300.0,0.0,0.0,,300000000.0,0.0,300000000.0,0.0,1.0,0.0,
40000069,,,,0,,4,Light,0,-1,1.323,20.743,7.0,19420.0,19120.0,300.0,0.0,0.0,,300000000.0,0.0,300000000.0,0.0,1.0,0.0,
30000069,,,,0,,3,Light,0,-1,1.673,20.753,27.0,19080.0,18780.0,300.0,0.0,0.0,,300000000.0,0.0,300000000.0,0.0,1.0,0.0,
50000070,,,,0,,5,Light,0,-1,1.37,21.003,10.0,19633.0,19333.0,300.0,0.0,0.0,,300000000.0,0.0,300000000.0,0.0,1.0,0.0,
70,,,,0,,0,Light,0,-1,1.2,21.006,14.0,19806.0,19506.0,300.0,0.0,0.0,,300000000.0,0.0,300000000.0,0.0,1.0,0.0,
20000070,,,,0,,2,Light,0,-1,1.57,21.016,24.0,19446.0,19146.0,300.0,0.0,0.0,,300000000.0,0.0,300000000.0,0.0,1.0,0.0,
10000070,,,,0,,1,Light,0,-1,1.263,21.02,13.0,19757.0,19457.0,300.0,0.0,0.0,,300000000.0,0.0,300000000.0,0.0,1.0,0.0,
40000070,,,,0,,4,Light,0,-1,1.356,21.043,33.0,19687.0,19387.0,300.0,0.0,0.0,,300000000.0,0.0,300000000.0,0.0,1.0,0.0,
30000070,,,,0,,3,Light,0,-1,1.68,21.053,7.0,19373.0,19073.0,300.0,0.0,0.0,,300000000.0,0.0,300000000.0,0.0,1.0,0.0,
50000071,,,,0,,5,Light,0,-1,1.38,21.303,10.0,19923.0,19623.0,300.0,0.0,0.0,,300000000.0,0.0,300000000.0,0.0,1.0,0.0,
71,,,,0,,0,Light,0,-1,1.216,21.306,16.0,20090.0,19790.0,300.0,0.0,0.0,,300000000.0,0.0,300000000.0,0.0,1.0,0.0,
20000071,,,,0,,2,Light,0,-1,1.573,21.316,3.0,19743.0,19443.0,300.0,0.0,0.0,,300000000.0,0.0,300000000.0,0.0,1.0,0.0,
10000071,,,,0,,1,Light,0,-1,1.273,21.32,10.0,20047.0,19747.0,300.0,0.0,0.0,,300000000.0,0.0,300000000.0,0.0,1.0,0.0,
40000071,,,,0,,4,Light,0,-1,1.366,21.343,10.0,19977.0,19677.0,300.0,0.0,0.0,,300000000.0,0.0,300000000.0,0.0,1.0,0.0,
30000071,,,,0,,3,Light,0,-1,1.69,21.353,10.0,19663.0,19363.0,300.0,0.0,0.0,,300000000.0,0.0,300000000.0,0.0,1.0,0.0,
50000072,,,,0,,5,Light,0,-1,1.39,21.603,10.0,20213.0,19913.0,300.0,0.0,0.0,,300000000.0,0.0,300000000.0,0.0,1.0,0.0,
72,,,,0,,0,Light,0,-1,1.223,21.606,7.0,20383.0,20083.0,300.0,0.0,0.0,,300000000.0,0.0,300000000.0,0.0,1.0,0.0,
20000072,,,,0,,2,Light,0,-1,1.58,21.616,7.0,20036.0,19736.0,300.0,0.0,0.0,,300000000.0,0.0,300000000.0,0.0,1.0,0.0,
10000072,,,,0,,1,Light,0,-1,1.32,21.62,47.0,20300.0,20000.0,300.0,0.0,0.0,,300000000.0,0.0,300000000.0,0.0,1.0,0.0,
40000072,,,,0,,4,Light,0,-1,1.373,21.643,7.0,20270.0,19970.0,300.0,0.0,0.0,,300000000.0,0.0,300000000.0,0.0,1.0,0.0,
30000072,,,,0,,3,Light,0,-1,1.716,21.653,26.0,19937.0,19637.0,300.0,0.0,0.0,,300000000.0,0.0,300000000.0,0.0,1.0,0.0,
50000073,,,,0,,5,Light,0,-1,1.41,21.903,20.0,20493.0,20193.0,300.0,0.0,0.0,,300000000.0,0.0,300000000.0,0.0,1.0,0.0,
73,,,,0,,0,Light,0,-1,1.293,21.906,70.0,20613.0,20313.0,300.0,0.0,0.0,,300000000.0,0.0,300000000.0,0.0,1.0,0.0,
20000073,,,,0,,2,Light,0,-1,1.6,21.916,20.0,20316.0,20016.0,300.0,0.0,0.0,,300000000.0,0.0,300000000.0,0.0,1.0,0.0,
10000073,,,,0,,1,Light,0,-1,1.33,21.92,10.0,20590.0,20290.0,300.0,0.0,0.0,,300000000.0,0.0,300000000.0,0.0,1.0,0.0,
40000073,,,,0,,4,Light,0,-1,1.383,21.943,10.0,20560.0,20260.0,300.0,0.0,0.0,,300000000.0,0.0,300000000.0,0.0,1.0,0.0,
30000073,,,,0,,3,Light,0,-1,1.743,21.953,27.0,20210.0,19910.0,300.0,0.0,0.0,,300000000.0,0.0,300000000.0,0.0,1.0,0.0,
50000074,,,,0,,5,Light,0,-1,1.433,22.203,23.0,20770.0,20470.0,300.0,0.0,0.0,,300000000.0,0.0,300000000.0,0.0,1.0,0.0,
74,,,,0,,0,Light,0,-1,1.296,22.206,3.0,20910.0,20610.0,300.0,0.0,0.0,,300000000.0,0.0,300000000.0,0.0,1.0,0.0,
20000074,,,,0,,2,Light,0,-1,1.643,22.216,43.0,20573.0,20273.0,300.0,0.0,0.0,,300000000.0,0.0,300000000.0,0.0,1.0,0.0,
10000074,,,,0,,1,Light,0,-1,1.34,22.22,10.0,20880.0,20580.0,300.0,0.0,0.0,,300000000.0,0.0,300000000.0,0.0,1.0,0.0,
40000074,,,,0,,4,Light,0,-1,1.413,22.243,30.0,20830.0,20530.0,300.0,0.0,0.0,,300000000.0,0.0,300000000.0,0.0,1.0,0.0,
30000074,,,,0,,3,Light,0,-1,1.786,22.253,43.0,20467.0,20167.0,300.0,0.0,0.0,,300000000.0,0.0,300000000.0,0.0,1.0,0.0,
50000075,,,,0,,5,Light,0,-1,1.443,22.503,10.0,21060.0,20760.0,300.0,0.0,0.0,,300000000.0,0.0,300000000.0,0.0,1.0,0.0,
75,,,,0,,0,Light,0,-1,1.31,22.506,14.0,21196.0,20896.0,300.0,0.0,0.0,,300000000.0,0.0,300000000.0,0.0,1.0,0.0,
20000075,,,,0,,2,Light,0,-1,1.66,22.516,17.0,20856.0,20556.0,300.0,0.0,0.0,,300000000.0,0.0,300000000.0,0.0,1.0,0.0,
10000075,,,,0,,1,Light,0,-1,1.35,22.52,10.0,21170.0,20870.0,300.0,0.0,0.0,,300000000.0,0.0,300000000.0,0.0,1.0,0.0,
40000075,,,,0,,4,Light,0,-1,1.426,22.543,13.0,21117.0,20817.0,300.0,0.0,0.0,,300000000.0,0.0,300000000.0,0.0,1.0,0.0,
30000075,,,,0,,3,Light,0,-1,1.8,22.553,14.0,20753.0,20453.0,300.0,0.0,0.0,,300000000.0,0.0,300000000.0,0.0,1.0,0.0,
50000076,,,,0,,5,Light,0,-1,1.446,22.803,3.0,21357.0,21057.0,300.0,0.0,0.0,,300000000.0,0.0,300000000.0,0.0,1.0,0.0,
76,,,,0,,0,Light,0,-1,1.313,22.806,3.0,21493.0,21193.0,300.0,0.0,0.0,,300000000.0,0.0,300000000.0,0.0,1.0,0.0,
20000076,,,,0,,2,Light,0,-1,1.693,22.816,33.0,21123.0,20823.0,300.0,0.0,0.0,,300000000.0,0.0,300000000.0,0.0,1.0,0.0,
10000076,,,,0,,1,Light,0,-1,1.396,22.82,46.0,21424.0,21124.0,300.0,0.0,0.0,,300000000.0,0.0,300000000.0,0.0,1.0,0.0,
40000076,,,,0,,4,Light,0,-1,1.453,22.843,27.0,21390.0,21090.0,300.0,0.0,0.0,,300000000.0,0.0,300000000.0,0.0,1.0,0.0,
30000076,,,,0,,3,Light,0,-1,1.813,22.853,13.0,21040.0,20740.0,300.0,0.0,0.0,,300000000.0,0.0,300000000.0,0.0,1.0,0.0,
50000077,,,,0,,5,Light,0,-1,1.47,23.103,24.0,21633.0,21333.0,300.0,0.0,0.0,,300000000.0,0.0,300000000.0,0.0,1.0,0.0,
77,,,,0,,0,Light,0,-1,1.336,23.106,23.0,21770.0,21470.0,300.0,0.0,0.0,,300000000.0,0.0,300000000.0,0.0,1.0,0.0,
20000077,,,,0,,2,Light,0,-1,1.696,23.116,3.0,21420.0,21120.0,300.0,0.0,0.0,,300000000.0,0.0,300000000.0,0.0,1.0,0.0,
10000077,,,,0,,1,Light,0,-1,1.416,23.12,20.0,21704.0,21404.0,300.0,0.0,0.0,,300000000.0,0.0,300000000.0,0.0,1.0,0.0,
40000077,,,,0,,4,Light,0,-1,1.51,23.143,57.0,21633.0,21333.0,300.0,0.0,0.0,,300000000.0,0.0,300000000.0,0.0,1.0,0.0,
30000077,,,,0,,3,Light,0,-1,1.833,23.153,20.0,21320.0,21020.0,300.0,0.0,0.0,,300000000.0,0.0,300000000.0,0.0,1.0,0.0,
50000078,,,,0,,5,Light,0,-1,1.493,23.403,23.0,21910.0,21610.0,300.0,0.0,0.0,,300000000.0,0.0,300000000.0,0.0,1.0,0.0,
78,,,,0,,0,Light,0,-1,1.376,23.406,40.0,22030.0,21730.0,300.0,0.0,0.0,,300000000.0,0.0,300000000.0,0.0,1.0,0.0,
20000078,,,,0,,2,Light,0,-1,1.72,23.416,24.0,21696.0,21396.0,300.0,0.0,0.0,,300000000.0,0.0,300000000.0,0.0,1.0,0.0,
10000078,,,,0,,1,Light,0,-1,1.43,23.42,14.0,21990.0,21690.0,300.0,0.0,0.0,,300000000.0,0.0,300000000.0,0.0,1.0,0.0,
40000078,,,,0,,4,Light,0,-1,1.52,23.443,10.0,21923.0,21623.0,300.0,0.0,0.0,,300000000.0,0.0,300000000.0,0.0,1.0,0.0,
30000078,,,,0,,3,Light,0,-1,1.87,23.453,37.0,21583.0,21283.0,300.0,0.0,0.0,,300000000.0,0.0,300000000.0,0.0,1.0,0.0,
50000079,,,,0,,5,Light,0,-1,1.503,23.703,10.0,22200.0,21900.0,300.0,0.0,0.0,,300000000.0,0.0,300000000.0,0.0,1.0,0.0,
79,,,,0,,0,Light,0,-1,1.393,23.706,17.0,22313.0,22013.0,300.0,0.0,0.0,,300000000.0,0.0,300000000.0,0.0,1.0,0.0,
20000079,,,,0,,2,Light,0,-1,1.723,23.716,3.0,21993.0,21693.0,300.0,0.0,0.0,,300000000.0,0.0,300000000.0,0.0,1.0,0.0,
10000079,,,,0,,1,Light,0,-1,1.44,23.72,10.0,22280.0,21980.0,300.0,0.0,0.0,,300000000.0,0.0,300000000.0,0.0,1.0,0.0,
40000079,,,,0,,4,Light,0,-1,1.54,23.743,20.0,22203.0,21903.0,300.0,0.0,0.0,,300000000.0,0.0,300000000.0,0.0,1.0,0.0,
30000079,,,,0,,3,Light,0,-1,1.913,23.753,43.0,21840.0,21540.0,300.0,0.0,0.0,,300000000.0,0.0,300000000.0,0.0,1.0,0.0,
50000080,,,,0,,5,Light,0,-1,1.513,24.003,10.0,22490.0,22190.0,300.0,0.0,0.0,,300000000.0,0.0,300000000.0,0.0,1.0,0.0,
80,,,,0,,0,Light,0,-1,1.403,24.006,10.0,22603.0,22303.0,300.0,0.0,0.0,,300000000.0,0.0,300000000.0,0.0,1.0,0.0,
20000080,,,,0,,2,Light,0,-1,1.73,24.016,7.0,22286.0,21986.0,300.0,0.0,0.0,,300000000.0,0.0,300000000.0,0.0,1.0,0.0,
10000080,,,,0,,1,Light,0,-1,1.49,24.02,50.0,22530.0,22230.0,300.0,0.0,0.0,,300000000.0,0.0,300000000.0,0.0,1.0,0.0,
40000080,,,,0,,4,Light,0,-1,1.55,24.043,10.0,22493.0,22193.0,300.0,0.0,0.0,,300000000.0,0.0,300000000.0,0.0,1.0,0.0,
30000080,,,,0,,3,Light,0,-1,1.92,24.053,7.0,22133.0,21833.0,300.0,0.0,0.0,,300000000.0,0.0,300000000.0,0.0,1.0,0.0,
50000081,,,,0,,5,Light,0,-1,1.533,24.303,20.0,22770.0,22470.0,300.0,0.0,0.0,,300000000.0,0.0,300000000.0,0.0,1.0,0.0,
81,,,,0,,0,Light,0,-1,1.406,24.306,3.0,22900.0,22600.0,300.0,0.0,0.0,,300000000.0,0.0,300000000.0,0.0,1.0,0.0,
20000081,,,,0,,2,Light,0,-1,1.733,24.316,3.0,22583.0,22283.0,300.0,0.0,0.0,,300000000.0,0.0,300000000.0,0.0,1.0,0.0,
10000081,,,,0,,1,Light,0,-1,1.5,24.32,10.0,22820.0,22520.0,300.0,0.0,0.0,,300000000.0,0.0,300000000.0,0.0,1.0,0.0,
40000081,,,,0,,4,Light,0,-1,1.553,24.343,3.0,22790.0,22490.0,300.0,0.0,0.0,,300000000.0,0.0,300000000.0,0.0,1.0,0.0,
30000081,,,,0,,3,Light,0,-1,1.94,24.353,20.0,22413.0,22113.0,300.0,0.0,0.0,,300000000.0,0.0,300000000.0,0.0,1.0,0.0,
50000082,,,,0,,5,Light,0,-1,1.586,24.603,53.0,23017.0,22717.0,300.0,0.0,0.0,,300000000.0,0.0,300000000.0,0.0,1.0,0.0,
82,,,,0,,0,Light,0,-1,1.463,24.606,57.0,23143.0,22843.0,300.0,0.0,0.0,,300000000.0,0.0,300000000.0,0.0,1.0,0.0,
20000082,,,,0,,2,Light,0,-1,1.753,24.616,20.0,22863.0,22563.0,300.0,0.0,0.0,,300000000.0,0.0,300000000.0,0.0,1.0,0.0,
10000082,,,,0,,1,Light,0,-1,1.536,24.62,36.0,23084.0,22784.0,300.0,0.0,0.0,,300000000.0,0.0,300000000.0,0.0,1.0,0.0,
40000082,,,,0,,4,Light,0,-1,1.603,24.643,50.0,23040.0,22740.0,300.0,0.0,0.0,,300000000.0,0.0,300000000.0,0.0,1.0,0.0,
30000082,,,,0,,3,Light,0,-1,1.946,24.653,6.0,22707.0,22407.0,300.0,0.0,0.0,,300000000.0,0.0,300000000.0,0.0,1.0,0.0,
50000083,,,,0,,5,Light,0,-1,1.593,24.903,7.0,23310.0,23010.0,300.0,0.0,0.0,,300000000.0,0.0,300000000.0,0.0,1.0,0.0,
83,,,,0,,0,Light,0,-1,1.466,24.906,3.0,23440.0,23140.0,300.0,0.0,0.0,,300000000.0,0.0,300000000.0,0.0,1.0,0.0,
20000083,,,,0,,2,Light,0,-1,1.763,24.916,10.0,23153.0,22853.0,300.0,0.0,0.0,,300000000.0,0.0,300000000.0,0.0,1.0,0.0,
10000083,,,,0,,1,Light,0,-1,1.556,24.92,20.0,23364.0,23064.0,300.0,0.0,0.0,,300000000.0,0.0,300000000.0,0.0,1.0,0.0,
40000083,,,,0,,4,Light,0,-1,1.61,24.943,7.0,23333.0,23033.0,300.0,0.0,0.0,,300000000.0,0.0,300000000.0,0.0,1.0,0.0,
30000083,,,,0,,3,Light,0,-1,1.97,24.953,24.0,22983.0,22683.0,300.0,0.0,0.0,,300000000.0,0.0,300000000.0,0.0,1.0,0.0,
50000084,,,,0,,5,Light,0,-1,1.613,25.203,20.0,23590.0,23290.0,300.0,0.0,0.0,,300000000.0,0.0,300000000.0,0.0,1.0,0.0,
84,,,,0,,0,Light,0,-1,1.48,25.206,14.0,23726.0,23426.0,300.0,0.0,0.0,,300000000.0,0.0,300000000.0,0.0,1.0,0.0,
20000084,,,,0,,2,Light,0,-1,1.773,25.216,10.0,23443.0,23143.0,300.0,0.0,0.0,,300000000.0,0.0,300000000.0,0.0,1.0,0.0,
10000084,,,,0,,1,Light,0,-1,1.563,25.22,7.0,23657.0,23357.0,300.0,0.0,0.0,,300000000.0,0.0,300000000.0,0.0,1.0,0.0,
40000084,,,,0,,4,Light,0,-1,1.74,25.243,130.0,23503.0,23203.0,300.0,0.0,0.0,,300000000.0,0.0,300000000.0,0.0,1.0,0.0,
30000084,,,,0,,3,Light,0,-1,1.99,25.253,20.0,23263.0,22963.0,300.0,0.0,0.0,,300000000.0,0.0,300000000.0,0.0,1.0,0.0,
50000085,,,,0,,5,Light,0,-1,1.64,25.503,27.0,23863.0,23563.0,300.0,0.0,0.0,,300000000.0,0.0,300000000.0,0.0,1.0,0.0,
85,,,,0,,0,Light,0,-1,1.483,25.506,3.0,24023.0,23723.0,300.0,0.0,0.0,,300000000.0,0.0,300000000.0,0.0,1.0,0.0,
20000085,,,,0,,2,Light,0,-1,1.79,25.516,17.0,23726.0,23426.0,300.0,0.0,0.0,,300000000.0,0.0,300000000.0,0.0,1.0,0.0,
10000085,,,,0,,1,Light,0,-1,1.583,25.52,20.0,23937.0,23637.0,300.0,0.0,0.0,,300000000.0,0.0,300000000.0,0.0,1.0,0.0,
40000085,,,,0,,4,Light,0,-1,1.75,25.543,10.0,23793.0,23493.0,300.0,0.0,0.0,,300000000.0,0.0,300000000.0,0.0,1.0,0.0,
30000085,,,,0,,3,Light,0,-1,2.006,25.553,16.0,23547.0,23247.0,300.0,0.0,0.0,,300000000.0,0.0,300000000.0,0.0,1.0,0.0,
50000086,,,,0,,5,Light,0,-1,1.65,25.803,10.0,24153.0,23853.0,300.0,0.0,0.0,,300000000.0,0.0,300000000.0,0.0,1.0,0.0,
86,,,,0,,0,Light,0,-1,1.523,25.806,40.0,24283.0,23983.0,300.0,0.0,0.0,,300000000.0,0.0,300000000.0,0.0,1.0,0.0,
20000086,,,,0,,2,Light,0,-1,1.796,25.816,6.0,24020.0,23720.0,300.0,0.0,0.0,,300000000.0,0.0,300000000.0,0.0,1.0,0.0,
10000086,,,,0,,1,Light,0,-1,1.59,25.82,7.0,24230.0,23930.0,300.0,0.0,0.0,,300000000.0,0.0,300000000.0,0.0,1.0,0.0,
40000086,,,,0,,4,Light,0,-1,1.77,25.843,20.0,24073.0,23773.0,300.0,0.0,0.0,,300000000.0,0.0,300000000.0,0.0,1.0,0.0,
30000086,,,,0,,3,Light,0,-1,2.01,25.853,4.0,23843.0,23543.0,300.0,0.0,0.0,,300000000.0,0.0,300000000.0,0.0,1.0,0.0,
50000087,,,,0,,5,Light,0,-1,1.653,26.103,3.0,24450.0,24150.0,300.0,0.0,0.0,,300000000.0,0.0,300000000.0,0.0,1.0,0.0,
87,,,,0,,0,Light,0,-1,1.526,26.106,3.0,24580.0,24280.0,300.0,0.0,0.0,,300000000.0,0.0,300000000.0,0.0,1.0,0.0,
20000087,,,,0,,2,Light,0,-1,1.823,26.116,27.0,24293.0,23993.0,300.0,0.0,0.0,,300000000.0,0.0,300000000.0,0.0,1.0,0.0,
10000087,,,,0,,1,Light,0,-1,1.616,26.12,26.0,24504.0,24204.0,300.0,0.0,0.0,,300000000.0,0.0,300000000.0,0.0,1.0,0.0,
40000087,,,,0,,4,Light,0,-1,1.783,26.143,13.0,24360.0,24060.0,300.0,0.0,0.0,,300000000.0,0.0,300000000.0,0.0,1.0,0.0,
30000087,,,,0,,3,Light,0,-1,2.013,26.153,3.0,24140.0,23840.0,300.0,0.0,0.0,,300000000.0,0.0,300000000.0,0.0,1.0,0.0,
50000088,,,,0,,5,Light,0,-1,1.666,26.403,13.0,24737.0,24437.0,300.0,0.0,0.0,,300000000.0,0.0,300000000.0,0.0,1.0,0.0,
88,,,,0,,0,Light,0,-1,1.53,26.406,4.0,24876.0,24576.0,300.0,0.0,0.0,,300000000.0,0.0,300000000.0,0.0,1.0,0.0,
20000088,,,,0,,2,Light,0,-1,1.866,26.416,43.0,24550.0,24250.0,300.0,0.0,0.0,,300000000.0,0.0,300000000.0,0.0,1.0,0.0,
10000088,,,,0,,1,Light,0,-1,1.62,26.42,4.0,24800.0,24500.0,300.0,0.0,0.0,,300000000.0,0.0,300000000.0,0.0,1.0,0.0,
40000088,,,,0,,4,Light,0,-1,1.803,26.443,20.0,24640.0,24340.0,300.0,0.0,0.0,,300000000.0,0.0,300000000.0,0.0,1.0,0.0,
30000088,,,,0,,3,Light,0,-1,2.026,26.453,13.0,24427.0,24127.0,300.0,0.0,0.0,,300000000.0,0.0,300000000.0,0.0,1.0,0.0,
50000089,,,,0,,5,Light,0,-1,1.71,26.703,44.0,24993.0,24693.0,300.0,0.0,0.0,,300000000.0,0.0,300000000.0,0.0,1.0,0.0,
89,,,,0,,0,Light,0,-1,1.543,26.706,13.0,25163.0,24863.0,300.0,0.0,0.0,,300000000.0,0.0,300000000.0,0.0,1.0,0.0,
20000089,,,,0,,2,Light,0,-1,1.88,26.716,14.0,24836.0,24536.0,300.0,0.0,0.0,,300000000.0,0.0,300000000.0,0.0,1.0,0.0,
10000089,,,,0,,1,Light,0,-1,1.623,26.72,3.0,25097.0,24797.0,300.0,0.0,0.0,,300000000.0,0.0,300000000.0,0.0,1.0,0.0,
40000089,,,,0,,4,Light,0,-1,1.806,26.743,3.0,24937.0,24637.0,300.0,0.0,0.0,,300000000.0,0.0,300000000.0,0.0,1.0,0.0,
30000089,,,,0,,3,Light,0,-1,2.096,26.753,70.0,24657.0,24357.0,300.0,0.0,0.0,,300000000.0,0.0,300000000.0,0.0,1.0,0.0,
50000090,,,,0,,5,Light,0,-1,1.736,27.003,26.0,25267.0,24967.0,300.0,0.0,0.0,,300000000.0,0.0,300000000.0,0.0,1.0,0.0,
90,,,,0,,0,Light,0,-1,1.566,27.006,23.0,25440.0,25140.0,300.0,0.0,0.0,,300000000.0,0.0,300000000.0,0.0,1.0,0.0,
20000090,,,,0,,2,Light,0,-1,1.886,27.016,6.0,25130.0,24830.0,300.0,0.0,0.0,,300000000.0,0.0,300000000.0,0.0,1.0,0.0,
10000090,,,,0,,1,Light,0,-1,1.626,27.02,3.0,25394.0,25094.0,300.0,0.0,0.0,,300000000.0,0.0,300000000.0,0.0,1.0,0.0,
40000090,,,,0,,4,Light,0,-1,1.816,27.043,10.0,25227.0,24927.0,300.0,0.0,0.0,,300000000.0,0.0,300000000.0,0.0,1.0,0.0,
30000090,,,,0,,3,Light,0,-1,2.106,27.053,10.0,24947.0,24647.0,300.0,0.0,0.0,,300000000.0,0.0,300000000.0,0.0,1.0,0.0,
50000091,,,,0,,5,Light,0,-1,1.746,27.303,10.0,25557.0,25257.0,300.0,0.0,0.0,,300000000.0,0.0,300000000.0,0.0,1.0,0.0,
91,,,,0,,0,Light,0,-1,1.576,27.306,10.0,25730.0,25430.0,300.0,0.0,0.0,,300000000.0,0.0,300000000.0,0.0,1.0,0.0,
20000091,,,,0,,2,Light,0,-1,1.9,27.316,14.0,25416.0,25116.0,300.0,0.0,0.0,,300000000.0,0.0,300000000.0,0.0,1.0,0.0,
10000091,,,,0,,1,Light,0,-1,1.636,27.32,10.0,25684.0,25384.0,300.0,0.0,0.0,,300000000.0,0.0,300000000.0,0.0,1.0,0.0,
40000091,,,,0,,4,Light,0,-1,1.84,27.343,24.0,25503.0,25203.0,300.0,0.0,0.0,,300000000.0,0.0,300000000.0,0.0,1.0,0.0,
30000091,,,,0,,3,Light,0,-1,2.11,27.353,4.0,25243.0,24943.0,300.0,0.0,0.0,,300000000.0,0.0,300000000.0,0.0,1.0,0.0,
50000092,,,,0,,5,Light,0,-1,1.793,27.603,47.0,25810.0,25510.0,300.0,0.0,0.0,,300000000.0,0.0,300000000.0,0.0,1.0,0.0,
92,,,,0,,0,Light,0,-1,1.596,27.606,20.0,26010.0,25710.0,300.0,0.0,0.0,,300000000.0,0.0,300000000.0,0.0,1.0,0.0,
20000092,,,,0,,2,Light,0,-1,1.906,27.616,6.0,25710.0,25410.0,300.0,0.0,0.0,,300000000.0,0.0,300000000.0,0.0,1.0,0.0,
10000092,,,,0,,1,Light,0,-1,1.656,27.62,20.0,25964.0,25664.0,300.0,0.0,0.0,,300000000.0,0.0,300000000.0,0.0,1.0,0.0,
40000092,,,,0,,4,Light,0,-1,1.843,27.643,3.0,25800.0,25500.0,300.0,0.0,0.0,,300000000.0,0.0,300000000.0,0.0,1.0,0.0,
30000092,,,,0,,3,Light,0,-1,2.13,27.653,20.0,25523.0,25223.0,300.0,0.0,0.0,,300000000.0,0.0,300000000.0,0.0,1.0,0.0,
50000093,,,,0,,5,Light,0,-1,1.83,27.903,37.0,26073.0,25773.0,300.0,0.0,0.0,,300000000.0,0.0,300000000.0,0.0,1.0,0.0,
93,,,,0,,0,Light,0,-1,1.633,27.906,37.0,26273.0,25973.0,300.0,0.0,0.0,,300000000.0,0.0,300000000.0,0.0,1.0,0.0,
20000093,,,,0,,2,Light,0,-1,1.916,27.916,10.0,26000.0,25700.0,300.0,0.0,0.0,,300000000.0,0.0,300000000.0,0.0,1.0,0.0,
10000093,,,,0,,1,Light,0,-1,1.663,27.92,7.0,26257.0,25957.0,300.0,0.0,0.0,,300000000.0,0.0,300000000.0,0.0,1.0,0.0,
40000093,,,,0,,4,Light,0,-1,1.883,27.943,40.0,26060.0,25760.0,300.0,0.0,0.0,,300000000.0,0.0,300000000.0,0.0,1.0,0.0,
30000093,,,,0,,3,Light,0,-1,2.133,27.953,3.0,25820.0,25520.0,300.0,0.0,0.0,,300000000.0,0.0,300000000.0,0.0,1.0,0.0,
50000094,,,,0,,5,Light,0,-1,1.846,28.203,16.0,26357.0,26057.0,300.0,0.0,0.0,,300000000.0,0.0,300000000.0,0.0,1.0,0.0,
94,,,,0,,0,Light,0,-1,1.67,28.206,37.0,26536.0,26236.0,300.0,0.0,0.0,,300000000.0,0.0,300000000.0,0.0,1.0,0.0,
20000094,,,,0,,2,Light,0,-1,1.926,28.216,10.0,26290.0,25990.0,300.0,0.0,0.0,,300000000.0,0.0,300000000.0,0.0,1.0,0.0,
10000094,,,,0,,1,Light,0,-1,1.683,28.22,20.0,26537.0,26237.0,300.0,0.0,0.0,,300000000.0,0.0,300000000.0,0.0,1.0,0.0,
40000094,,,,0,,4,Light,0,-1,1.903,28.243,20.0,26340.0,26040.0,300.0,0.0,0.0,,300000000.0,0.0,300000000.0,0.0,1.0,0.0,
30000094,,,,0,,3,Light,0,-1,2.136,28.253,3.0,26117.0,25817.0,300.0,0.0,0.0,,300000000.0,0.0,300000000.0,0.0,1.0,0.0,
50000095,,,,0,,5,Light,0,-1,1.85,28.503,4.0,26653.0,26353.0,300.0,0.0,0.0,,300000000.0,0.0,300000000.0,0.0,1.0,0.0,
95,,,,0,,0,Light,0,-1,1.676,28.506,6.0,26830.0,26530.0,300.0,0.0,0.0,,300000000.0,0.0,300000000.0,0.0,1.0,0.0,
20000095,,,,0,,2,Light,0,-1,1.966,28.516,40.0,26550.0,26250.0,300.0,0.0,0.0,,300000000.0,0.0,300000000.0,0.0,1.0,0.0,
10000095,,,,0,,1,Light,0,-1,1.686,28.52,3.0,26834.0,26534.0,300.0,0.0,0.0,,300000000.0,0.0,300000000.0,0.0,1.0,0.0,
40000095,,,,0,,4,Light,0,-1,1.93,28.543,27.0,26613.0,26313.0,300.0,0.0,0.0,,300000000.0,0.0,300000000.0,0.0,1.0,0.0,
30000095,,,,0,,3,Light,0,-1,2.16,28.553,24.0,26393.0,26093.0,300.0,0.0,0.0,,300000000.0,0.0,300000000.0,0.0,1.0,0.0,
50000096,,,,0,,5,Light,0,-1,1.853,28.803,3.0,26950.0,26650.0,300.0,0.0,0.0,,300000000.0,0.0,300000000.0,0.0,1.0,0.0,
96,,,,0,,0,Light,0,-1,1.706,28.806,30.0,27100.0,26800.0,300.0,0.0,0.0,,300000000.0,0.0,300000000.0,0.0,1.0,0.0,
20000096,,,,0,,2,Light,0,-1,1.98,28.816,14.0,26836.0,26536.0,300.0,0.0,0.0,,300000000.0,0.0,300000000.0,0.0,1.0,0.0,
10000096,,,,0,,1,Light,0,-1,1.7,28.82,14.0,27120.0,26820.0,300.0,0.0,0.0,,300000000.0,0.0,300000000.0,0.0,1.0,0.0,
40000096,,,,0,,4,Light,0,-1,1.96,28.843,30.0,26883.0,26583.0,300.0,0.0,0.0,,300000000.0,0.0,300000000.0,0.0,1.0,0.0,
30000096,,,,0,,3,Light,0,-1,2.176,28.853,16.0,26677.0,26377.0,300.0,0.0,0.0,,300000000.0,0.0,300000000.0,0.0,1.0,0.0,
50000097,,,,0,,5,Light,0,-1,1.856,29.103,3.0,27247.0,26947.0,300.0,0.0,0.0,,300000000.0,0.0,300000000.0,0.0,1.0,0.0,
97,,,,0,,0,Light,0,-1,1.726,29.106,20.0,27380.0,27080.0,300.0,0.0,0.0,,300000000.0,0.0,300000000.0,0.0,1.0,0.0,
20000097,,,,0,,2,Light,0,-1,1.983,29.116,3.0,27133.0,26833.0,300.0,0.0,0.0,,300000000.0,0.0,300000000.0,0.0,1.0,0.0,
10000097,,,,0,,1,Light,0,-1,1.703,29.12,3.0,27417.0,27117.0,300.0,0.0,0.0,,300000000.0,0.0,300000000.0,0.0,1.0,0.0,
40000097,,,,0,,4,Light,0,-1,1.963,29.143,3.0,27180.0,26880.0,300.0,0.0,0.0,,300000000.0,0.0,300000000.0,0.0,1.0,0.0,
30000097,,,,0,,3,Light,0,-1,2.193,29.153,17.0,26960.0,26660.0,300.0,0.0,0.0,,300000000.0,0.0,300000000.0,0.0,1.0,0.0,
50000098,,,,0,,5,Light,0,-1,1.86,29.403,4.0,27543.0,27243.0,300.0,0.0,0.0,,300000000.0,0.0,300000000.0,0.0,1.0,0.0,
98,,,,0,,0,Light,0,-1,1.756,29.406,30.0,27650.0,27350.0,300.0,0.0,0.0,,300000000.0,0.0,300000000.0,0.0,1.0,0.0,
20000098,,,,0,,2,Light,0,-1,2.003,29.416,20.0,27413.0,27113.0,300.0,0.0,0.0,,300000000.0,0.0,300000000.0,0.0,1.0,0.0,
10000098,,,,0,,1,Light,0,-1,1.713,29.42,10.0,27707.0,27407.0,300.0,0.0,0.0,,300000000.0,0.0,300000000.0,0.0,1.0,0.0,
40000098,,,,0,,4,Light,0,-1,1.973,29.443,10.0,27470.0,27170.0,300.0,0.0,0.0,,300000000.0,0.0,300000000.0,0.0,1.0,0.0,
30000098,,,,0,,3,Light,0,-1,2.2,29.453,7.0,27253.0,26953.0,300.0,0.0,0.0,,300000000.0,0.0,300000000.0,0.0,1.0,0.0,
50000099,,,,0,,5,Light,0,-1,1.876,29.703,16.0,27827.0,27527.0,300.0,0.0,0.0,,300000000.0,0.0,300000000.0,0.0,1.0,0.0,
99,,,,0,,0,Light,0,-1,1.76,29.706,4.0,27946.0,27646.0,300.0,0.0,0.0,,300000000.0,0.0,300000000.0,0.0,1.0,0.0,
20000099,,,,0,,2,Light,0,-1,2.043,29.716,40.0,27673.0,27373.0,300.0,0.0,0.0,,300000000.0,0.0,300000000.0,0.0,1.0,0.0,
10000099,,,,0,,1,Light,0,-1,1.766,29.72,53.0,27954.0,27654.0,300.0,0.0,0.0,,300000000.0,0.0,300000000.0,0.0,1.0,0.0,
40000099,,,,0,,4,Light,0,-1,1.993,29.743,20.0,27750.0,27450.0,300.0,0.0,0.0,,300000000.0,0.0,300000000.0,0.0,1.0,0.0,
30000099,,,,0,,3,Light,0,-1,2.22,29.753,20.0,27533.0,27233.0,300.0,0.0,0.0,,300000000.0,0.0,300000000.0,0.0,1.0,0.0,
50000100,,,,0,,5,Light,0,-1,1.89,30.003,14.0,28113.0,27813.0,300.0,0.0,0.0,,300000000.0,0.0,300000000.0,0.0,1.0,0.0,
100,,,,0,,0,Light,0,-1,1.776,30.006,16.0,28230.0,27930.0,300.0,0.0,0.0,,300000000.0,0.0,300000000.0,0.0,1.0,0.0,
20000100,,,,0,,2,Light,0,-1,2.06,30.016,17.0,27956.0,27656.0,300.0,0.0,0.0,,300000000.0,0.0,300000000.0,0.0,1.0,0.0,
10000100,,,,0,,1,Light,0,-1,1.82,30.02,54.0,28200.0,27900.0,300.0,0.0,0.0,,300000000.0,0.0,300000000.0,0.0,1.0,0.0,
40000100,,,,0,,4,Light,0,-1,1.996,30.043,3.0,28047.0,27747.0,300.0,0.0,0.0,,300000000.0,0.0,300000000.0,0.0,1.0,0.0,
30000100,,,,0,,3,Light,0,-1,2.233,30.053,13.0,27820.0,27520.0,300.0,0.0,0.0,,300000000.0,0.0,300000000.0,0.0,1.0,0.0,
50000101,,,,0,,5,Light,0,-1,1.896,30.303,6.0,28407.0,28107.0,300.0,0.0,0.0,,300000000.0,0.0,300000000.0,0.0,1.0,0.0,
101,,,,0,,0,Light,0,-1,1.78,30.306,4.0,28526.0,28226.0,300.0,0.0,0.0,,300000000.0,0.0,300000000.0,0.0,1.0,0.0,
20000101,,,,0,,2,Light,0,-1,2.073,30.316,13.0,28243.0,27943.0,300.0,0.0,0.0,,300000000.0,0.0,300000000.0,0.0,1.0,0.0,
10000101,,,,0,,1,Light,0,-1,1.863,30.32,43.0,28457.0,28157.0,300.0,0.0,0.0,,300000000.0,0.0,300000000.0,0.0,1.0,0.0,
40000101,,,,0,,4,Light,0,-1,2.023,30.343,27.0,28320.0,28020.0,300.0,0.0,0.0,,300000000.0,0.0,300000000.0,0.0,1.0,0.0,
30000101,,,,0,,3,Light,0,-1,2.24,30.353,7.0,28113.0,27813.0,300.0,0.0,0.0,,300000000.0,0.0,300000000.0,0.0,1.0,0.0,
50000102,,,,0,,5,Light,0,-1,1.91,30.603,14.0,28693.0,28393.0,300.0,0.0,0.0,,300000000.0,0.0,300000000.0,0.0,1.0,0.0,
102,,,,0,,0,Light,0,-1,1.81,30.606,30.0,28796.0,28496.0,300.0,0.0,0.0,,300000000.0,0.0,300000000.0,0.0,1.0,0.0,
20000102,,,,0,,2,Light,0,-1,2.216,30.616,143.0,28400.0,28100.0,300.0,0.0,0.0,,300000000.0,0.0,300000000.0,0.0,1.0,0.0,
10000102,,,,0,,1,Light,0,-1,1.933,30.62,70.0,28687.0,28387.0,300.0,0.0,0.0,,300000000.0,0.0,300000000.0,0.0,1.0,0.0,
40000102,,,,0,,4,Light,0,-1,2.046,30.643,23.0,28597.0,28297.0,300.0,0.0,0.0,,300000000.0,0.0,300000000.0,0.0,1.0,0.0,
30000102,,,,0,,3,Light,0,-1,2.25,30.653,10.0,28403.0,28103.0,300.0,0.0,0.0,,300000000.0,0.0,300000000.0,0.0,1.0,0.0,
50000103,,,,0,,5,Light,0,-1,1.923,30.903,13.0,28980.0,28680.0,300.0,0.0,0.0,,300000000.0,0.0,300000000.0,0.0,1.0,0.0,
103,,,,0,,0,Light,0,-1,1.826,30.906,16.0,29080.0,28780.0,300.0,0.0,0.0,,300000000.0,0.0,300000000.0,0.0,1.0,0.0,
20000103,,,,0,,2,Light,0,-1,2.256,30.916,40.0,28660.0,28360.0,300.0,0.0,0.0,,300000000.0,0.0,300000000.0,0.0,1.0,0.0,
10000103,,,,0,,1,Light,0,-1,1.936,30.92,3.0,28984.0,28684.0,300.0,0.0,0.0,,300000000.0,0.0,300000000.0,0.0,1.0,0.0,
40000103,,,,0,,4,Light,0,-1,2.056,30.943,10.0,28887.0,28587.0,300.0,0.0,0.0,,300000000.0,0.0,300000000.0,0.0,1.0,0.0,
30000103,,,,0,,3,Light,0,-1,2.253,30.953,3.0,28700.0,28400.0,300.0,0.0,0.0,,300000000.0,0.0,300000000.0,0.0,1.0,0.0,
50000104,,,,0,,5,Light,0,-1,1.943,31.203,20.0,29260.0,28960.0,300.0,0.0,0.0,,300000000.0,0.0,300000000.0,0.0,1.0,0.0,
104,,,,0,,0,Light,0,-1,1.836,31.206,10.0,29370.0,29070.0,300.0,0.0,0.0,,300000000.0,0.0,300000000.0,0.0,1.0,0.0,
20000104,,,,0,,2,Light,0,-1,2.266,31.216,10.0,28950.0,28650.0,300.0,0.0,0.0,,300000000.0,0.0,300000000.0,0.0,1.0,0.0,
10000104,,,,0,,1,Light,0,-1,1.956,31.22,20.0,29264.0,28964.0,300.0,0.0,0.0,,300000000.0,0.0,300000000.0,0.0,1.0,0.0,
40000104,,,,0,,4,Light,0,-1,2.1,31.243,44.0,29143.0,28843.0,300.0,0.0,0.0,,300000000.0,0.0,300000000.0,0.0,1.0,0.0,
30000104,,,,0,,3,Light,0,-1,2.273,31.253,20.0,28980.0,28680.0,300.0,0.0,0.0,,300000000.0,0.0,300000000.0,0.0,1.0,0.0,
50000105,,,,0,,5,Light,0,-1,1.95,31.503,7.0,29553.0,29253.0,300.0,0.0,0.0,,300000000.0,0.0,300000000.0,0.0,1.0,0.0,
105,,,,0,,0,Light,0,-1,1.873,31.506,37.0,29633.0,29333.0,300.0,0.0,0.0,,300000000.0,0.0,300000000.0,0.0,1.0,0.0,
20000105,,,,0,,2,Light,0,-1,2.283,31.516,17.0,29233.0,28933.0,300.0,0.0,0.0,,300000000.0,0.0,300000000.0,0.0,1.0,0.0,
10000105,,,,0,,1,Light,0,-1,1.986,31.52,30.0,29534.0,29234.0,300.0,0.0,0.0,,300000000.0,0.0,300000000.0,0.0,1.0,0.0,
40000105,,,,0,,4,Light,0,-1,2.116,31.543,16.0,29427.0,29127.0,300.0,0.0,0.0,,300000000.0,0.0,300000000.0,0.0,1.0,0.0,
30000105,,,,0,,3,Light,0,-1,2.286,31.553,13.0,29267.0,28967.0,300.0,0.0,0.0,,300000000.0,0.0,300000000.0,0.0,1.0,0.0,
50000106,,,,0,,5,Light,0,-1,1.953,31.803,3.0,29850.0,29550.0,300.0,0.0,0.0,,300000000.0,0.0,300000000.0,0.0,1.0,0.0,
106,,,,0,,0,Light,0,-1,1.893,31.806,20.0,29913.0,29613.0,300.0,0.0,0.0,,300000000.0,0.0,300000000.0,0.0,1.0,0.0,
20000106,,,,0,,2,Light,0,-1,2.296,31.816,13.0,29520.0,29220.0,300.0,0.0,0.0,,300000000.0,0.0,300000000.0,0.0,1.0,0.0,
10000106,,,,0,,1,Light,0,-1,2.02,31.82,34.0,29800.0,29500.0,300.0,0.0,0.0,,300000000.0,0.0,300000000.0,0.0,1.0,0.0,
40000106,,,,0,,4,Light,0,-1,2.173,31.843,57.0,29670.0,29370.0,300.0,0.0,0.0,,300000000.0,0.0,300000000.0,0.0,1.0,0.0,
30000106,,,,0,,3,Light,0,-1,2.33,31.853,44.0,29523.0,29223.0,300.0,0.0,0.0,,300000000.0,0.0,300000000.0,0.0,1.0,0.0,
50000107,,,,0,,5,Light,0,-1,2.0,32.103,47.0,30103.0,29803.0,300.0,0.0,0.0,,300000000.0,0.0,300000000.0,0.0,1.0,0.0,
107,,,,0,,0,Light,0,-1,1.976,32.106,83.0,30130.0,29830.0,300.0,0.0,0.0,,300000000.0,0.0,300000000.0,0.0,1.0,0.0,
20000107,,,,0,,2,Light,0,-1,2.303,32.116,7.0,29813.0,29513.0,300.0,0.0,0.0,,300000000.0,0.0,300000000.0,0.0,1.0,0.0,
10000107,,,,0,,1,Light,0,-1,2.033,32.12,13.0,30087.0,29787.0,300.0,0.0,0.0,,300000000.0,0.0,300000000.0,0.0,1.0,0.0,
40000107,,,,0,,4,Light,0,-1,2.183,32.143,10.0,29960.0,29660.0,300.0,0.0,0.0,,300000000.0,0.0,300000000.0,0.0,1.0,0.0,
30000107,,,,0,,3,Light,0,-1,2.35,32.153,20.0,29803.0,29503.0,300.0,0.0,0.0,,300000000.0,0.0,300000000.0,0.0,1.0,0.0,
50000108,,,,0,,5,Light,0,-1,2.016,32.403,16.0,30387.0,30087.0,300.0,0.0,0.0,,300000000.0,0.0,300000000.0,0.0,1.0,0.0,
108,,,,0,,0,Light,0,-1,2.04,32.406,64.0,30366.0,30066.0,300.0,0.0,0.0,,300000000.0,0.0,300000000.0,0.0,1.0,0.0,
20000108,,,,0,,2,Light,0,-1,2.306,32.416,3.0,30110.0,29810.0,300.0,0.0,0.0,,300000000.0,0.0,300000000.0,0.0,1.0,0.0,
10000108,,,,0,,1,Light,0,-1,2.066,32.42,33.0,30354.0,30054.0,300.0,0.0,0.0,,300000000.0,0.0,300000000.0,0.0,1.0,0.0,
40000108,,,,0,,4,Light,0,-1,2.206,32.443,23.0,30237.0,29937.0,300.0,0.0,0.0,,300000000.0,0.0,300000000.0,0.0,1.0,0.0,
30000108,,,,0,,3,Light,0,-1,2.353,32.453,3.0,30100.0,29800.0,300.0,0.0,0.0,,300000000.0,0.0,300000000.0,0.0,1.0,0.0,
50000109,,,,0,,5,Light,0,-1,2.03,32.703,14.0,30673.0,30373.0,300.0,0.0,0.0,,300000000.0,0.0,300000000.0,0.0,1.0,0.0,
109,,,,0,,0,Light,0,-1,2.063,32.706,23.0,30643.0,30343.0,300.0,0.0,0.0,,300000000.0,0.0,300000000.0,0.0,1.0,0.0,
20000109,,,,0,,2,Light,0,-1,2.31,32.716,4.0,30406.0,30106.0,300.0,0.0,0.0,,300000000.0,0.0,300000000.0,0.0,1.0,0.0,
10000109,,,,0,,1,Light,0,-1,2.076,32.72,10.0,30644.0,30344.0,300.0,0.0,0.0,,300000000.0,0.0,300000000.0,0.0,1.0,0.0,
40000109,,,,0,,4,Light,0,-1,2.21,32.743,4.0,30533.0,30233.0,300.0,0.0,0.0,,300000000.0,0.0,300000000.0,0.0,1.0,0.0,
30000109,,,,0,,3,Light,0,-1,2.363,32.753,10.0,30390.0,30090.0,300.0,0.0,0.0,,300000000.0,0.0,300000000.0,0.0,1.0,0.0,
50000110,,,,0,,5,Light,0,-1,2.036,33.003,6.0,30967.0,30667.0,300.0,0.0,0.0,,300000000.0,0.0,300000000.0,0.0,1.0,0.0,
110,,,,0,,0,Light,0,-1,2.086,33.006,23.0,30920.0,30620.0,300.0,0.0,0.0,,300000000.0,0.0,300000000.0,0.0,1.0,0.0,
20000110,,,,0,,2,Light,0,-1,2.356,33.016,46.0,30660.0,30360.0,300.0,0.0,0.0,,300000000.0,0.0,300000000.0,0.0,1.0,0.0,
10000110,,,,0,,1,Light,0,-1,2.08,33.02,4.0,30940.0,30640.0,300.0,0.0,0.0,,300000000.0,0.0,300000000.0,0.0,1.0,0.0,
40000110,,,,0,,4,Light,0,-1,2.213,33.043,3.0,30830.0,30530.0,300.0,0.0,0.0,,300000000.0,0.0,300000000.0,0.0,1.0,0.0,
30000110,,,,0,,3,Light,0,-1,2.366,33.053,3.0,30687.0,30387.0,300.0,0.0,0.0,,300000000.0,0.0,300000000.0,0.0,1.0,0.0,
50000111,,,,0,,5,Light,0,-1,2.05,33.303,14.0,31253.0,30953.0,300.0,0.0,0.0,,300000000.0,0.0,300000000.0,0.0,1.0,0.0,
111,,,,0,,0,Light,0,-1,2.09,33.306,4.0,31216.0,30916.0,300.0,0.0,0.0,,300000000.0,0.0,300000000.0,0.0,1.0,0.0,
20000111,,,,0,,2,Light,0,-1,2.406,33.316,50.0,30910.0,30610.0,300.0,0.0,0.0,,300000000.0,0.0,300000000.0,0.0,1.0,0.0,
10000111,,,,0,,1,Light,0,-1,2.083,33.32,3.0,31237.0,30937.0,300.0,0.0,0.0,,300000000.0,0.0,300000000.0,0.0,1.0,0.0,
40000111,,,,0,,4,Light,0,-1,2.223,33.343,10.0,31120.0,30820.0,300.0,0.0,0.0,,300000000.0,0.0,300000000.0,0.0,1.0,0.0,
30000111,,,,0,,3,Light,0,-1,2.376,33.353,10.0,30977.0,30677.0,300.0,0.0,0.0,,300000000.0,0.0,300000000.0,0.0,1.0,0.0,
50000112,,,,0,,5,Light,0,-1,2.053,33.603,3.0,31550.0,31250.0,300.0,0.0,0.0,,300000000.0,0.0,300000000.0,0.0,1.0,0.0,
112,,,,0,,0,Light,0,-1,2.103,33.606,13.0,31503.0,31203.0,300.0,0.0,0.0,,300000000.0,0.0,300000000.0,0.0,1.0,0.0,
20000112,,,,0,,2,Light,0,-1,2.41,33.616,4.0,31206.0,30906.0,300.0,0.0,0.0,,300000000.0,0.0,300000000.0,0.0,1.0,0.0,
10000112,,,,0,,1,Light,0,-1,2.093,33.62,10.0,31527.0,31227.0,300.0,0.0,0.0,,300000000.0,0.0,300000000.0,0.0,1.0,0.0,
40000112,,,,0,,4,Light,0,-1,2.23,33.643,7.0,31413.0,31113.0,300.0,0.0,0.0,,300000000.0,0.0,300000000.0,0.0,1.0,0.0,
30000112,,,,0,,3,Light,0,-1,2.38,33.653,4.0,31273.0,30973.0,300.0,0.0,0.0,,300000000.0,0.0,300000000.0,0.0,1.0,0.0,
50000113,,,,0,,5,Light,0,-1,2.07,33.903,17.0,31833.0,31533.0,300.0,0.0,0.0,,300000000.0,0.0,300000000.0,0.0,1.0,0.0,
113,,,,0,,0,Light,0,-1,2.153,33.906,50.0,31753.0,31453.0,300.0,0.0,0.0,,300000000.0,0.0,300000000.0,0.0,1.0,0.0,
20000113,,,,0,,2,Light,0,-1,2.446,33.916,36.0,31470.0,31170.0,300.0,0.0,0.0,,300000000.0,0.0,300000000.0,0.0,1.0,0.0,
10000113,,,,0,,1,Light,0,-1,2.12,33.92,27.0,31800.0,31500.0,300.0,0.0,0.0,,300000000.0,0.0,300000000.0,0.0,1.0,0.0,
40000113,,,,0,,4,Light,0,-1,2.236,33.943,6.0,31707.0,31407.0,300.0,0.0,0.0,,300000000.0,0.0,300000000.0,0.0,1.0,0.0,
30000113,,,,0,,3,Light,0,-1,2.396,33.953,16.0,31557.0,31257.0,300.0,0.0,0.0,,300000000.0,0.0,300000000.0,0.0,1.0,0.0,
50000114,,,,0,,5,Light,0,-1,2.113,34.203,43.0,32090.0,31790.0,300.0,0.0,0.0,,300000000.0,0.0,300000000.0,0.0,1.0,0.0,
114,,,,0,,0,Light,0,-1,2.156,34.206,3.0,32050.0,31750.0,300.0,0.0,0.0,,300000000.0,0.0,300000000.0,0.0,1.0,0.0,
20000114,,,,0,,2,Light,0,-1,2.463,34.216,17.0,31753.0,31453.0,300.0,0.0,0.0,,300000000.0,0.0,300000000.0,0.0,1.0,0.0,
10000114,,,,0,,1,Light,0,-1,2.14,34.22,20.0,32080.0,31780.0,300.0,0.0,0.0,,300000000.0,0.0,300000000.0,0.0,1.0,0.0,
40000114,,,,0,,4,Light,0,-1,2.27,34.243,34.0,31973.0,31673.0,300.0,0.0,0.0,,300000000.0,0.0,300000000.0,0.0,1.0,0.0,
30000114,,,,0,,3,Light,0,-1,2.4,34.253,4.0,31853.0,31553.0,300.0,0.0,0.0,,300000000.0,0.0,300000000.0,0.0,1.0,0.0,
50000115,,,,0,,5,Light,0,-1,2.123,34.503,10.0,32380.0,32080.0,300.0,0.0,0.0,,300000000.0,0.0,300000000.0,0.0,1.0,0.0,
115,,,,0,,0,Light,0,-1,2.18,34.506,24.0,32326.0,32026.0,300.0,0.0,0.0,,300000000.0,0.0,300000000.0,0.0,1.0,0.0,
20000115,,,,0,,2,Light,0,-1,2.54,34.516,77.0,31976.0,31676.0,300.0,0.0,0.0,,300000000.0,0.0,300000000.0,0.0,1.0,0.0,
10000115,,,,0,,1,Light,0,-1,2.143,34.52,3.0,32377.0,32077.0,300.0,0.0,0.0,,300000000.0,0.0,300000000.0,0.0,1.0,0.0,
40000115,,,,0,,4,Light,0,-1,2.313,34.543,43.0,32230.0,31930.0,300.0,0.0,0.0,,300000000.0,0.0,300000000.0,0.0,1.0,0.0,
30000115,,,,0,,3,Light,0,-1,2.413,34.553,13.0,32140.0,31840.0,300.0,0.0,0.0,,300000000.0,0.0,300000000.0,0.0,1.0,0.0,
50000116,,,,0,,5,Light,0,-1,2.126,34.803,3.0,32677.0,32377.0,300.0,0.0,0.0,,300000000.0,0.0,300000000.0,0.0,1.0,0.0,
116,,,,0,,0,Light,0,-1,2.19,34.806,10.0,32616.0,32316.0,300.0,0.0,0.0,,300000000.0,0.0,300000000.0,0.0,1.0,0.0,
20000116,,,,0,,2,Light,0,-1,2.546,34.816,6.0,32270.0,31970.0,300.0,0.0,0.0,,300000000.0,0.0,300000000.0,0.0,1.0,0.0,
10000116,,,,0,,1,Light,0,-1,2.163,34.82,20.0,32657.0,32357.0,300.0,0.0,0.0,,300000000.0,0.0,300000000.0,0.0,1.0,0.0,
40000116,,,,0,,4,Light,0,-1,2.36,34.843,47.0,32483.0,32183.0,300.0,0.0,0.0,,300000000.0,0.0,300000000.0,0.0,1.0,0.0,
30000116,,,,0,,3,Light,0,-1,2.416,34.853,3.0,32437.0,32137.0,300.0,0.0,0.0,,300000000.0,0.0,300000000.0,0.0,1.0,0.0,
50000117,,,,0,,5,Light,0,-1,2.146,35.103,20.0,32957.0,32657.0,300.0,0.0,0.0,,300000000.0,0.0,300000000.0,0.0,1.0,0.0,
117,,,,0,,0,Light,0,-1,2.29,35.106,100.0,32816.0,32516.0,300.0,0.0,0.0,,300000000.0,0.0,300000000.0,0.0,1.0,0.0,
20000117,,,,0,,2,Light,0,-1,2.556,35.116,10.0,32560.0,32260.0,300.0,0.0,0.0,,300000000.0,0.0,300000000.0,0.0,1.0,0.0,
10000117,,,,0,,1,Light,0,-1,2.166,35.12,3.0,32954.0,32654.0,300.0,0.0,0.0,,300000000.0,0.0,300000000.0,0.0,1.0,0.0,
40000117,,,,0,,4,Light,0,-1,2.383,35.143,23.0,32760.0,32460.0,300.0,0.0,0.0,,300000000.0,0.0,300000000.0,0.0,1.0,0.0,
30000117,,,,0,,3,Light,0,-1,2.44,35.153,24.0,32713.0,32413.0,300.0,0.0,0.0,,300000000.0,0.0,300000000.0,0.0,1.0,0.0,
50000118,,,,0,,5,Light,0,-1,2.15,35.403,4.0,33253.0,32953.0,300.0,0.0,0.0,,300000000.0,0.0,300000000.0,0.0,1.0,0.0,
118,,,,0,,0,Light,0,-1,2.316,35.406,26.0,33090.0,32790.0,300.0,0.0,0.0,,300000000.0,0.0,300000000.0,0.0,1.0,0.0,
20000118,,,,0,,2,Light,0,-1,2.56,35.416,4.0,32856.0,32556.0,300.0,0.0,0.0,,300000000.0,0.0,300000000.0,0.0,1.0,0.0,
10000118,,,,0,,1,Light,0,-1,2.186,35.42,20.0,33234.0,32934.0,300.0,0.0,0.0,,300000000.0,0.0,300000000.0,0.0,1.0,0.0,
40000118,,,,0,,4,Light,0,-1,2.393,35.443,10.0,33050.0,32750.0,300.0,0.0,0.0,,300000000.0,0.0,300000000.0,0.0,1.0,0.0,
30000118,,,,0,,3,Light,0,-1,2.45,35.453,10.0,33003.0,32703.0,300.0,0.0,0.0,,300000000.0,0.0,300000000.0,0.0,1.0,0.0,
50000119,,,,0,,5,Light,0,-1,2.17,35.703,20.0,33533.0,33233.0,300.0,0.0,0.0,,300000000.0,0.0,300000000.0,0.0,1.0,0.0,
119,,,,0,,0,Light,0,-1,2.346,35.706,30.0,33360.0,33060.0,300.0,0.0,0.0,,300000000.0,0.0,300000000.0,0.0,1.0,0.0,
20000119,,,,0,,2,Light,0,-1,2.566,35.716,6.0,33150.0,32850.0,300.0,0.0,0.0,,300000000.0,0.0,300000000.0,0.0,1.0,0.0,
10000119,,,,0,,1,Light,0,-1,2.196,35.72,10.0,33524.0,33224.0,300.0,0.0,0.0,,300000000.0,0.0,300000000.0,0.0,1.0,0.0,
40000119,,,,0,,4,Light,0,-1,2.42,35.743,27.0,33323.0,33023.0,300.0,0.0,0.0,,300000000.0,0.0,300000000.0,0.0,1.0,0.0,
30000119,,,,0,,3,Light,0,-1,2.453,35.753,3.0,33300.0,33000.0,300.0,0.0,0.0,,300000000.0,0.0,300000000.0,0.0,1.0,0.0,
50000120,,,,0,,5,Light,0,-1,2.203,36.003,33.0,33800.0,33500.0,300.0,0.0,0.0,,300000000.0,0.0,300000000.0,0.0,1.0,0.0,
120,,,,0,,0,Light,0,-1,2.37,36.006,24.0,33636.0,33336.0,300.0,0.0,0.0,,300000000.0,0.0,300000000.0,0.0,1.0,0.0,
20000120,,,,0,,2,Light,0,-1,2.573,36.016,7.0,33443.0,33143.0,300.0,0.0,0.0,,300000000.0,0.0,300000000.0,0.0,1.0,0.0,
10000120,,,,0,,1,Light,0,-1,2.243,36.02,47.0,33777.0,33477.0,300.0,0.0,0.0,,300000000.0,0.0,300000000.0,0.0,1.0,0.0,
40000120,,,,0,,4,Light,0,-1,2.43,36.043,10.0,33613.0,33313.0,300.0,0.0,0.0,,300000000.0,0.0,300000000.0,0.0,1.0,0.0,
30000120,,,,0,,3,Light,0,-1,2.46,36.053,7.0,33593.0,33293.0,300.0,0.0,0.0,,300000000.0,0.0,300000000.0,0.0,1.0,0.0,
50000121,,,,0,,5,Light,0,-1,2.226,36.303,23.0,34077.0,33777.0,300.0,0.0,0.0,,300000000.0,0.0,300000000.0,0.0,1.0,0.0,
121,,,,0,,0,Light,0,-1,2.39,36.306,20.0,33916.0,33616.0,300.0,0.0,0.0,,300000000.0,0.0,300000000.0,0.0,1.0,0.0,
20000121,,,,0,,2,Light,0,-1,2.596,36.316,23.0,33720.0,33420.0,300.0,0.0,0.0,,300000000.0,0.0,300000000.0,0.0,1.0,0.0,
10000121,,,,0,,1,Light,0,-1,2.26,36.32,17.0,34060.0,33760.0,300.0,0.0,0.0,,300000000.0,0.0,300000000.0,0.0,1.0,0.0,
40000121,,,,0,,4,Light,0,-1,2.433,36.343,3.0,33910.0,33610.0,300.0,0.0,0.0,,300000000.0,0.0,300000000.0,0.0,1.0,0.0,
30000121,,,,0,,3,Light,0,-1,2.473,36.353,13.0,33880.0,33580.0,300.0,0.0,0.0,,300000000.0,0.0,300000000.0,0.0,1.0,0.0,
50000122,,,,0,,5,Light,0,-1,2.246,36.603,20.0,34357.0,34057.0,300.0,0.0,0.0,,300000000.0,0.0,300000000.0,0.0,1.0,0.0,
122,,,,0,,0,Light,0,-1,2.403,36.606,13.0,34203.0,33903.0,300.0,0.0,0.0,,300000000.0,0.0,300000000.0,0.0,1.0,0.0,
20000122,,,,0,,2,Light,0,-1,2.666,36.616,70.0,33950.0,33650.0,300.0,0.0,0.0,,300000000.0,0.0,300000000.0,0.0,1.0,0.0,
10000122,,,,0,,1,Light,0,-1,2.28,36.62,20.0,34340.0,34040.0,300.0,0.0,0.0,,300000000.0,0.0,300000000.0,0.0,1.0,0.0,
40000122,,,,0,,4,Light,0,-1,2.49,36.643,57.0,34153.0,33853.0,300.0,0.0,0.0,,300000000.0,0.0,300000000.0,0.0,1.0,0.0,
30000122,,,,0,,3,Light,0,-1,2.483,36.653,10.0,34170.0,33870.0,300.0,0.0,0.0,,300000000.0,0.0,300000000.0,0.0,1.0,0.0,
50000123,,,,0,,5,Light,0,-1,2.263,36.903,17.0,34640.0,34340.0,300.0,0.0,0.0,,300000000.0,0.0,300000000.0,0.0,1.0,0.0,
123,,,,0,,0,Light,0,-1,2.456,36.906,53.0,34450.0,34150.0,300.0,0.0,0.0,,300000000.0,0.0,300000000.0,0.0,1.0,0.0,
20000123,,,,0,,2,Light,0,-1,2.67,36.916,4.0,34246.0,33946.0,300.0,0.0,0.0,,300000000.0,0.0,300000000.0,0.0,1.0,0.0,
10000123,,,,0,,1,Light,0,-1,2.3,36.92,20.0,34620.0,34320.0,300.0,0.0,0.0,,300000000.0,0.0,300000000.0,0.0,1.0,0.0,
40000123,,,,0,,4,Light,0,-1,2.493,36.943,3.0,34450.0,34150.0,300.0,0.0,0.0,,300000000.0,0.0,300000000.0,0.0,1.0,0.0,
30000123,,,,0,,3,Light,0,-1,2.5,36.953,17.0,34453.0,34153.0,300.0,0.0,0.0,,300000000.0,0.0,300000000.0,0.0,1.0,0.0,
50000124,,,,0,,5,Light,0,-1,2.276,37.203,13.0,34927.0,34627.0,300.0,0.0,0.0,,300000000.0,0.0,300000000.0,0.0,1.0,0.0,
124,,,,0,,0,Light,0,-1,2.496,37.206,40.0,34710.0,34410.0,300.0,0.0,0.0,,300000000.0,0.0,300000000.0,0.0,1.0,0.0,
20000124,,,,0,,2,Light,0,-1,2.696,37.216,26.0,34520.0,34220.0,300.0,0.0,0.0,,300000000.0,0.0,300000000.0,0.0,1.0,0.0,
10000124,,,,0,,1,Light,0,-1,2.32,37.22,20.0,34900.0,34600.0,300.0,0.0,0.0,,300000000.0,0.0,300000000.0,0.0,1.0,0.0,
40000124,,,,0,,4,Light,0,-1,2.503,37.243,10.0,34740.0,34440.0,300.0,0.0,0.0,,300000000.0,0.0,300000000.0,0.0,1.0,0.0,
30000124,,,,0,,3,Light,0,-1,2.523,37.253,23.0,34730.0,34430.0,300.0,0.0,0.0,,300000000.0,0.0,300000000.0,0.0,1.0,0.0,
50000125,,,,0,,5,Light,0,-1,2.293,37.503,17.0,35210.0,34910.0,300.0,0.0,0.0,,300000000.0,0.0,300000000.0,0.0,1.0,0.0,
125,,,,0,,0,Light,0,-1,2.513,37.506,17.0,34993.0,34693.0,300.0,0.0,0.0,,300000000.0,0.0,300000000.0,0.0,1.0,0.0,
20000125,,,,0,,2,Light,0,-1,2.71,37.516,14.0,34806.0,34506.0,300.0,0.0,0.0,,300000000.0,0.0,300000000.0,0.0,1.0,0.0,
10000125,,,,0,,1,Light,0,-1,2.323,37.52,3.0,35197.0,34897.0,300.0,0.0,0.0,,300000000.0,0.0,300000000.0,0.0,1.0,0.0,
40000125,,,,0,,4,Light,0,-1,2.506,37.543,3.0,35037.0,34737.0,300.0,0.0,0.0,,300000000.0,0.0,300000000.0,0.0,1.0,0.0,
30000125,,,,0,,3,Light,0,-1,2.53,37.553,7.0,35023.0,34723.0,300.0,0.0,0.0,,300000000.0,0.0,300000000.0,0.0,1.0,0.0,
50000126,,,,0,,5,Light,0,-1,2.333,37.803,40.0,35470.0,35170.0,300.0,0.0,0.0,,300000000.0,0.0,300000000.0,0.0,1.0,0.0,
126,,,,0,,0,Light,0,-1,2.516,37.806,3.0,35290.0,34990.0,300.0,0.0,0.0,,300000000.0,0.0,300000000.0,0.0,1.0,0.0,
20000126,,,,0,,2,Light,0,-1,2.756,37.816,46.0,35060.0,34760.0,300.0,0.0,0.0,,300000000.0,0.0,300000000.0,0.0,1.0,0.0,
10000126,,,,0,,1,Light,0,-1,2.326,37.82,3.0,35494.0,35194.0,300.0,0.0,0.0,,300000000.0,0.0,300000000.0,0.0,1.0,0.0,
40000126,,,,0,,4,Light,0,-1,2.59,37.843,84.0,35253.0,34953.0,300.0,0.0,0.0,,300000000.0,0.0,300000000.0,0.0,1.0,0.0,
30000126,,,,0,,3,Light,0,-1,2.543,37.853,13.0,35310.0,35010.0,300.0,0.0,0.0,,300000000.0,0.0,300000000.0,0.0,1.0,0.0,
50000127,,,,0,,5,Light,0,-1,2.34,38.103,7.0,35763.0,35463.0,300.0,0.0,0.0,,300000000.0,0.0,300000000.0,0.0,1.0,0.0,
127,,,,0,,0,Light,0,-1,2.536,38.106,20.0,35570.0,35270.0,300.0,0.0,0.0,,300000000.0,0.0,300000000.0,0.0,1.0,0.0,
20000127,,,,0,,2,Light,0,-1,2.776,38.116,20.0,35340.0,35040.0,300.0,0.0,0.0,,300000000.0,0.0,300000000.0,0.0,1.0,0.0,
10000127,,,,0,,1,Light,0,-1,2.336,38.12,10.0,35784.0,35484.0,300.0,0.0,0.0,,300000000.0,0.0,300000000.0,0.0,1.0,0.0,
40000127,,,,0,,4,Light,0,-1,2.63,38.143,40.0,35513.0,35213.0,300.0,0.0,0.0,,300000000.0,0.0,300000000.0,0.0,1.0,0.0,
30000127,,,,0,,3,Light,0,-1,2.553,38.153,10.0,35600.0,35300.0,300.0,0.0,0.0,,300000000.0,0.0,300000000.0,0.0,1.0,0.0,
50000128,,,,0,,5,Light,0,-1,2.386,38.403,46.0,36017.0,35717.0,300.0,0.0,0.0,,300000000.0,0.0,300000000.0,0.0,1.0,0.0,
128,,,,0,,0,Light,0,-1,2.576,38.406,40.0,35830.0,35530.0,300.0,0.0,0.0,,300000000.0,0.0,300000000.0,0.0,1.0,0.0,
20000128,,,,0,,2,Light,0,-1,2.79,38.416,14.0,35626.0,35326.0,300.0,0.0,0.0,,300000000.0,0.0,300000000.0,0.0,1.0,0.0,
10000128,,,,0,,1,Light,0,-1,2.343,38.42,7.0,36077.0,35777.0,300.0,0.0,0.0,,300000000.0,0.0,300000000.0,0.0,1.0,0.0,
40000128,,,,0,,4,Light,0,-1,2.653,38.443,23.0,35790.0,35490.0,300.0,0.0,0.0,,300000000.0,0.0,300000000.0,0.0,1.0,0.0,
30000128,,,,0,,3,Light,0,-1,2.563,38.453,10.0,35890.0,35590.0,300.0,0.0,0.0,,300000000.0,0.0,300000000.0,0.0,1.0,0.0,
50000129,,,,0,,5,Light,0,-1,2.423,38.703,37.0,36280.0,35980.0,300.0,0.0,0.0,,300000000.0,0.0,300000000.0,0.0,1.0,0.0,
129,,,,0,,0,Light,0,-1,2.583,38.706,7.0,36123.0,35823.0,300.0,0.0,0.0,,300000000.0,0.0,300000000.0,0.0,1.0,0.0,
20000129,,,,0,,2,Light,0,-1,2.803,38.716,13.0,35913.0,35613.0,300.0,0.0,0.0,,300000000.0,0.0,300000000.0,0.0,1.0,0.0,
10000129,,,,0,,1,Light,0,-1,2.373,38.72,30.0,36347.0,36047.0,300.0,0.0,0.0,,300000000.0,0.0,300000000.0,0.0,1.0,0.0,
40000129,,,,0,,4,Light,0,-1,2.676,38.743,23.0,36067.0,35767.0,300.0,0.0,0.0,,300000000.0,0.0,300000000.0,0.0,1.0,0.0,
30000129,,,,0,,3,Light,0,-1,2.57,38.753,7.0,36183.0,35883.0,300.0,0.0,0.0,,300000000.0,0.0,300000000.0,0.0,1.0,0.0,
50000130,,,,0,,5,Light,0,-1,2.426,39.003,3.0,36577.0,36277.0,300.0,0.0,0.0,,300000000.0,0.0,300000000.0,0.0,1.0,0.0,
130,,,,0,,0,Light,0,-1,2.593,39.006,10.0,36413.0,36113.0,300.0,0.0,0.0,,300000000.0,0.0,300000000.0,0.0,1.0,0.0,
20000130,,,,0,,2,Light,0,-1,2.823,39.016,20.0,36193.0,35893.0,300.0,0.0,0.0,,300000000.0,0.0,300000000.0,0.0,1.0,0.0,
10000130,,,,0,,1,Light,0,-1,2.436,39.02,63.0,36584.0,36284.0,300.0,0.0,0.0,,300000000.0,0.0,300000000.0,0.0,1.0,0.0,
40000130,,,,0,,4,Light,0,-1,2.68,39.043,4.0,36363.0,36063.0,300.0,0.0,0.0,,300000000.0,0.0,300000000.0,0.0,1.0,0.0,
30000130,,,,0,,3,Light,0,-1,2.58,39.053,10.0,36473.0,36173.0,300.0,0.0,0.0,,300000000.0,0.0,300000000.0,0.0,1.0,0.0,
50000131,,,,0,,5,Light,0,-1,2.466,39.303,40.0,36837.0,36537.0,300.0,0.0,0.0,,300000000.0,0.0,300000000.0,0.0,1.0,0.0,
131,,,,0,,0,Light,0,-1,2.606,39.306,13.0,36700.0,36400.0,300.0,0.0,0.0,,300000000.0,0.0,300000000.0,0.0,1.0,0.0,
20000131,,,,0,,2,Light,0,-1,2.856,39.316,33.0,36460.0,36160.0,300.0,0.0,0.0,,300000000.0,0.0,300000000.0,0.0,1.0,0.0,
10000131,,,,0,,1,Light,0,-1,2.443,39.32,7.0,36877.0,36577.0,300.0,0.0,0.0,,300000000.0,0.0,300000000.0,0.0,1.0,0.0,
40000131,,,,0,,4,Light,0,-1,2.703,39.343,23.0,36640.0,36340.0,300.0,0.0,0.0,,300000000.0,0.0,300000000.0,0.0,1.0,0.0,
30000131,,,,0,,3,Light,0,-1,2.643,39.353,63.0,36710.0,36410.0,300.0,0.0,0.0,,300000000.0,0.0,300000000.0,0.0,1.0,0.0,
50000132,,,,0,,5,Light,0,-1,2.47,39.603,4.0,37133.0,36833.0,300.0,0.0,0.0,,300000000.0,0.0,300000000.0,0.0,1.0,0.0,
132,,,,0,,0,Light,0,-1,2.613,39.606,7.0,36993.0,36693.0,300.0,0.0,0.0,,300000000.0,0.0,300000000.0,0.0,1.0,0.0,
20000132,,,,0,,2,Light,0,-1,2.883,39.616,27.0,36733.0,36433.0,300.0,0.0,0.0,,300000000.0,0.0,300000000.0,0.0,1.0,0.0,
10000132,,,,0,,1,Light,0,-1,2.48,39.62,37.0,37140.0,36840.0,300.0,0.0,0.0,,300000000.0,0.0,300000000.0,0.0,1.0,0.0,
40000132,,,,0,,4,Light,0,-1,2.713,39.643,10.0,36930.0,36630.0,300.0,0.0,0.0,,300000000.0,0.0,300000000.0,0.0,1.0,0.0,
30000132,,,,0,,3,Light,0,-1,2.66,39.653,17.0,36993.0,36693.0,300.0,0.0,0.0,,300000000.0,0.0,300000000.0,0.0,1.0,0.0,
50000133,,,,0,,5,Light,0,-1,2.476,39.903,6.0,37427.0,37127.0,300.0,0.0,0.0,,300000000.0,0.0,300000000.0,0.0,1.0,0.0,
133,,,,0,,0,Light,0,-1,2.616,39.906,3.0,37290.0,36990.0,300.0,0.0,0.0,,300000000.0,0.0,300000000.0,0.0,1.0,0.0,
20000133,,,,0,,2,Light,0,-1,2.886,39.916,3.0,37030.0,36730.0,300.0,0.0,0.0,,300000000.0,0.0,300000000.0,0.0,1.0,0.0,
10000133,,,,0,,1,Light,0,-1,2.486,39.92,6.0,37434.0,37134.0,300.0,0.0,0.0,,300000000.0,0.0,300000000.0,0.0,1.0,0.0,
40000133,,,,0,,4,Light,0,-1,2.736,39.943,23.0,37207.0,36907.0,300.0,0.0,0.0,,300000000.0,0.0,300000000.0,0.0,1.0,0.0,
30000133,,,,0,,3,Light,0,-1,2.72,39.953,60.0,37233.0,36933.0,300.0,0.0,0.0,,300000000.0,0.0,300000000.0,0.0,1.0,0.0,
50000134,,,,0,,5,Light,0,-1,2.51,40.203,34.0,37693.0,37393.0,300.0,0.0,0.0,,300000000.0,0.0,300000000.0,0.0,1.0,0.0,
134,,,,0,,0,Light,0,-1,2.626,40.206,10.0,37580.0,37280.0,300.0,0.0,0.0,,300000000.0,0.0,300000000.0,0.0,1.0,0.0,
20000134,,,,0,,2,Light,0,-1,2.896,40.216,10.0,37320.0,37020.0,300.0,0.0,0.0,,300000000.0,0.0,300000000.0,0.0,1.0,0.0,
10000134,,,,0,,1,Light,0,-1,2.526,40.22,40.0,37694.0,37394.0,300.0,0.0,0.0,,300000000.0,0.0,300000000.0,0.0,1.0,0.0,
40000134,,,,0,,4,Light,0,-1,2.763,40.243,27.0,37480.0,37180.0,300.0,0.0,0.0,,300000000.0,0.0,300000000.0,0.0,1.0,0.0,
30000134,,,,0,,3,Light,0,-1,2.723,40.253,3.0,37530.0,37230.0,300.0,0.0,0.0,,300000000.0,0.0,300000000.0,0.0,1.0,0.0,
50000135,,,,0,,5,Light,0,-1,2.52,40.503,10.0,37983.0,37683.0,300.0,0.0,0.0,,300000000.0,0.0,300000000.0,0.0,1.0,0.0,
135,,,,0,,0,Light,0,-1,2.65,40.506,24.0,37856.0,37556.0,300.0,0.0,0.0,,300000000.0,0.0,300000000.0,0.0,1.0,0.0,
20000135,,,,0,,2,Light,0,-1,2.923,40.516,27.0,37593.0,37293.0,300.0,0.0,0.0,,300000000.0,0.0,300000000.0,0.0,1.0,0.0,
10000135,,,,0,,1,Light,0,-1,2.533,40.52,7.0,37987.0,37687.0,300.0,0.0,0.0,,300000000.0,0.0,300000000.0,0.0,1.0,0.0,
40000135,,,,0,,4,Light,0,-1,2.77,40.543,7.0,37773.0,37473.0,300.0,0.0,0.0,,300000000.0,0.0,300000000.0,0.0,1.0,0.0,
30000135,,,,0,,3,Light,0,-1,2.783,40.553,60.0,37770.0,37470.0,300.0,0.0,0.0,,300000000.0,0.0,300000000.0,0.0,1.0,0.0,
50000136,,,,0,,5,Light,0,-1,2.586,40.803,66.0,38217.0,37917.0,300.0,0.0,0.0,,300000000.0,0.0,300000000.0,0.0,1.0,0.0,
136,,,,0,,0,Light,0,-1,2.69,40.806,40.0,38116.0,37816.0,300.0,0.0,0.0,,300000000.0,0.0,300000000.0,0.0,1.0,0.0,
20000136,,,,0,,2,Light,0,-1,2.933,40.816,10.0,37883.0,37583.0,300.0,0.0,0.0,,300000000.0,0.0,300000000.0,0.0,1.0,0.0,
10000136,,,,0,,1,Light,0,-1,2.55,40.82,17.0,38270.0,37970.0,300.0,0.0,0.0,,300000000.0,0.0,300000000.0,0.0,1.0,0.0,
40000136,,,,0,,4,Light,0,-1,2.78,40.843,10.0,38063.0,37763.0,300.0,0.0,0.0,,300000000.0,0.0,300000000.0,0.0,1.0,0.0,
30000136,,,,0,,3,Light,0,-1,2.81,40.853,27.0,38043.0,37743.0,300.0,0.0,0.0,,300000000.0,0.0,300000000.0,0.0,1.0,0.0,
50000137,,,,0,,5,Light,0,-1,2.603,41.103,17.0,38500.0,38200.0,300.0,0.0,0.0,,300000000.0,0.0,300000000.0,0.0,1.0,0.0,
137,,,,0,,0,Light,0,-1,2.7,41.106,10.0,38406.0,38106.0,300.0,0.0,0.0,,300000000.0,0.0,300000000.0,0.0,1.0,0.0,
20000137,,,,0,,2,Light,0,-1,2.946,41.116,13.0,38170.0,37870.0,300.0,0.0,0.0,,300000000.0,0.0,300000000.0,0.0,1.0,0.0,
10000137,,,,0,,1,Light,0,-1,2.6,41.12,50.0,38520.0,38220.0,300.0,0.0,0.0,,300000000.0,0.0,300000000.0,0.0,1.0,0.0,
40000137,,,,0,,4,Light,0,-1,2.796,41.143,16.0,38347.0,38047.0,300.0,0.0,0.0,,300000000.0,0.0,300000000.0,0.0,1.0,0.0,
30000137,,,,0,,3,Light,0,-1,2.813,41.153,3.0,38340.0,38040.0,300.0,0.0,0.0,,300000000.0,0.0,300000000.0,0.0,1.0,0.0,
50000138,,,,0,,5,Light,0,-1,2.61,41.403,7.0,38793.0,38493.0,300.0,0.0,0.0,,300000000.0,0.0,300000000.0,0.0,1.0,0.0,
138,,,,0,,0,Light,0,-1,2.706,41.406,6.0,38700.0,38400.0,300.0,0.0,0.0,,300000000.0,0.0,300000000.0,0.0,1.0,0.0,
20000138,,,,0,,2,Light,0,-1,2.95,41.416,4.0,38466.0,38166.0,300.0,0.0,0.0,,300000000.0,0.0,300000000.0,0.0,1.0,0.0,
10000138,,,,0,,1,Light,0,-1,2.62,41.42,20.0,38800.0,38500.0,300.0,0.0,0.0,,300000000.0,0.0,300000000.0,0.0,1.0,0.0,
40000138,,,,0,,4,Light,0,-1,2.85,41.443,54.0,38593.0,38293.0,300.0,0.0,0.0,,300000000.0,0.0,300000000.0,0.0,1.0,0.0,
30000138,,,,0,,3,Light,0,-1,2.82,41.453,7.0,38633.0,38333.0,300.0,0.0,0.0,,300000000.0,0.0,300000000.0,0.0,1.0,0.0,
50000139,,,,0,,5,Light,0,-1,2.646,41.703,36.0,39057.0,38757.0,300.0,0.0,0.0,,300000000.0,0.0,300000000.0,0.0,1.0,0.0,
139,,,,0,,0,Light,0,-1,2.733,41.706,27.0,38973.0,38673.0,300.0,0.0,0.0,,300000000.0,0.0,300000000.0,0.0,1.0,0.0,
20000139,,,,0,,2,Light,0,-1,2.953,41.716,3.0,38763.0,38463.0,300.0,0.0,0.0,,300000000.0,0.0,300000000.0,0.0,1.0,0.0,
10000139,,,,0,,1,Light,0,-1,2.623,41.72,3.0,39097.0,38797.0,300.0,0.0,0.0,,300000000.0,0.0,300000000.0,0.0,1.0,0.0,
40000139,,,,0,,4,Light,0,-1,2.86,41.743,10.0,38883.0,38583.0,300.0,0.0,0.0,,300000000.0,0.0,300000000.0,0.0,1.0,0.0,
30000139,,,,0,,3,Light,0,-1,2.83,41.753,10.0,38923.0,38623.0,300.0,0.0,0.0,,300000000.0,0.0,300000000.0,0.0,1.0,0.0,
50000140,,,,0,,5,Light,0,-1,2.663,42.003,17.0,39340.0,39040.0,300.0,0.0,0.0,,300000000.0,0.0,300000000.0,0.0,1.0,0.0,
140,,,,0,,0,Light,0,-1,2.75,42.006,17.0,39256.0,38956.0,300.0,0.0,0.0,,300000000.0,0.0,300000000.0,0.0,1.0,0.0,
20000140,,,,0,,2,Light,0,-1,2.956,42.016,3.0,39060.0,38760.0,300.0,0.0,0.0,,300000000.0,0.0,300000000.0,0.0,1.0,0.0,
10000140,,,,0,,1,Light,0,-1,2.633,42.02,10.0,39387.0,39087.0,300.0,0.0,0.0,,300000000.0,0.0,300000000.0,0.0,1.0,0.0,
40000140,,,,0,,4,Light,0,-1,2.863,42.043,3.0,39180.0,38880.0,300.0,0.0,0.0,,300000000.0,0.0,300000000.0,0.0,1.0,0.0,
30000140,,,,0,,3,Light,0,-1,2.84,42.053,10.0,39213.0,38913.0,300.0,0.0,0.0,,300000000.0,0.0,300000000.0,0.0,1.0,0.0,
50000141,,,,0,,5,Light,0,-1,2.683,42.303,20.0,39620.0,39320.0,300.0,0.0,0.0,,300000000.0,0.0,300000000.0,0.0,1.0,0.0,
141,,,,0,,0,Light,0,-1,2.766,42.306,16.0,39540.0,39240.0,300.0,0.0,0.0,,300000000.0,0.0,300000000.0,0.0,1.0,0.0,
20000141,,,,0,,2,Light,0,-1,2.966,42.316,10.0,39350.0,39050.0,300.0,0.0,0.0,,300000000.0,0.0,300000000.0,0.0,1.0,0.0,
10000141,,,,0,,1,Light,0,-1,2.636,42.32,3.0,39684.0,39384.0,300.0,0.0,0.0,,300000000.0,0.0,300000000.0,0.0,1.0,0.0,
40000141,,,,0,,4,Light,0,-1,2.88,42.343,17.0,39463.0,39163.0,300.0,0.0,0.0,,300000000.0,0.0,300000000.0,0.0,1.0,0.0,
30000141,,,,0,,3,Light,0,-1,2.866,42.353,26.0,39487.0,39187.0,300.0,0.0,0.0,,300000000.0,0.0,300000000.0,0.0,1.0,0.0,
50000142,,,,0,,5,Light,0,-1,2.686,42.603,3.0,39917.0,39617.0,300.0,0.0,0.0,,300000000.0,0.0,300000000.0,0.0,1.0,0.0,
142,,,,0,,0,Light,0,-1,2.773,42.606,7.0,39833.0,39533.0,300.0,0.0,0.0,,300000000.0,0.0,300000000.0,0.0,1.0,0.0,
20000142,,,,0,,2,Light,0,-1,3.033,42.616,67.0,39583.0,39283.0,300.0,0.0,0.0,,300000000.0,0.0,300000000.0,0.0,1.0,0.0,
10000142,,,,0,,1,Light,0,-1,2.64,42.62,4.0,39980.0,39680.0,300.0,0.0,0.0,,300000000.0,0.0,300000000.0,0.0,1.0,0.0,
40000142,,,,0,,4,Light,0,-1,2.91,42.643,30.0,39733.0,39433.0,300.0,0.0,0.0,,300000000.0,0.0,300000000.0,0.0,1.0,0.0,
30000142,,,,0,,3,Light,0,-1,2.87,42.653,4.0,39783.0,39483.0,300.0,0.0,0.0,,300000000.0,0.0,300000000.0,0.0,1.0,0.0,
50000143,,,,0,,5,Light,0,-1,2.716,42.903,30.0,40187.0,39887.0,300.0,0.0,0.0,,300000000.0,0.0,300000000.0,0.0,1.0,0.0,
143,,,,0,,0,Light,0,-1,2.793,42.906,20.0,40113.0,39813.0,300.0,0.0,0.0,,300000000.0,0.0,300000000.0,0.0,1.0,0.0,
20000143,,,,0,,2,Light,0,-1,3.05,42.916,17.0,39866.0,39566.0,300.0,0.0,0.0,,300000000.0,0.0,300000000.0,0.0,1.0,0.0,
10000143,,,,0,,1,Light,0,-1,2.656,42.92,16.0,40264.0,39964.0,300.0,0.0,0.0,,300000000.0,0.0,300000000.0,0.0,1.0,0.0,
40000143,,,,0,,4,Light,0,-1,2.913,42.943,3.0,40030.0,39730.0,300.0,0.0,0.0,,300000000.0,0.0,300000000.0,0.0,1.0,0.0,
30000143,,,,0,,3,Light,0,-1,2.873,42.953,3.0,40080.0,39780.0,300.0,0.0,0.0,,300000000.0,0.0,300000000.0,0.0,1.0,0.0,
50000144,,,,0,,5,Light,0,-1,2.726,43.203,10.0,40477.0,40177.0,300.0,0.0,0.0,,300000000.0,0.0,300000000.0,0.0,1.0,0.0,
144,,,,0,,0,Light,0,-1,2.806,43.206,13.0,40400.0,40100.0,300.0,0.0,0.0,,300000000.0,0.0,300000000.0,0.0,1.0,0.0,
20000144,,,,0,,2,Light,0,-1,3.06,43.216,10.0,40156.0,39856.0,300.0,0.0,0.0,,300000000.0,0.0,300000000.0,0.0,1.0,0.0,
10000144,,,,0,,1,Light,0,-1,2.673,43.22,17.0,40547.0,40247.0,300.0,0.0,0.0,,300000000.0,0.0,300000000.0,0.0,1.0,0.0,
40000144,,,,0,,4,Light,0,-1,2.96,43.243,47.0,40283.0,39983.0,300.0,0.0,0.0,,300000000.0,0.0,300000000.0,0.0,1.0,0.0,
30000144,,,,0,,3,Light,0,-1,2.9,43.253,27.0,40353.0,40053.0,300.0,0.0,0.0,,300000000.0,0.0,300000000.0,0.0,1.0,0.0,
50000145,,,,0,,5,Light,0,-1,2.74,43.503,14.0,40763.0,40463.0,300.0,0.0,0.0,,300000000.0,0.0,300000000.0,0.0,1.0,0.0,
145,,,,0,,0,Light,0,-1,2.816,43.506,10.0,40690.0,40390.0,300.0,0.0,0.0,,300000000.0,0.0,300000000.0,0.0,1.0,0.0,
20000145,,,,0,,2,Light,0,-1,3.073,43.516,13.0,40443.0,40143.0,300.0,0.0,0.0,,300000000.0,0.0,300000000.0,0.0,1.0,0.0,
10000145,,,,0,,1,Light,0,-1,2.693,43.52,20.0,40827.0,40527.0,300.0,0.0,0.0,,300000000.0,0.0,300000000.0,0.0,1.0,0.0,
40000145,,,,0,,4,Light,0,-1,2.97,43.543,10.0,40573.0,40273.0,300.0,0.0,0.0,,300000000.0,0.0,300000000.0,0.0,1.0,0.0,
30000145,,,,0,,3,Light,0,-1,2.906,43.553,6.0,40647.0,40347.0,300.0,0.0,0.0,,300000000.0,0.0,300000000.0,0.0,1.0,0.0,
50000146,,,,0,,5,Light,0,-1,2.743,43.803,3.0,41060.0,40760.0,300.0,0.0,0.0,,300000000.0,0.0,300000000.0,0.0,1.0,0.0,
146,,,,0,,0,Light,0,-1,2.893,43.806,77.0,40913.0,40613.0,300.0,0.0,0.0,,300000000.0,0.0,300000000.0,0.0,1.0,0.0,
20000146,,,,0,,2,Light,0,-1,3.086,43.816,13.0,40730.0,40430.0,300.0,0.0,0.0,,300000000.0,0.0,300000000.0,0.0,1.0,0.0,
10000146,,,,0,,1,Light,0,-1,2.73,43.82,37.0,41090.0,40790.0,300.0,0.0,0.0,,300000000.0,0.0,300000000.0,0.0,1.0,0.0,
40000146,,,,0,,4,Light,0,-1,2.976,43.843,6.0,40867.0,40567.0,300.0,0.0,0.0,,300000000.0,0.0,300000000.0,0.0,1.0,0.0,
30000146,,,,0,,3,Light,0,-1,2.92,43.853,14.0,40933.0,40633.0,300.0,0.0,0.0,,300000000.0,0.0,300000000.0,0.0,1.0,0.0,
50000147,,,,0,,5,Light,0,-1,2.753,44.103,10.0,41350.0,41050.0,300.0,0.0,0.0,,300000000.0,0.0,300000000.0,0.0,1.0,0.0,
147,,,,0,,0,Light,0,-1,2.926,44.106,33.0,41180.0,40880.0,300.0,0.0,0.0,,300000000.0,0.0,300000000.0,0.0,1.0,0.0,
20000147,,,,0,,2,Light,0,-1,3.09,44.116,4.0,41026.0,40726.0,300.0,0.0,0.0,,300000000.0,0.0,300000000.0,0.0,1.0,0.0,
10000147,,,,0,,1,Light,0,-1,2.746,44.12,16.0,41374.0,41074.0,300.0,0.0,0.0,,300000000.0,0.0,300000000.0,0.0,1.0,0.0,
40000147,,,,0,,4,Light,0,-1,3.0,44.143,24.0,41143.0,40843.0,300.0,0.0,0.0,,300000000.0,0.0,300000000.0,0.0,1.0,0.0,
30000147,,,,0,,3,Light,0,-1,2.93,44.153,10.0,41223.0,40923.0,300.0,0.0,0.0,,300000000.0,0.0,300000000.0,0.0,1.0,0.0,
50000148,,,,0,,5,Light,0,-1,2.76,44.403,7.0,41643.0,41343.0,300.0,0.0,0.0,,300000000.0,0.0,300000000.0,0.0,1.0,0.0,
148,,,,0,,0,Light,0,-1,2.973,44.406,47.0,41433.0,41133.0,300.0,0.0,0.0,,300000000.0,0.0,300000000.0,0.0,1.0,0.0,
20000148,,,,0,,2,Light,0,-1,3.1,44.416,10.0,41316.0,41016.0,300.0,0.0,0.0,,300000000.0,0.0,300000000.0,0.0,1.0,0.0,
10000148,,,,0,,1,Light,0,-1,2.836,44.42,90.0,41584.0,41284.0,300.0,0.0,0.0,,300000000.0,0.0,300000000.0,0.0,1.0,0.0,
40000148,,,,0,,4,Light,0,-1,3.056,44.443,56.0,41387.0,41087.0,300.0,0.0,0.0,,300000000.0,0.0,300000000.0,0.0,1.0,0.0,
30000148,,,,0,,3,Light,0,-1,2.94,44.453,10.0,41513.0,41213.0,300.0,0.0,0.0,,300000000.0,0.0,300000000.0,0.0,1.0,0.0,
50000149,,,,0,,5,Light,0,-1,2.786,44.703,26.0,41917.0,41617.0,300.0,0.0,0.0,,300000000.0,0.0,300000000.0,0.0,1.0,0.0,
149,,,,0,,0,Light,0,-1,2.983,44.706,10.0,41723.0,41423.0,300.0,0.0,0.0,,300000000.0,0.0,300000000.0,0.0,1.0,0.0,
20000149,,,,0,,2,Light,0,-1,3.103,44.716,3.0,41613.0,41313.0,300.0,0.0,0.0,,300000000.0,0.0,300000000.0,0.0,1.0,0.0,
10000149,,,,0,,1,Light,0,-1,2.843,44.72,7.0,41877.0,41577.0,300.0,0.0,0.0,,300000000.0,0.0,300000000.0,0.0,1.0,0.0,
40000149,,,,0,,4,Light,0,-1,3.066,44.743,10.0,41677.0,41377.0,300.0,0.0,0.0,,300000000.0,0.0,300000000.0,0.0,1.0,0.0,
30000149,,,,0,,3,Light,0,-1,2.993,44.753,53.0,41760.0,41460.0,300.0,0.0,0.0,,300000000.0,0.0,300000000.0,0.0,1.0,0.0,
50000150,,,,0,,5,Light,0,-1,2.8,45.003,14.0,42203.0,41903.0,300.0,0.0,0.0,,300000000.0,0.0,300000000.0,0.0,1.0,0.0,
150,,,,0,,0,Light,0,-1,3.026,45.006,43.0,41980.0,41680.0,300.0,0.0,0.0,,300000000.0,0.0,300000000.0,0.0,1.0,0.0,
20000150,,,,0,,2,Light,0,-1,3.106,45.016,3.0,41910.0,41610.0,300.0,0.0,0.0,,300000000.0,0.0,300000000.0,0.0,1.0,0.0,
10000150,,,,0,,1,Light,0,-1,2.89,45.02,47.0,42130.0,41830.0,300.0,0.0,0.0,,300000000.0,0.0,300000000.0,0.0,1.0,0.0,
40000150,,,,0,,4,Light,0,-1,3.07,45.043,4.0,41973.0,41673.0,300.0,0.0,0.0,,300000000.0,0.0,300000000.0,0.0,1.0,0.0,
30000150,,,,0,,3,Light,0,-1,2.996,45.053,3.0,42057.0,41757.0,300.0,0.0,0.0,,300000000.0,0.0,300000000.0,0.0,1.0,0.0,
50000151,,,,0,,5,Light,0,-1,2.826,45.303,26.0,42477.0,42177.0,300.0,0.0,0.0,,300000000.0,0.0,300000000.0,0.0,1.0,0.0,
151,,,,0,,0,Light,0,-1,3.03,45.306,4.0,42276.0,41976.0,300.0,0.0,0.0,,300000000.0,0.0,300000000.0,0.0,1.0,0.0,
20000151,,,,0,,2,Light,0,-1,3.123,45.316,17.0,42193.0,41893.0,300.0,0.0,0.0,,300000000.0,0.0,300000000.0,0.0,1.0,0.0,
10000151,,,,0,,1,Light,0,-1,2.903,45.32,13.0,42417.0,42117.0,300.0,0.0,0.0,,300000000.0,0.0,300000000.0,0.0,1.0,0.0,
40000151,,,,0,,4,Light,0,-1,3.083,45.343,13.0,42260.0,41960.0,300.0,0.0,0.0,,300000000.0,0.0,300000000.0,0.0,1.0,0.0,
30000151,,,,0,,3,Light,0,-1,3.01,45.353,14.0,42343.0,42043.0,300.0,0.0,0.0,,300000000.0,0.0,300000000.0,0.0,1.0,0.0,
50000152,,,,0,,5,Light,0,-1,2.833,45.603,7.0,42770.0,42470.0,300.0,0.0,0.0,,300000000.0,0.0,300000000.0,0.0,1.0,0.0,
152,,,,0,,0,Light,0,-1,3.113,45.606,83.0,42493.0,42193.0,300.0,0.0,0.0,,300000000.0,0.0,300000000.0,0.0,1.0,0.0,
20000152,,,,0,,2,Light,0,-1,3.156,45.616,33.0,42460.0,42160.0,300.0,0.0,0.0,,300000000.0,0.0,300000000.0,0.0,1.0,0.0,
10000152,,,,0,,1,Light,0,-1,2.936,45.62,33.0,42684.0,42384.0,300.0,0.0,0.0,,300000000.0,0.0,300000000.0,0.0,1.0,0.0,
40000152,,,,0,,4,Light,0,-1,3.133,45.643,50.0,42510.0,42210.0,300.0,0.0,0.0,,300000000.0,0.0,300000000.0,0.0,1.0,0.0,
30000152,,,,0,,3,Light,0,-1,3.02,45.653,10.0,42633.0,42333.0,300.0,0.0,0.0,,300000000.0,0.0,300000000.0,0.0,1.0,0.0,
50000153,,,,0,,5,Light,0,-1,2.846,45.903,13.0,43057.0,42757.0,300.0,0.0,0.0,,300000000.0,0.0,300000000.0,0.0,1.0,0.0,
153,,,,0,,0,Light,0,-1,3.126,45.906,13.0,42780.0,42480.0,300.0,0.0,0.0,,300000000.0,0.0,300000000.0,0.0,1.0,0.0,
20000153,,,,0,,2,Light,0,-1,3.173,45.916,17.0,42743.0,42443.0,300.0,0.0,0.0,,300000000.0,0.0,300000000.0,0.0,1.0,0.0,
10000153,,,,0,,1,Light,0,-1,2.943,45.92,7.0,42977.0,42677.0,300.0,0.0,0.0,,300000000.0,0.0,300000000.0,0.0,1.0,0.0,
40000153,,,,0,,4,Light,0,-1,3.163,45.943,30.0,42780.0,42480.0,300.0,0.0,0.0,,300000000.0,0.0,300000000.0,0.0,1.0,0.0,
30000153,,,,0,,3,Light,0,-1,3.023,45.953,3.0,42930.0,42630.0,300.0,0.0,0.0,,300000000.0,0.0,300000000.0,0.0,1.0,0.0,
50000154,,,,0,,5,Light,0,-1,2.853,46.203,7.0,43350.0,43050.0,300.0,0.0,0.0,,300000000.0,0.0,300000000.0,0.0,1.0,0.0,
154,,,,0,,0,Light,0,-1,3.176,46.206,50.0,43030.0,42730.0,300.0,0.0,0.0,,300000000.0,0.0,300000000.0,0.0,1.0,0.0,
20000154,,,,0,,2,Light,0,-1,3.183,46.216,10.0,43033.0,42733.0,300.0,0.0,0.0,,300000000.0,0.0,300000000.0,0.0,1.0,0.0,
10000154,,,,0,,1,Light,0,-1,2.98,46.22,37.0,43240.0,42940.0,300.0,0.0,0.0,,300000000.0,0.0,300000000.0,0.0,1.0,0.0,
40000154,,,,0,,4,Light,0,-1,3.166,46.243,3.0,43077.0,42777.0,300.0,0.0,0.0,,300000000.0,0.0,300000000.0,0.0,1.0,0.0,
30000154,,,,0,,3,Light,0,-1,3.04,46.253,17.0,43213.0,42913.0,300.0,0.0,0.0,,300000000.0,0.0,300000000.0,0.0,1.0,0.0,
50000155,,,,0,,5,Light,0,-1,2.876,46.503,23.0,43627.0,43327.0,300.0,0.0,0.0,,300000000.0,0.0,300000000.0,0.0,1.0,0.0,
155,,,,0,,0,Light,0,-1,3.2,46.506,24.0,43306.0,43006.0,300.0,0.0,0.0,,300000000.0,0.0,300000000.0,0.0,1.0,0.0,
20000155,,,,0,,2,Light,0,-1,3.19,46.516,7.0,43326.0,43026.0,300.0,0.0,0.0,,300000000.0,0.0,300000000.0,0.0,1.0,0.0,
10000155,,,,0,,1,Light,0,-1,2.986,46.52,6.0,43534.0,43234.0,300.0,0.0,0.0,,300000000.0,0.0,300000000.0,0.0,1.0,0.0,
40000155,,,,0,,4,Light,0,-1,3.17,46.543,4.0,43373.0,43073.0,300.0,0.0,0.0,,300000000.0,0.0,300000000.0,0.0,1.0,0.0,
30000155,,,,0,,3,Light,0,-1,3.063,46.553,23.0,43490.0,43190.0,300.0,0.0,0.0,,300000000.0,0.0,300000000.0,0.0,1.0,0.0,
50000156,,,,0,,5,Light,0,-1,2.916,46.803,40.0,43887.0,43587.0,300.0,0.0,0.0,,300000000.0,0.0,300000000.0,0.0,1.0,0.0,
156,,,,0,,0,Light,0,-1,3.216,46.806,16.0,43590.0,43290.0,300.0,0.0,0.0,,300000000.0,0.0,300000000.0,0.0,1.0,0.0,
20000156,,,,0,,2,Light,0,-1,3.196,46.816,6.0,43620.0,43320.0,300.0,0.0,0.0,,300000000.0,0.0,300000000.0,0.0,1.0,0.0,
10000156,,,,0,,1,Light,0,-1,3.003,46.82,17.0,43817.0,43517.0,300.0,0.0,0.0,,300000000.0,0.0,300000000.0,0.0,1.0,0.0,
40000156,,,,0,,4,Light,0,-1,3.206,46.843,36.0,43637.0,43337.0,300.0,0.0,0.0,,300000000.0,0.0,300000000.0,0.0,1.0,0.0,
30000156,,,,0,,3,Light,0,-1,3.076,46.853,13.0,43777.0,43477.0,300.0,0.0,0.0,,300000000.0,0.0,300000000.0,0.0,1.0,0.0,
50000157,,,,0,,5,Light,0,-1,2.963,47.103,47.0,44140.0,43840.0,300.0,0.0,0.0,,300000000.0,0.0,300000000.0,0.0,1.0,0.0,
157,,,,0,,0,Light,0,-1,3.22,47.106,4.0,43886.0,43586.0,300.0,0.0,0.0,,300000000.0,0.0,300000000.0,0.0,1.0,0.0,
20000157,,,,0,,2,Light,0,-1,3.213,47.116,17.0,43903.0,43603.0,300.0,0.0,0.0,,300000000.0,0.0,300000000.0,0.0,1.0,0.0,
10000157,,,,0,,1,Light,0,-1,3.036,47.12,33.0,44084.0,43784.0,300.0,0.0,0.0,,300000000.0,0.0,300000000.0,0.0,1.0,0.0,
40000157,,,,0,,4,Light,0,-1,3.223,47.143,17.0,43920.0,43620.0,300.0,0.0,0.0,,300000000.0,0.0,300000000.0,0.0,1.0,0.0,
30000157,,,,0,,3,Light,0,-1,3.096,47.153,20.0,44057.0,43757.0,300.0,0.0,0.0,,300000000.0,0.0,300000000.0,0.0,1.0,0.0,
50000158,,,,0,,5,Light,0,-1,2.99,47.403,27.0,44413.0,44113.0,300.0,0.0,0.0,,300000000.0,0.0,300000000.0,0.0,1.0,0.0,
158,,,,0,,0,Light,0,-1,3.243,47.406,23.0,44163.0,43863.0,300.0,0.0,0.0,,300000000.0,0.0,300000000.0,0.0,1.0,0.0,
20000158,,,,0,,2,Light,0,-1,3.226,47.416,13.0,44190.0,43890.0,300.0,0.0,0.0,,300000000.0,0.0,300000000.0,0.0,1.0,0.0,
10000158,,,,0,,1,Light,0,-1,3.046,47.42,10.0,44374.0,44074.0,300.0,0.0,0.0,,300000000.0,0.0,300000000.0,0.0,1.0,0.0,
40000158,,,,0,,4,Light,0,-1,3.25,47.443,27.0,44193.0,43893.0,300.0,0.0,0.0,,300000000.0,0.0,300000000.0,0.0,1.0,0.0,
30000158,,,,0,,3,Light,0,-1,3.153,47.453,57.0,44300.0,44000.0,300.0,0.0,0.0,,300000000.0,0.0,300000000.0,0.0,1.0,0.0,
50000159,,,,0,,5,Light,0,-1,3.006,47.703,16.0,44697.0,44397.0,300.0,0.0,0.0,,300000000.0,0.0,300000000.0,0.0,1.0,0.0,
159,,,,0,,0,Light,0,-1,3.246,47.706,3.0,44460.0,44160.0,300.0,0.0,0.0,,300000000.0,0.0,300000000.0,0.0,1.0,0.0,
20000159,,,,0,,2,Light,0,-1,3.253,47.716,27.0,44463.0,44163.0,300.0,0.0,0.0,,300000000.0,0.0,300000000.0,0.0,1.0,0.0,
10000159,,,,0,,1,Light,0,-1,3.11,47.72,64.0,44610.0,44310.0,300.0,0.0,0.0,,300000000.0,0.0,300000000.0,0.0,1.0,0.0,
40000159,,,,0,,4,Light,0,-1,3.3,47.743,50.0,44443.0,44143.0,300.0,0.0,0.0,,300000000.0,0.0,300000000.0,0.0,1.0,0.0,
30000159,,,,0,,3,Light,0,-1,3.24,47.753,87.0,44513.0,44213.0,300.0,0.0,0.0,,300000000.0,0.0,300000000.0,0.0,1.0,0.0,
50000160,,,,0,,5,Light,0,-1,3.013,48.003,7.0,44990.0,44690.0,300.0,0.0,0.0,,300000000.0,0.0,300000000.0,0.0,1.0,0.0,
160,,,,0,,0,Light,0,-1,3.273,48.006,27.0,44733.0,44433.0,300.0,0.0,0.0,,300000000.0,0.0,300000000.0,0.0,1.0,0.0,
20000160,,,,0,,2,Light,0,-1,3.266,48.016,13.0,44750.0,44450.0,300.0,0.0,0.0,,300000000.0,0.0,300000000.0,0.0,1.0,0.0,
10000160,,,,0,,1,Light,0,-1,3.12,48.02,10.0,44900.0,44600.0,300.0,0.0,0.0,,300000000.0,0.0,300000000.0,0.0,1.0,0.0,
40000160,,,,0,,4,Light,0,-1,3.32,48.043,20.0,44723.0,44423.0,300.0,0.0,0.0,,300000000.0,0.0,300000000.0,0.0,1.0,0.0,
30000160,,,,0,,3,Light,0,-1,3.256,48.053,16.0,44797.0,44497.0,300.0,0.0,0.0,,300000000.0,0.0,300000000.0,0.0,1.0,0.0,
50000161,,,,0,,5,Light,0,-1,3.016,48.303,3.0,45287.0,44987.0,300.0,0.0,0.0,,300000000.0,0.0,300000000.0,0.0,1.0,0.0,
161,,,,0,,0,Light,0,-1,3.283,48.306,10.0,45023.0,44723.0,300.0,0.0,0.0,,300000000.0,0.0,300000000.0,0.0,1.0,0.0,
20000161,,,,0,,2,Light,0,-1,3.276,48.316,10.0,45040.0,44740.0,300.0,0.0,0.0,,300000000.0,0.0,300000000.0,0.0,1.0,0.0,
10000161,,,,0,,1,Light,0,-1,3.14,48.32,20.0,45180.0,44880.0,300.0,0.0,0.0,,300000000.0,0.0,300000000.0,0.0,1.0,0.0,
40000161,,,,0,,4,Light,0,-1,3.336,48.343,16.0,45007.0,44707.0,300.0,0.0,0.0,,300000000.0,0.0,300000000.0,0.0,1.0,0.0,
30000161,,,,0,,3,Light,0,-1,3.26,48.353,4.0,45093.0,44793.0,300.0,0.0,0.0,,300000000.0,0.0,300000000.0,0.0,1.0,0.0,
50000162,,,,0,,5,Light,0,-1,3.043,48.603,27.0,45560.0,45260.0,300.0,0.0,0.0,,300000000.0,0.0,300000000.0,0.0,1.0,0.0,
162,,,,0,,0,Light,0,-1,3.286,48.606,3.0,45320.0,45020.0,300.0,0.0,0.0,,300000000.0,0.0,300000000.0,0.0,1.0,0.0,
20000162,,,,0,,2,Light,0,-1,3.323,48.616,47.0,45293.0,44993.0,300.0,0.0,0.0,,300000000.0,0.0,300000000.0,0.0,1.0,0.0,
10000162,,,,0,,1,Light,0,-1,3.143,48.62,3.0,45477.0,45177.0,300.0,0.0,0.0,,300000000.0,0.0,300000000.0,0.0,1.0,0.0,
40000162,,,,0,,4,Light,0,-1,3.343,48.643,7.0,45300.0,45000.0,300.0,0.0,0.0,,300000000.0,0.0,300000000.0,0.0,1.0,0.0,
30000162,,,,0,,3,Light,0,-1,3.263,48.653,3.0,45390.0,45090.0,300.0,0.0,0.0,,300000000.0,0.0,300000000.0,0.0,1.0,0.0,
50000163,,,,0,,5,Light,0,-1,3.053,48.903,10.0,45850.0,45550.0,300.0,0.0,0.0,,300000000.0,0.0,300000000.0,0.0,1.0,0.0,
163,,,,0,,0,Light,0,-1,3.296,48.906,10.0,45610.0,45310.0,300.0,0.0,0.0,,300000000.0,0.0,300000000.0,0.0,1.0,0.0,
20000163,,,,0,,2,Light,0,-1,3.37,48.916,47.0,45546.0,45246.0,300.0,0.0,0.0,,300000000.0,0.0,300000000.0,0.0,1.0,0.0,
10000163,,,,0,,1,Light,0,-1,3.146,48.92,3.0,45774.0,45474.0,300.0,0.0,0.0,,300000000.0,0.0,300000000.0,0.0,1.0,0.0,
40000163,,,,0,,4,Light,0,-1,3.346,48.943,3.0,45597.0,45297.0,300.0,0.0,0.0,,300000000.0,0.0,300000000.0,0.0,1.0,0.0,
30000163,,,,0,,3,Light,0,-1,3.28,48.953,17.0,45673.0,45373.0,300.0,0.0,0.0,,300000000.0,0.0,300000000.0,0.0,1.0,0.0,
50000164,,,,0,,5,Light,0,-1,3.08,49.203,27.0,46123.0,45823.0,300.0,0.0,0.0,,300000000.0,0.0,300000000.0,0.0,1.0,0.0,
164,,,,0,,0,Light,0,-1,3.31,49.206,14.0,45896.0,45596.0,300.0,0.0,0.0,,300000000.0,0.0,300000000.0,0.0,1.0,0.0,
20000164,,,,0,,2,Light,0,-1,3.38,49.216,10.0,45836.0,45536.0,300.0,0.0,0.0,,300000000.0,0.0,300000000.0,0.0,1.0,0.0,
10000164,,,,0,,1,Light,0,-1,3.18,49.22,34.0,46040.0,45740.0,300.0,0.0,0.0,,300000000.0,0.0,300000000.0,0.0,1.0,0.0,
40000164,,,,0,,4,Light,0,-1,3.35,49.243,4.0,45893.0,45593.0,300.0,0.0,0.0,,300000000.0,0.0,300000000.0,0.0,1.0,0.0,
30000164,,,,0,,3,Light,0,-1,3.29,49.253,10.0,45963.0,45663.0,300.0,0.0,0.0,,300000000.0,0.0,300000000.0,0.0,1.0,0.0,
50000165,,,,0,,5,Light,0,-1,3.093,49.503,13.0,46410.0,46110.0,300.0,0.0,0.0,,300000000.0,0.0,300000000.0,0.0,1.0,0.0,
165,,,,0,,0,Light,0,-1,3.326,49.506,16.0,46180.0,45880.0,300.0,0.0,0.0,,300000000.0,0.0,300000000.0,0.0,1.0,0.0,
20000165,,,,0,,2,Light,0,-1,3.413,49.516,33.0,46103.0,45803.0,300.0,0.0,0.0,,300000000.0,0.0,300000000.0,0.0,1.0,0.0,
10000165,,,,0,,1,Light,0,-1,3.186,49.52,6.0,46334.0,46034.0,300.0,0.0,0.0,,300000000.0,0.0,300000000.0,0.0,1.0,0.0,
40000165,,,,0,,4,Light,0,-1,3.356,49.543,6.0,46187.0,45887.0,300.0,0.0,0.0,,300000000.0,0.0,300000000.0,0.0,1.0,0.0,
30000165,,,,0,,3,Light,0,-1,3.293,49.553,3.0,46260.0,45960.0,300.0,0.0,0.0,,300000000.0,0.0,300000000.0,0.0,1.0,0.0,
50000166,,,,0,,5,Light,0,-1,3.116,49.803,23.0,46687.0,46387.0,300.0,0.0,0.0,,300000000.0,0.0,300000000.0,0.0,1.0,0.0,
166,,,,0,,0,Light,0,-1,3.333,49.806,7.0,46473.0,46173.0,300.0,0.0,0.0,,300000000.0,0.0,300000000.0,0.0,1.0,0.0,
20000166,,,,0,,2,Light,0,-1,3.463,49.816,50.0,46353.0,46053.0,300.0,0.0,0.0,,300000000.0,0.0,300000000.0,0.0,1.0,0.0,
10000166,,,,0,,1,Light,0,-1,3.193,49.82,7.0,46627.0,46327.0,300.0,0.0,0.0,,300000000.0,0.0,300000000.0,0.0,1.0,0.0,
40000166,,,,0,,4,Light,0,-1,3.373,49.843,17.0,46470.0,46170.0,300.0,0.0,0.0,,300000000.0,0.0,300000000.0,0.0,1.0,0.0,
30000166,,,,0,,3,Light,0,-1,3.34,49.853,47.0,46513.0,46213.0,300.0,0.0,0.0,,300000000.0,0.0,300000000.0,0.0,1.0,0.0,
50000167,,,,0,,5,Light,0,-1,3.13,50.103,14.0,46973.0,46673.0,300.0,0.0,0.0,,300000000.0,0.0,300000000.0,0.0,1.0,0.0,
167,,,,0,,0,Light,0,-1,3.39,50.106,57.0,46716.0,46416.0,300.0,0.0,0.0,,300000000.0,0.0,300000000.0,0.0,1.0,0.0,
20000167,,,,0,,2,Light,0,-1,3.473,50.116,10.0,46643.0,46343.0,300.0,0.0,0.0,,300000000.0,0.0,300000000.0,0.0,1.0,0.0,
10000167,,,,0,,1,Light,0,-1,3.21,50.12,17.0,46910.0,46610.0,300.0,0.0,0.0,,300000000.0,0.0,300000000.0,0.0,1.0,0.0,
40000167,,,,0,,4,Light,0,-1,3.383,50.143,10.0,46760.0,46460.0,300.0,0.0,0.0,,300000000.0,0.0,300000000.0,0.0,1.0,0.0,
30000167,,,,0,,3,Light,0,-1,3.36,50.153,20.0,46793.0,46493.0,300.0,0.0,0.0,,300000000.0,0.0,300000000.0,0.0,1.0,0.0,
50000168,,,,0,,5,Light,0,-1,3.136,50.403,6.0,47267.0,46967.0,300.0,0.0,0.0,,300000000.0,0.0,300000000.0,0.0,1.0,0.0,
168,,,,0,,0,Light,0,-1,3.4,50.406,10.0,47006.0,46706.0,300.0,0.0,0.0,,300000000.0,0.0,300000000.0,0.0,1.0,0.0,
20000168,,,,0,,2,Light,0,-1,3.48,50.416,7.0,46936.0,46636.0,300.0,0.0,0.0,,300000000.0,0.0,300000000.0,0.0,1.0,0.0,
10000168,,,,0,,1,Light,0,-1,3.233,50.42,23.0,47187.0,46887.0,300.0,0.0,0.0,,300000000.0,0.0,300000000.0,0.0,1.0,0.0,
40000168,,,,0,,4,Light,0,-1,3.386,50.443,3.0,47057.0,46757.0,300.0,0.0,0.0,,300000000.0,0.0,300000000.0,0.0,1.0,0.0,
30000168,,,,0,,3,Light,0,-1,3.363,50.453,3.0,47090.0,46790.0,300.0,0.0,0.0,,300000000.0,0.0,300000000.0,0.0,1.0,0.0,
50000169,,,,0,,5,Light,0,-1,3.15,50.703,14.0,47553.0,47253.0,300.0,0.0,0.0,,300000000.0,0.0,300000000.0,0.0,1.0,0.0,
169,,,,0,,0,Light,0,-1,3.42,50.706,20.0,47286.0,46986.0,300.0,0.0,0.0,,300000000.0,0.0,300000000.0,0.0,1.0,0.0,
20000169,,,,0,,2,Light,0,-1,3.5,50.716,20.0,47216.0,46916.0,300.0,0.0,0.0,,300000000.0,0.0,300000000.0,0.0,1.0,0.0,
10000169,,,,0,,1,Light,0,-1,3.27,50.72,37.0,47450.0,47150.0,300.0,0.0,0.0,,300000000.0,0.0,300000000.0,0.0,1.0,0.0,
40000169,,,,0,,4,Light,0,-1,3.393,50.743,7.0,47350.0,47050.0,300.0,0.0,0.0,,300000000.0,0.0,300000000.0,0.0,1.0,0.0,
30000169,,,,0,,3,Light,0,-1,3.366,50.753,3.0,47387.0,47087.0,300.0,0.0,0.0,,300000000.0,0.0,300000000.0,0.0,1.0,0.0,
50000170,,,,0,,5,Light,0,-1,3.16,51.003,10.0,47843.0,47543.0,300.0,0.0,0.0,,300000000.0,0.0,300000000.0,0.0,1.0,0.0,
170,,,,0,,0,Light,0,-1,3.436,51.006,16.0,47570.0,47270.0,300.0,0.0,0.0,,300000000.0,0.0,300000000.0,0.0,1.0,0.0,
20000170,,,,0,,2,Light,0,-1,3.536,51.016,36.0,47480.0,47180.0,300.0,0.0,0.0,,300000000.0,0.0,300000000.0,0.0,1.0,0.0,
10000170,,,,0,,1,Light,0,-1,3.313,51.02,43.0,47707.0,47407.0,300.0,0.0,0.0,,300000000.0,0.0,300000000.0,0.0,1.0,0.0,
40000170,,,,0,,4,Light,0,-1,3.433,51.043,40.0,47610.0,47310.0,300.0,0.0,0.0,,300000000.0,0.0,300000000.0,0.0,1.0,0.0,
30000170,,,,0,,3,Light,0,-1,3.376,51.053,10.0,47677.0,47377.0,300.0,0.0,0.0,,300000000.0,0.0,300000000.0,0.0,1.0,0.0,
50000171,,,,0,,5,Light,0,-1,3.203,51.303,43.0,48100.0,47800.0,300.0,0.0,0.0,,300000000.0,0.0,300000000.0,0.0,1.0,0.0,
171,,,,0,,0,Light,0,-1,3.443,51.306,7.0,47863.0,47563.0,300.0,0.0,0.0,,300000000.0,0.0,300000000.0,0.0,1.0,0.0,
20000171,,,,0,,2,Light,0,-1,3.553,51.316,17.0,47763.0,47463.0,300.0,0.0,0.0,,300000000.0,0.0,300000000.0,0.0,1.0,0.0,
10000171,,,,0,,1,Light,0,-1,3.316,51.32,3.0,48004.0,47704.0,300.0,0.0,0.0,,300000000.0,0.0,300000000.0,0.0,1.0,0.0,
40000171,,,,0,,4,Light,0,-1,3.456,51.343,23.0,47887.0,47587.0,300.0,0.0,0.0,,300000000.0,0.0,300000000.0,0.0,1.0,0.0,
30000171,,,,0,,3,Light,0,-1,3.446,51.353,70.0,47907.0,47607.0,300.0,0.0,0.0,,300000000.0,0.0,300000000.0,0.0,1.0,0.0,
50000172,,,,0,,5,Light,0,-1,3.23,51.603,27.0,48373.0,48073.0,300.0,0.0,0.0,,300000000.0,0.0,300000000.0,0.0,1.0,0.0,
172,,,,0,,0,Light,0,-1,3.466,51.606,23.0,48140.0,47840.0,300.0,0.0,0.0,,300000000.0,0.0,300000000.0,0.0,1.0,0.0,
20000172,,,,0,,2,Light,0,-1,3.566,51.616,13.0,48050.0,47750.0,300.0,0.0,0.0,,300000000.0,0.0,300000000.0,0.0,1.0,0.0,
10000172,,,,0,,1,Light,0,-1,3.33,51.62,14.0,48290.0,47990.0,300.0,0.0,0.0,,300000000.0,0.0,300000000.0,0.0,1.0,0.0,
40000172,,,,0,,4,Light,0,-1,3.506,51.643,50.0,48137.0,47837.0,300.0,0.0,0.0,,300000000.0,0.0,300000000.0,0.0,1.0,0.0,
30000172,,,,0,,3,Light,0,-1,3.45,51.653,4.0,48203.0,47903.0,300.0,0.0,0.0,,300000000.0,0.0,300000000.0,0.0,1.0,0.0,
50000173,,,,0,,5,Light,0,-1,3.236,51.903,6.0,48667.0,48367.0,300.0,0.0,0.0,,300000000.0,0.0,300000000.0,0.0,1.0,0.0,
173,,,,0,,0,Light,0,-1,3.49,51.906,24.0,48416.0,48116.0,300.0,0.0,0.0,,300000000.0,0.0,300000000.0,0.0,1.0,0.0,
20000173,,,,0,,2,Light,0,-1,3.583,51.916,17.0,48333.0,48033.0,300.0,0.0,0.0,,300000000.0,0.0,300000000.0,0.0,1.0,0.0,
10000173,,,,0,,1,Light,0,-1,3.353,51.92,23.0,48567.0,48267.0,300.0,0.0,0.0,,300000000.0,0.0,300000000.0,0.0,1.0,0.0,
40000173,,,,0,,4,Light,0,-1,3.523,51.943,17.0,48420.0,48120.0,300.0,0.0,0.0,,300000000.0,0.0,300000000.0,0.0,1.0,0.0,
30000173,,,,0,,3,Light,0,-1,3.46,51.953,10.0,48493.0,48193.0,300.0,0.0,0.0,,300000000.0,0.0,300000000.0,0.0,1.0,0.0,
50000174,,,,0,,5,Light,0,-1,3.303,52.203,67.0,48900.0,48600.0,300.0,0.0,0.0,,300000000.0,0.0,300000000.0,0.0,1.0,0.0,
174,,,,0,,0,Light,0,-1,3.52,52.206,30.0,48686.0,48386.0,300.0,0.0,0.0,,300000000.0,0.0,300000000.0,0.0,1.0,0.0,
20000174,,,,0,,2,Light,0,-1,3.593,52.216,10.0,48623.0,48323.0,300.0,0.0,0.0,,300000000.0,0.0,300000000.0,0.0,1.0,0.0,
10000174,,,,0,,1,Light,0,-1,3.403,52.22,50.0,48817.0,48517.0,300.0,0.0,0.0,,300000000.0,0.0,300000000.0,0.0,1.0,0.0,
40000174,,,,0,,4,Light,0,-1,3.556,52.243,33.0,48687.0,48387.0,300.0,0.0,0.0,,300000000.0,0.0,300000000.0,0.0,1.0,0.0,
30000174,,,,0,,3,Light,0,-1,3.486,52.253,26.0,48767.0,48467.0,300.0,0.0,0.0,,300000000.0,0.0,300000000.0,0.0,1.0,0.0,
50000175,,,,0,,5,Light,0,-1,3.306,52.503,3.0,49197.0,48897.0,300.0,0.0,0.0,,300000000.0,0.0,300000000.0,0.0,1.0,0.0,
175,,,,0,,0,Light,0,-1,3.543,52.506,23.0,48963.0,48663.0,300.0,0.0,0.0,,300000000.0,0.0,300000000.0,0.0,1.0,0.0,
20000175,,,,0,,2,Light,0,-1,3.626,52.516,33.0,48890.0,48590.0,300.0,0.0,0.0,,300000000.0,0.0,300000000.0,0.0,1.0,0.0,
10000175,,,,0,,1,Light,0,-1,3.41,52.52,7.0,49110.0,48810.0,300.0,0.0,0.0,,300000000.0,0.0,300000000.0,0.0,1.0,0.0,
40000175,,,,0,,4,Light,0,-1,3.563,52.543,7.0,48980.0,48680.0,300.0,0.0,0.0,,300000000.0,0.0,300000000.0,0.0,1.0,0.0,
30000175,,,,0,,3,Light,0,-1,3.516,52.553,30.0,49037.0,48737.0,300.0,0.0,0.0,,300000000.0,0.0,300000000.0,0.0,1.0,0.0,
50000176,,,,0,,5,Light,0,-1,3.396,52.803,90.0,49407.0,49107.0,300.0,0.0,0.0,,300000000.0,0.0,300000000.0,0.0,1.0,0.0,
176,,,,0,,0,Light,0,-1,3.546,52.806,3.0,49260.0,48960.0,300.0,0.0,0.0,,300000000.0,0.0,300000000.0,0.0,1.0,0.0,
20000176,,,,0,,2,Light,0,-1,3.633,52.816,7.0,49183.0,48883.0,300.0,0.0,0.0,,300000000.0,0.0,300000000.0,0.0,1.0,0.0,
10000176,,,,0,,1,Light,0,-1,3.423,52.82,13.0,49397.0,49097.0,300.0,0.0,0.0,,300000000.0,0.0,300000000.0,0.0,1.0,0.0,
40000176,,,,0,,4,Light,0,-1,3.596,52.843,33.0,49247.0,48947.0,300.0,0.0,0.0,,300000000.0,0.0,300000000.0,0.0,1.0,0.0,
30000176,,,,0,,3,Light,0,-1,3.57,52.853,54.0,49283.0,48983.0,300.0,0.0,0.0,,300000000.0,0.0,300000000.0,0.0,1.0,0.0,
50000177,,,,0,,5,Light,0,-1,3.406,53.103,10.0,49697.0,49397.0,300.0,0.0,0.0,,300000000.0,0.0,300000000.0,0.0,1.0,0.0,
177,,,,0,,0,Light,0,-1,3.573,53.106,27.0,49533.0,49233.0,300.0,0.0,0.0,,300000000.0,0.0,300000000.0,0.0,1.0,0.0,
20000177,,,,0,,2,Light,0,-1,3.663,53.116,30.0,49453.0,49153.0,300.0,0.0,0.0,,300000000.0,0.0,300000000.0,0.0,1.0,0.0,
10000177,,,,0,,1,Light,0,-1,3.426,53.12,3.0,49694.0,49394.0,300.0,0.0,0.0,,300000000.0,0.0,300000000.0,0.0,1.0,0.0,
40000177,,,,0,,4,Light,0,-1,3.6,53.143,4.0,49543.0,49243.0,300.0,0.0,0.0,,300000000.0,0.0,300000000.0,0.0,1.0,0.0,
30000177,,,,0,,3,Light,0,-1,3.576,53.153,6.0,49577.0,49277.0,300.0,0.0,0.0,,300000000.0,0.0,300000000.0,0.0,1.0,0.0,
50000178,,,,0,,5,Light,0,-1,3.416,53.403,10.0,49987.0,49687.0,300.0,0.0,0.0,,300000000.0,0.0,300000000.0,0.0,1.0,0.0,
178,,,,0,,0,Light,0,-1,3.61,53.406,37.0,49796.0,49496.0,300.0,0.0,0.0,,300000000.0,0.0,300000000.0,0.0,1.0,0.0,
20000178,,,,0,,2,Light,0,-1,3.69,53.416,27.0,49726.0,49426.0,300.0,0.0,0.0,,300000000.0,0.0,300000000.0,0.0,1.0,0.0,
10000178,,,,0,,1,Light,0,-1,3.43,53.42,4.0,49990.0,49690.0,300.0,0.0,0.0,,300000000.0,0.0,300000000.0,0.0,1.0,0.0,
40000178,,,,0,,4,Light,0,-1,3.613,53.443,13.0,49830.0,49530.0,300.0,0.0,0.0,,300000000.0,0.0,300000000.0,0.0,1.0,0.0,
30000178,,,,0,,3,Light,0,-1,3.59,53.453,14.0,49863.0,49563.0,300.0,0.0,0.0,,300000000.0,0.0,300000000.0,0.0,1.0,0.0,
50000179,,,,0,,5,Light,0,-1,3.453,53.703,37.0,50250.0,49950.0,300.0,0.0,0.0,,300000000.0,0.0,300000000.0,0.0,1.0,0.0,
179,,,,0,,0,Light,0,-1,3.616,53.706,6.0,50090.0,49790.0,300.0,0.0,0.0,,300000000.0,0.0,300000000.0,0.0,1.0,0.0,
20000179,,,,0,,2,Light,0,-1,3.716,53.716,26.0,50000.0,49700.0,300.0,0.0,0.0,,300000000.0,0.0,300000000.0,0.0,1.0,0.0,
10000179,,,,0,,1,Light,0,-1,3.44,53.72,10.0,50280.0,49980.0,300.0,0.0,0.0,,300000000.0,0.0,300000000.0,0.0,1.0,0.0,
40000179,,,,0,,4,Light,0,-1,3.63,53.743,17.0,50113.0,49813.0,300.0,0.0,0.0,,300000000.0,0.0,300000000.0,0.0,1.0,0.0,
30000179,,,,0,,3,Light,0,-1,3.603,53.753,13.0,50150.0,49850.0,300.0,0.0,0.0,,300000000.0,0.0,300000000.0,0.0,1.0,0.0,
50000180,,,,0,,5,Light,0,-1,3.476,54.003,23.0,50527.0,50227.0,300.0,0.0,0.0,,300000000.0,0.0,300000000.0,0.0,1.0,0.0,
180,,,,0,,0,Light,0,-1,3.636,54.006,20.0,50370.0,50070.0,300.0,0.0,0.0,,300000000.0,0.0,300000000.0,0.0,1.0,0.0,
20000180,,,,0,,2,Light,0,-1,3.723,54.016,7.0,50293.0,49993.0,300.0,0.0,0.0,,300000000.0,0.0,300000000.0,0.0,1.0,0.0,
10000180,,,,0,,1,Light,0,-1,3.47,54.02,30.0,50550.0,50250.0,300.0,0.0,0.0,,300000000.0,0.0,300000000.0,0.0,1.0,0.0,
40000180,,,,0,,4,Light,0,-1,3.65,54.043,20.0,50393.0,50093.0,300.0,0.0,0.0,,300000000.0,0.0,300000000.0,0.0,1.0,0.0,
30000180,,,,0,,3,Light,0,-1,3.606,54.053,3.0,50447.0,50147.0,300.0,0.0,0.0,,300000000.0,0.0,300000000.0,0.0,1.0,0.0,
50000181,,,,0,,5,Light,0,-1,3.483,54.303,7.0,50820.0,50520.0,300.0,0.0,0.0,,300000000.0,0.0,300000000.0,0.0,1.0,0.0,
181,,,,0,,0,Light,0,-1,3.64,54.306,4.0,50666.0,50366.0,300.0,0.0,0.0,,300000000.0,0.0,300000000.0,0.0,1.0,0.0,
20000181,,,,0,,2,Light,0,-1,3.726,54.316,3.0,50590.0,50290.0,300.0,0.0,0.0,,300000000.0,0.0,300000000.0,0.0,1.0,0.0,
10000181,,,,0,,1,Light,0,-1,3.496,54.32,26.0,50824.0,50524.0,300.0,0.0,0.0,,300000000.0,0.0,300000000.0,0.0,1.0,0.0,
40000181,,,,0,,4,Light,0,-1,3.653,54.343,3.0,50690.0,50390.0,300.0,0.0,0.0,,300000000.0,0.0,300000000.0,0.0,1.0,0.0,
30000181,,,,0,,3,Light,0,-1,3.62,54.353,14.0,50733.0,50433.0,300.0,0.0,0.0,,300000000.0,0.0,300000000.0,0.0,1.0,0.0,
50000182,,,,0,,5,Light,0,-1,3.493,54.603,10.0,51110.0,50810.0,300.0,0.0,0.0,,300000000.0,0.0,300000000.0,0.0,1.0,0.0,
182,,,,0,,0,Light,0,-1,3.656,54.606,16.0,50950.0,50650.0,300.0,0.0,0.0,,300000000.0,0.0,300000000.0,0.0,1.0,0.0,
20000182,,,,0,,2,Light,0,-1,3.74,54.616,14.0,50876.0,50576.0,300.0,0.0,0.0,,300000000.0,0.0,300000000.0,0.0,1.0,0.0,
10000182,,,,0,,1,Light,0,-1,3.513,54.62,17.0,51107.0,50807.0,300.0,0.0,0.0,,300000000.0,0.0,300000000.0,0.0,1.0,0.0,
40000182,,,,0,,4,Light,0,-1,3.666,54.643,13.0,50977.0,50677.0,300.0,0.0,0.0,,300000000.0,0.0,300000000.0,0.0,1.0,0.0,
30000182,,,,0,,3,Light,0,-1,3.676,54.653,56.0,50977.0,50677.0,300.0,0.0,0.0,,300000000.0,0.0,300000000.0,0.0,1.0,0.0,
50000183,,,,0,,5,Light,0,-1,3.503,54.903,10.0,51400.0,51100.0,300.0,0.0,0.0,,300000000.0,0.0,300000000.0,0.0,1.0,0.0,
183,,,,0,,0,Light,0,-1,3.67,54.906,14.0,51236.0,50936.0,300.0,0.0,0.0,,300000000.0,0.0,300000000.0,0.0,1.0,0.0,
20000183,,,,0,,2,Light,0,-1,3.753,54.916,13.0,51163.0,50863.0,300.0,0.0,0.0,,300000000.0,0.0,300000000.0,0.0,1.0,0.0,
10000183,,,,0,,1,Light,0,-1,3.526,54.92,13.0,51394.0,51094.0,300.0,0.0,0.0,,300000000.0,0.0,300000000.0,0.0,1.0,0.0,
40000183,,,,0,,4,Light,0,-1,3.68,54.943,14.0,51263.0,50963.0,300.0,0.0,0.0,,300000000.0,0.0,300000000.0,0.0,1.0,0.0,
30000183,,,,0,,3,Light,0,-1,3.686,54.953,10.0,51267.0,50967.0,300.0,0.0,0.0,,300000000.0,0.0,300000000.0,0.0,1.0,0.0,
50000184,,,,0,,5,Light,0,-1,3.51,55.203,7.0,51693.0,51393.0,300.0,0.0,0.0,,300000000.0,0.0,300000000.0,0.0,1.0,0.0,
184,,,,0,,0,Light,0,-1,3.71,55.206,40.0,51496.0,51196.0,300.0,0.0,0.0,,300000000.0,0.0,300000000.0,0.0,1.0,0.0,
20000184,,,,0,,2,Light,0,-1,3.776,55.216,23.0,51440.0,51140.0,300.0,0.0,0.0,,300000000.0,0.0,300000000.0,0.0,1.0,0.0,
10000184,,,,0,,1,Light,0,-1,3.533,55.22,7.0,51687.0,51387.0,300.0,0.0,0.0,,300000000.0,0.0,300000000.0,0.0,1.0,0.0,
40000184,,,,0,,4,Light,0,-1,3.696,55.243,16.0,51547.0,51247.0,300.0,0.0,0.0,,300000000.0,0.0,300000000.0,0.0,1.0,0.0,
30000184,,,,0,,3,Light,0,-1,3.7,55.253,14.0,51553.0,51253.0,300.0,0.0,0.0,,300000000.0,0.0,300000000.0,0.0,1.0,0.0,
50000185,,,,0,,5,Light,0,-1,3.53,55.503,20.0,51973.0,51673.0,300.0,0.0,0.0,,300000000.0,0.0,300000000.0,0.0,1.0,0.0,
185,,,,0,,0,Light,0,-1,3.733,55.506,23.0,51773.0,51473.0,300.0,0.0,0.0,,300000000.0,0.0,300000000.0,0.0,1.0,0.0,
20000185,,,,0,,2,Light,0,-1,3.78,55.516,4.0,51736.0,51436.0,300.0,0.0,0.0,,300000000.0,0.0,300000000.0,0.0,1.0,0.0,
10000185,,,,0,,1,Light,0,-1,3.54,55.52,7.0,51980.0,51680.0,300.0,0.0,0.0,,300000000.0,0.0,300000000.0,0.0,1.0,0.0,
40000185,,,,0,,4,Light,0,-1,3.763,55.543,67.0,51780.0,51480.0,300.0,0.0,0.0,,300000000.0,0.0,300000000.0,0.0,1.0,0.0,
30000185,,,,0,,3,Light,0,-1,3.706,55.553,6.0,51847.0,51547.0,300.0,0.0,0.0,,300000000.0,0.0,300000000.0,0.0,1.0,0.0,
50000186,,,,0,,5,Light,0,-1,3.56,55.803,30.0,52243.0,51943.0,300.0,0.0,0.0,,300000000.0,0.0,300000000.0,0.0,1.0,0.0,
186,,,,0,,0,Light,0,-1,3.766,55.806,33.0,52040.0,51740.0,300.0,0.0,0.0,,300000000.0,0.0,300000000.0,0.0,1.0,0.0,
20000186,,,,0,,2,Light,0,-1,3.783,55.816,3.0,52033.0,51733.0,300.0,0.0,0.0,,300000000.0,0.0,300000000.0,0.0,1.0,0.0,
10000186,,,,0,,1,Light,0,-1,3.55,55.82,10.0,52270.0,51970.0,300.0,0.0,0.0,,300000000.0,0.0,300000000.0,0.0,1.0,0.0,
40000186,,,,0,,4,Light,0,-1,3.793,55.843,30.0,52050.0,51750.0,300.0,0.0,0.0,,300000000.0,0.0,300000000.0,0.0,1.0,0.0,
30000186,,,,0,,3,Light,0,-1,3.713,55.853,7.0,52140.0,51840.0,300.0,0.0,0.0,,300000000.0,0.0,300000000.0,0.0,1.0,0.0,
50000187,,,,0,,5,Light,0,-1,3.58,56.103,20.0,52523.0,52223.0,300.0,0.0,0.0,,300000000.0,0.0,300000000.0,0.0,1.0,0.0,
187,,,,0,,0,Light,0,-1,3.773,56.106,7.0,52333.0,52033.0,300.0,0.0,0.0,,300000000.0,0.0,300000000.0,0.0,1.0,0.0,
20000187,,,,0,,2,Light,0,-1,3.823,56.116,40.0,52293.0,51993.0,300.0,0.0,0.0,,300000000.0,0.0,300000000.0,0.0,1.0,0.0,
10000187,,,,0,,1,Light,0,-1,3.643,56.12,93.0,52477.0,52177.0,300.0,0.0,0.0,,300000000.0,0.0,300000000.0,0.0,1.0,0.0,
40000187,,,,0,,4,Light,0,-1,3.803,56.143,10.0,52340.0,52040.0,300.0,0.0,0.0,,300000000.0,0.0,300000000.0,0.0,1.0,0.0,
30000187,,,,0,,3,Light,0,-1,3.72,56.153,7.0,52433.0,52133.0,300.0,0.0,0.0,,300000000.0,0.0,300000000.0,0.0,1.0,0.0,
50000188,,,,0,,5,Light,0,-1,3.586,56.403,6.0,52817.0,52517.0,300.0,0.0,0.0,,300000000.0,0.0,300000000.0,0.0,1.0,0.0,
188,,,,0,,0,Light,0,-1,3.786,56.406,13.0,52620.0,52320.0,300.0,0.0,0.0,,300000000.0,0.0,300000000.0,0.0,1.0,0.0,
20000188,,,,0,,2,Light,0,-1,3.846,56.416,23.0,52570.0,52270.0,300.0,0.0,0.0,,300000000.0,0.0,300000000.0,0.0,1.0,0.0,
10000188,,,,0,,1,Light,0,-1,3.673,56.42,30.0,52747.0,52447.0,300.0,0.0,0.0,,300000000.0,0.0,300000000.0,0.0,1.0,0.0,
40000188,,,,0,,4,Light,0,-1,3.82,56.443,17.0,52623.0,52323.0,300.0,0.0,0.0,,300000000.0,0.0,300000000.0,0.0,1.0,0.0,
30000188,,,,0,,3,Light,0,-1,3.743,56.453,23.0,52710.0,52410.0,300.0,0.0,0.0,,300000000.0,0.0,300000000.0,0.0,1.0,0.0,
50000189,,,,0,,5,Light,0,-1,3.623,56.703,37.0,53080.0,52780.0,300.0,0.0,0.0,,300000000.0,0.0,300000000.0,0.0,1.0,0.0,
189,,,,0,,0,Light,0,-1,3.796,56.706,10.0,52910.0,52610.0,300.0,0.0,0.0,,300000000.0,0.0,300000000.0,0.0,1.0,0.0,
20000189,,,,0,,2,Light,0,-1,3.856,56.716,10.0,52860.0,52560.0,300.0,0.0,0.0,,300000000.0,0.0,300000000.0,0.0,1.0,0.0,
10000189,,,,0,,1,Light,0,-1,3.693,56.72,20.0,53027.0,52727.0,300.0,0.0,0.0,,300000000.0,0.0,300000000.0,0.0,1.0,0.0,
40000189,,,,0,,4,Light,0,-1,3.826,56.743,6.0,52917.0,52617.0,300.0,0.0,0.0,,300000000.0,0.0,300000000.0,0.0,1.0,0.0,
30000189,,,,0,,3,Light,0,-1,3.75,56.753,7.0,53003.0,52703.0,300.0,0.0,0.0,,300000000.0,0.0,300000000.0,0.0,1.0,0.0,
50000190,,,,0,,5,Light,0,-1,3.646,57.003,23.0,53357.0,53057.0,300.0,0.0,0.0,,300000000.0,0.0,300000000.0,0.0,1.0,0.0,
190,,,,0,,0,Light,0,-1,3.813,57.006,17.0,53193.0,52893.0,300.0,0.0,0.0,,300000000.0,0.0,300000000.0,0.0,1.0,0.0,
20000190,,,,0,,2,Light,0,-1,3.893,57.016,37.0,53123.0,52823.0,300.0,0.0,0.0,,300000000.0,0.0,300000000.0,0.0,1.0,0.0,
10000190,,,,0,,1,Light,0,-1,3.736,57.02,43.0,53284.0,52984.0,300.0,0.0,0.0,,300000000.0,0.0,300000000.0,0.0,1.0,0.0,
40000190,,,,0,,4,Light,0,-1,3.85,57.043,24.0,53193.0,52893.0,300.0,0.0,0.0,,300000000.0,0.0,300000000.0,0.0,1.0,0.0,
30000190,,,,0,,3,Light,0,-1,3.76,57.053,10.0,53293.0,52993.0,300.0,0.0,0.0,,300000000.0,0.0,300000000.0,0.0,1.0,0.0,
50000191,,,,0,,5,Light,0,-1,3.66,57.303,14.0,53643.0,53343.0,300.0,0.0,0.0,,300000000.0,0.0,300000000.0,0.0,1.0,0.0,
191,,,,0,,0,Light,0,-1,3.84,57.306,27.0,53466.0,53166.0,300.0,0.0,0.0,,300000000.0,0.0,300000000.0,0.0,1.0,0.0,
20000191,,,,0,,2,Light,0,-1,3.94,57.316,47.0,53376.0,53076.0,300.0,0.0,0.0,,300000000.0,0.0,300000000.0,0.0,1.0,0.0,
10000191,,,,0,,1,Light,0,-1,3.816,57.32,80.0,53504.0,53204.0,300.0,0.0,0.0,,300000000.0,0.0,300000000.0,0.0,1.0,0.0,
40000191,,,,0,,4,Light,0,-1,3.88,57.343,30.0,53463.0,53163.0,300.0,0.0,0.0,,300000000.0,0.0,300000000.0,0.0,1.0,0.0,
30000191,,,,0,,3,Light,0,-1,3.77,57.353,10.0,53583.0,53283.0,300.0,0.0,0.0,,300000000.0,0.0,300000000.0,0.0,1.0,0.0,
50000192,,,,0,,5,Light,0,-1,3.683,57.603,23.0,53920.0,53620.0,300.0,0.0,0.0,,300000000.0,0.0,300000000.0,0.0,1.0,0.0,
192,,,,0,,0,Light,0,-1,3.87,57.606,30.0,53736.0,53436.0,300.0,0.0,0.0,,300000000.0,0.0,300000000.0,0.0,1.0,0.0,
20000192,,,,0,,2,Light,0,-1,3.95,57.616,10.0,53666.0,53366.0,300.0,0.0,0.0,,300000000.0,0.0,300000000.0,0.0,1.0,0.0,
10000192,,,,0,,1,Light,0,-1,3.843,57.62,27.0,53777.0,53477.0,300.0,0.0,0.0,,300000000.0,0.0,300000000.0,0.0,1.0,0.0,
40000192,,,,0,,4,Light,0,-1,3.896,57.643,16.0,53747.0,53447.0,300.0,0.0,0.0,,300000000.0,0.0,300000000.0,0.0,1.0,0.0,
30000192,,,,0,,3,Light,0,-1,3.79,57.653,20.0,53863.0,53563.0,300.0,0.0,0.0,,300000000.0,0.0,300000000.0,0.0,1.0,0.0,
50000193,,,,0,,5,Light,0,-1,3.703,57.903,20.0,54200.0,53900.0,300.0,0.0,0.0,,300000000.0,0.0,300000000.0,0.0,1.0,0.0,
193,,,,0,,0,Light,0,-1,3.873,57.906,3.0,54033.0,53733.0,300.0,0.0,0.0,,300000000.0,0.0,300000000.0,0.0,1.0,0.0,
20000193,,,,0,,2,Light,0,-1,4.0,57.916,50.0,53916.0,53616.0,300.0,0.0,0.0,,300000000.0,0.0,300000000.0,0.0,1.0,0.0,
10000193,,,,0,,1,Light,0,-1,3.853,57.92,10.0,54067.0,53767.0,300.0,0.0,0.0,,300000000.0,0.0,300000000.0,0.0,1.0,0.0,
40000193,,,,0,,4,Light,0,-1,3.903,57.943,7.0,54040.0,53740.0,300.0,0.0,0.0,,300000000.0,0.0,300000000.0,0.0,1.0,0.0,
30000193,,,,0,,3,Light,0,-1,3.806,57.953,16.0,54147.0,53847.0,300.0,0.0,0.0,,300000000.0,0.0,300000000.0,0.0,1.0,0.0,
50000194,,,,0,,5,Light,0,-1,3.73,58.203,27.0,54473.0,54173.0,300.0,0.0,0.0,,300000000.0,0.0,300000000.0,0.0,1.0,0.0,
194,,,,0,,0,Light,0,-1,3.9,58.206,27.0,54306.0,54006.0,300.0,0.0,0.0,,300000000.0,0.0,300000000.0,0.0,1.0,0.0,
20000194,,,,0,,2,Light,0,-1,4.006,58.216,6.0,54210.0,53910.0,300.0,0.0,0.0,,300000000.0,0.0,300000000.0,0.0,1.0,0.0,
10000194,,,,0,,1,Light,0,-1,3.883,58.22,30.0,54337.0,54037.0,300.0,0.0,0.0,,300000000.0,0.0,300000000.0,0.0,1.0,0.0,
40000194,,,,0,,4,Light,0,-1,3.943,58.243,40.0,54300.0,54000.0,300.0,0.0,0.0,,300000000.0,0.0,300000000.0,0.0,1.0,0.0,
30000194,,,,0,,3,Light,0,-1,3.81,58.253,4.0,54443.0,54143.0,300.0,0.0,0.0,,300000000.0,0.0,300000000.0,0.0,1.0,0.0,
50000195,,,,0,,5,Light,0,-1,3.746,58.503,16.0,54757.0,54457.0,300.0,0.0,0.0,,300000000.0,0.0,300000000.0,0.0,1.0,0.0,
195,,,,0,,0,Light,0,-1,3.91,58.506,10.0,54596.0,54296.0,300.0,0.0,0.0,,300000000.0,0.0,300000000.0,0.0,1.0,0.0,
20000195,,,,0,,2,Light,0,-1,4.013,58.516,7.0,54503.0,54203.0,300.0,0.0,0.0,,300000000.0,0.0,300000000.0,0.0,1.0,0.0,
10000195,,,,0,,1,Light,0,-1,3.89,58.52,7.0,54630.0,54330.0,300.0,0.0,0.0,,300000000.0,0.0,300000000.0,0.0,1.0,0.0,
40000195,,,,0,,4,Light,0,-1,3.97,58.543,27.0,54573.0,54273.0,300.0,0.0,0.0,,300000000.0,0.0,300000000.0,0.0,1.0,0.0,
30000195,,,,0,,3,Light,0,-1,3.83,58.553,20.0,54723.0,54423.0,300.0,0.0,0.0,,300000000.0,0.0,300000000.0,0.0,1.0,0.0,
50000196,,,,0,,5,Light,0,-1,3.756,58.803,10.0,55047.0,54747.0,300.0,0.0,0.0,,300000000.0,0.0,300000000.0,0.0,1.0,0.0,
196,,,,0,,0,Light,0,-1,3.916,58.806,6.0,54890.0,54590.0,300.0,0.0,0.0,,300000000.0,0.0,300000000.0,0.0,1.0,0.0,
20000196,,,,0,,2,Light,0,-1,4.02,58.816,7.0,54796.0,54496.0,300.0,0.0,0.0,,300000000.0,0.0,300000000.0,0.0,1.0,0.0,
10000196,,,,0,,1,Light,0,-1,3.913,58.82,23.0,54907.0,54607.0,300.0,0.0,0.0,,300000000.0,0.0,300000000.0,0.0,1.0,0.0,
40000196,,,,0,,4,Light,0,-1,3.983,58.843,13.0,54860.0,54560.0,300.0,0.0,0.0,,300000000.0,0.0,300000000.0,0.0,1.0,0.0,
30000196,,,,0,,3,Light,0,-1,3.836,58.853,6.0,55017.0,54717.0,300.0,0.0,0.0,,300000000.0,0.0,300000000.0,0.0,1.0,0.0,
50000197,,,,0,,5,Light,0,-1,3.8,59.103,44.0,55303.0,55003.0,300.0,0.0,0.0,,300000000.0,0.0,300000000.0,0.0,1.0,0.0,
197,,,,0,,0,Light,0,-1,3.923,59.106,7.0,55183.0,54883.0,300.0,0.0,0.0,,300000000.0,0.0,300000000.0,0.0,1.0,0.0,
20000197,,,,0,,2,Light,0,-1,4.026,59.116,6.0,55090.0,54790.0,300.0,0.0,0.0,,300000000.0,0.0,300000000.0,0.0,1.0,0.0,
10000197,,,,0,,1,Light,0,-1,3.93,59.12,17.0,55190.0,54890.0,300.0,0.0,0.0,,300000000.0,0.0,300000000.0,0.0,1.0,0.0,
40000197,,,,0,,4,Light,0,-1,3.986,59.143,3.0,55157.0,54857.0,300.0,0.0,0.0,,300000000.0,0.0,300000000.0,0.0,1.0,0.0,
30000197,,,,0,,3,Light,0,-1,3.86,59.153,24.0,55293.0,54993.0,300.0,0.0,0.0,,300000000.0,0.0,300000000.0,0.0,1.0,0.0,
50000198,,,,0,,5,Light,0,-1,3.833,59.403,33.0,55570.0,55270.0,300.0,0.0,0.0,,300000000.0,0.0,300000000.0,0.0,1.0,0.0,
198,,,,0,,0,Light,0,-1,3.996,59.406,73.0,55410.0,55110.0,300.0,0.0,0.0,,300000000.0,0.0,300000000.0,0.0,1.0,0.0,
20000198,,,,0,,2,Light,0,-1,4.056,59.416,30.0,55360.0,55060.0,300.0,0.0,0.0,,300000000.0,0.0,300000000.0,0.0,1.0,0.0,
10000198,,,,0,,1,Light,0,-1,3.963,59.42,33.0,55457.0,55157.0,300.0,0.0,0.0,,300000000.0,0.0,300000000.0,0.0,1.0,0.0,
40000198,,,,0,,4,Light,0,-1,4.01,59.443,24.0,55433.0,55133.0,300.0,0.0,0.0,,300000000.0,0.0,300000000.0,0.0,1.0,0.0,
30000198,,,,0,,3,Light,0,-1,3.866,59.453,6.0,55587.0,55287.0,300.0,0.0,0.0,,300000000.0,0.0,300000000.0,0.0,1.0,0.0,
50000199,,,,0,,5,Light,0,-1,3.863,59.703,30.0,55840.0,55540.0,300.0,0.0,0.0,,300000000.0,0.0,300000000.0,0.0,1.0,0.0,
199,,,,0,,0,Light,0,-1,4.016,59.706,20.0,55690.0,55390.0,300.0,0.0,0.0,,300000000.0,0.0,300000000.0,0.0,1.0,0.0,
20000199,,,,0,,2,Light,0,-1,4.06,59.716,4.0,55656.0,55356.0,300.0,0.0,0.0,,300000000.0,0.0,300000000.0,0.0,1.0,0.0,
10000199,,,,0,,1,Light,0,-1,3.973,59.72,10.0,55747.0,55447.0,300.0,0.0,0.0,,300000000.0,0.0,300000000.0,0.0,1.0,0.0,
40000199,,,,0,,4,Light,0,-1,4.03,59.743,20.0,55713.0,55413.0,300.0,0.0,0.0,,300000000.0,0.0,300000000.0,0.0,1.0,0.0,
30000199,,,,0,,3,Light,0,-1,3.906,59.753,40.0,55847.0,55547.0,300.0,0.0,0.0,,300000000.0,0.0,300000000.0,0.0,1.0,0.0,
